


                              Fusion Compiler (TM)

                Version W-2024.09-SP3 for linux64 - Jan 16, 2025
  This release has significant feature enhancements. Please review the Release
                       Notes associated with this release.

                    Copyright (c) 1988 - 2025 Synopsys, Inc.
   This software and the associated documentation are proprietary to Synopsys,
 Inc. This software may only be used in accordance with the terms and conditions
 of a written license agreement with Synopsys, Inc. All other use, reproduction,
   or distribution of this software is strictly prohibited.  Licensed Products
     communicate with Synopsys servers for the purpose of providing software
    updates, detecting software piracy and verifying that customers are using
    Licensed Products in conformity with the applicable License Key for such
  Licensed Products. Synopsys will use information gathered in connection with
    this process to deliver software updates and pursue software pirates and
                                   infringers.

 Inclusivity & Diversity - Visit SolvNetPlus to read the "Synopsys Statement on
            Inclusivity and Diversity" (Refer to article 000036315 at
                        https://solvnetplus.synopsys.com)
 
# =============================================================================
# fc_pnr_paper_core.tcl - Fusion Compiler P&R for the ON-DIE digital core.
#
# DERIVED FROM : fc_pnr_v4paper.tcl
#
# The derivation changes exactly SIX things, every one of them a path, a name, or
# a guard - never an algorithm or an option:
#
#   1. PRJ   -> /home/<user>/sar16_work/proj_paper_core   (self-contained)
#   2. NET   -> $PRJ/mapped_ss/sar_digi_paper_core_netlist.v
#               the DESIGN COMPILER SLOW ARM, matched to the NDM's corner.
#   3. SDC   -> $PRJ/constraints/sar_digi_paper_core_pnr.sdc
#   4. TOP   -> sar_digi_paper_core
#   5. library name -> sar16_pnr_paper_core.  Unique per arm on purpose: the v3.0
#               accident was three runs all using a library called `sar16_pnr`
#               and exporting from the same working directory, so two of the
#               three delivered GDS files were a later run's output.
#   6. the pre-flight asserts the netlist really lives in proj_paper_core.
#
# NDM, TDB, TLU+, layer map and UTIL are REUSED unchanged.  They are library and
# technology facts, identical for both blocks, and reusing them is what makes the
# core's physical numbers comparable to the integrated top's.
#
# NO POWER PLAN: no UPF, no PG pins; VDD/VSS come from the enclosing analog top.
# Signal routing and timing are unaffected, but the GDS is NOT tapeout-ready in
# the power sense.
# =============================================================================
set PRJ /home/<user>/sar16_work/proj_paper_core
/home/<user>/sar16_work/proj_paper_core
if {![info exists PNR_TAG]} {
    set PNR_TAG [expr {[info exists ::env(PNR_TAG)] ? $::env(PNR_TAG) : ""}]
}
puts "INFO: PNR_TAG = '$PNR_TAG'"
INFO: PNR_TAG = ''
set PNR $PRJ/pnr${PNR_TAG}
/home/<user>/sar16_work/proj_paper_core/pnr
set OUT $PNR/out
/home/<user>/sar16_work/proj_paper_core/pnr/out
set RPT $PNR/reports
/home/<user>/sar16_work/proj_paper_core/pnr/reports
set LOG $PNR/logs
/home/<user>/sar16_work/proj_paper_core/pnr/logs
set TOP sar_digi_paper_core
sar_digi_paper_core
set TDB    /home/<user>/Project/DESIGN/SAR16_DIGI/pnr/tdb
/home/<user>/Project/DESIGN/SAR16_DIGI/pnr/tdb
set NDM    /home/<user>/Project/DESIGN/SAR16_DIGI/pnr/ndm/sar16_smic18_6lm_v4.ndm
/home/<user>/Project/DESIGN/SAR16_DIGI/pnr/ndm/sar16_smic18_6lm_v4.ndm
set TLU    $TDB/smic18_6lm.tluplus
/home/<user>/Project/DESIGN/SAR16_DIGI/pnr/tdb/smic18_6lm.tluplus
set LMAP   $TDB/smic18_6lm.map
/home/<user>/Project/DESIGN/SAR16_DIGI/pnr/tdb/smic18_6lm.map
set NET    $PRJ/mapped_ss/${TOP}_netlist.v
/home/<user>/sar16_work/proj_paper_core/mapped_ss/sar_digi_paper_core_netlist.v
set SDC    $PRJ/constraints/sar_digi_paper_core_pnr.sdc
/home/<user>/sar16_work/proj_paper_core/constraints/sar_digi_paper_core_pnr.sdc
set UTIL 0.55
0.55
puts "=============================================================="
==============================================================
puts "INFO: paper-core P&R (no reconstruction datapath)"
INFO: paper-core P&R (no reconstruction datapath)
puts "  PRJ  : $PRJ"
  PRJ  : /home/<user>/sar16_work/proj_paper_core
puts "  NDM  : $NDM   (slow-based)"
  NDM  : /home/<user>/Project/DESIGN/SAR16_DIGI/pnr/ndm/sar16_smic18_6lm_v4.ndm   (slow-based)
puts "  NET  : $NET"
  NET  : /home/<user>/sar16_work/proj_paper_core/mapped_ss/sar_digi_paper_core_netlist.v
puts "  SDC  : $SDC"
  SDC  : /home/<user>/sar16_work/proj_paper_core/constraints/sar_digi_paper_core_pnr.sdc
puts "  UTIL : $UTIL"
  UTIL : 0.55
puts "  OUT  : $PNR"
  OUT  : /home/<user>/sar16_work/proj_paper_core/pnr
puts "=============================================================="
==============================================================
# --- pre-flight --------------------------------------------------------------
foreach F [list $TLU $LMAP $NET $SDC] {
    if {![file exists $F]} {
        puts "FATAL: required input missing: $F"
        exit 1
    }
}
if {![file exists $NDM]} {
    puts "FATAL: NDM missing: $NDM"
    exit 1
}
# The netlist must come from THIS project. Without the check, a stale path or a
# copy-paste leaves this script quietly routing the integrated top's netlist
# while every report is labelled `paper_core`.
if {[string first "proj_paper_core" $NET] < 0} {
    puts "FATAL: NET does not point into proj_paper_core ($NET) - refusing to run."
    exit 1
}
if {[string first "sar_digi_paper_core" $NET] < 0} {
    puts "FATAL: NET is not the paper core netlist ($NET) - refusing to run."
    exit 1
}
puts "INFO: pre-flight OK"
INFO: pre-flight OK
file mkdir $OUT
file mkdir $RPT
file mkdir $LOG
set stages {}
proc stage {name} {
    global stages
    puts ""
    puts "##############################################################"
    puts "##  STAGE: $name"
    puts "##############################################################"
}
proc ok {name} {
    global stages
    lappend stages "$name=OK"
    puts "#### STAGE OK: $name"
}
proc fail {name msg} {
    global stages
    lappend stages "$name=FAILED($msg)"
    puts "##############################################################"
    puts "##  STAGE FAILED: $name"
    puts "##  $msg"
    puts "##############################################################"
}
proc run {name body} {
    if {[catch {uplevel 1 $body} msg]} {
        fail $name $msg
        return 1
    }
    ok $name
    return 0
}
if {[catch {set_host_options -max_cores 8} m]} {
    puts "NOTE: set_host_options not applied ($m)"
}
# --- library -----------------------------------------------------------------
stage "create_lib"

##############################################################
##  STAGE: create_lib
##############################################################
if {[catch {
    create_lib $PNR/sar16_pnr_paper_core -use_technology_lib $NDM -ref_libs $NDM
} m]} {
    puts "FATAL: create_lib failed: $m"
    exit 1
}
# --- netlist -----------------------------------------------------------------
stage "read_verilog + link"

##############################################################
##  STAGE: read_verilog + link
##############################################################
if {[catch {read_verilog -netlist $NET} m]} {
    puts "NOTE: read_verilog -netlist rejected ($m); retrying without -netlist"
    if {[catch {read_verilog $NET} m2]} {
        puts "FATAL: cannot read netlist $NET : $m2"
        exit 1
    }
}
Error: unknown option '-netlist' (CMD-010)
NOTE: read_verilog -netlist rejected (); retrying without -netlist
Loading verilog file '/home/<user>/sar16_work/proj_paper_core/mapped_ss/sar_digi_paper_core_netlist.v'
Information: Reading Verilog into new design 'sar_digi_paper_core' in library 'sar16_pnr_paper_core'. (VR-012)
Number of modules read: 44
Top level ports: 176
Total ports in all modules: 487
Total nets in all modules: 4151
Total instances in all modules: 3556
Elapsed = 00:00:00.03, CPU = 00:00:00.03
ok "read_verilog"
#### STAGE OK: read_verilog
if {[catch {set_top_module $TOP} m]} {
    puts "FATAL: set_top_module $TOP failed: $m"
    exit 1
}
Information: User units loaded from library 'sar16_smic18_6lm_v4' (LNK-040)
Information: Non-default hdlin app options: (FLW-8560)
****************************************
Name       Type       Value      User-value   User-default System-default Scope      Status     Source
---------- ---------- ---------- ------------ ------------ -------------- ---------- ---------- ----------
No options matched the specified pattern(s)
---------- ---------- ---------- ------------ ------------ -------------- ---------- ---------- ----------
Elapsed = 00:00:00.14, CPU = 00:00:00.11
ok "set_top_module"
#### STAGE OK: set_top_module
if {[catch {link_block} m]} {
    puts "FATAL: link_block failed - the netlist references cells that are not in"
    puts "       the NDM. Check that the DC arm library and smic18_6lm.lef are"
    puts "       the same revision. ($m)"
    exit 1
}
Warning: Block 'sar16_pnr_paper_core:sar_digi_paper_core.design' is already linked. (LNK-067)
ok "link_block"
#### STAGE OK: link_block
# --- parasitic technology ----------------------------------------------------
stage "read_parasitic_tech"

##############################################################
##  STAGE: read_parasitic_tech
##############################################################
if {[catch {
    read_parasitic_tech -tlup $TLU -layermap $LMAP -name smic18_par
} m]} {
    fail "read_parasitic_tech" $m
    puts ""
    puts "FATAL: refusing to continue to timing analysis without the TLUPlus."
    puts "       FC would silently fall back to an RC estimate and produce a"
    puts "       timing report that looks authoritative but is not."
    exit 1
} else {
    ok "read_parasitic_tech"
}
#### STAGE OK: read_parasitic_tech
if {[catch {
    set_parasitic_parameters -late_spec smic18_par -early_spec smic18_par
} m]} {
    fail "set_parasitic_parameters" $m
} else {
    ok "set_parasitic_parameters"
}
#### STAGE OK: set_parasitic_parameters
# --- constraints -------------------------------------------------------------
stage "read_sdc"

##############################################################
##  STAGE: read_sdc
##############################################################
if {[catch {source $SDC} m]} {
    puts "FATAL: SDC failed: $m"
    exit 1
}
Information: Timer using 8 threads
Warning: The 'set_max_fanout' command is not supported in this program.  The command will be ignored. (CSTR-011)
INFO: SDC applied, clock 'clk' period = 10.000000 ns
INFO: SDC applied, clock 'dec_clk' period = 3.000000 ns
ok "read_sdc"
#### STAGE OK: read_sdc
set clk_fail 0
0
foreach C [list clk dec_clk] {
    if {[sizeof_collection [get_clocks -quiet $C]] == 0} {
        puts "FATAL: no clock '$C' after sourcing the SDC."
        set clk_fail 1
    } else {
        puts "INFO: clock $C period = [get_attribute [get_clocks $C] period] ns"
    }
}
INFO: clock clk period = 10.000000 ns
INFO: clock dec_clk period = 3.000000 ns
if {$clk_fail} { exit 1 }
puts "INFO: block cell count = [sizeof_collection [get_cells -hier -filter "is_hierarchical==false"]]"
INFO: block cell count = 3513
# --- floorplan ---------------------------------------------------------------
stage "initialize_floorplan"

##############################################################
##  STAGE: initialize_floorplan
##############################################################
if {[catch {initialize_floorplan -core_utilization $UTIL} m]} {
    puts "FATAL: initialize_floorplan failed: $m"
    exit 1
}
Use site_def 'unit' to initialize floorplan.
Removing existing floorplan objects
Creating core...
Core utilization ratio = 55.19%
Unplacing all cells...
Creating site array...
Creating routing tracks...
Initializing floorplan completed.
ok "initialize_floorplan"
#### STAGE OK: initialize_floorplan
# =============================================================================
# Power plan  (v4.1 -- this block previously had NONE)
# -----------------------------------------------------------------------------
# Without it Calibre reported, in order of discovery:
#   * DRC: `M1_6` and `BD_2a` each pinned at the 1000-result cap -- METAL1 had no
#     supply rails and there are no bond pads (this is a bare digital block);
#   * LVS: `WARNING: There is no data for layout net name VDD.` -> the layout had
#     no power connectivity at all, so it was compared against a powered netlist
#     and came back INCORRECT with "Different numbers of nets/instances" and
#     connectivity errors. Extraction itself was fine (556 kB netlist, 1158 devices).
#
# A rail plan is possible here: all 478 macros in the kit LEF declare
#     PIN VDD / PIN VSS  DIRECTION INOUT  USE power  SHAPE ABUTMENT  on METAL1
# so the tool can derive the rail geometry from the pin shapes.
#
# Every call is guarded and, on failure, asks the command for its own usage text.
# Guessing option names in this toolchain yields either CMD-010 or a silent no-op,
# and each guess would cost a full P&R run.
# =============================================================================
stage "power_plan"

##############################################################
##  STAGE: power_plan
##############################################################
# pg_try takes the command NAME separately from the SCRIPT. Deriving the name with
# `lindex $script 0` inside the failure handler looked harmless and was not: for a
# braced script that contains a quoted filter, e.g.
#     {connect_pg_net -net VDD [get_pins -hier -filter "name=~VDD"]}
# `lindex` raises `list element in quotes followed by "]"` (CMD-013), and that
# error escaped the handler and ABORTED THE WHOLE P&R at the power-plan stage
# (CMD-081, PNR_STATUS=INCOMPLETE). A diagnostic path must not be able to kill the
# flow it is diagnosing.
proc pg_try {label cname script} {
    if {[catch {uplevel 1 $script} m]} {
        puts "  PG_FAIL $label : $m"
        if {[catch {$cname -zzzbogus} u]} { puts "  PG_USAGE $cname : $u" }
        return 0
    }
    puts "  PG_OK   $label"
    return 1
}
# --- layer naming -------------------------------------------------------------
# The kit LEF writes `LAYER METAL1` while the Calibre deck writes `LAYER M1 61`.
# The first attempt used `-layers {M1}` and got
#     Error: Cannot find layer M1 in the library. (PGR-032)
# so the name is asked of the tool rather than assumed.
set PG_L1 ""
set PG_L2 ""
foreach cand {METAL1 M1} {
    if {[sizeof_collection [get_layers -quiet $cand]] > 0} { set PG_L1 $cand; break }
}
foreach cand {METAL2 M2} {
    if {[sizeof_collection [get_layers -quiet $cand]] > 0} { set PG_L2 $cand; break }
}
puts "  PG layer resolution: metal1='$PG_L1'  metal2='$PG_L2'"
  PG layer resolution: metal1='METAL1'  metal2='METAL2'
if {$PG_L1 eq ""} {
    puts "  PG_LAYERS available: [get_object_name [get_layers -quiet *]]"
    puts "FATAL: neither METAL1 nor M1 exists in this library; cannot build a power plan."
    exit 1
}
# Everything below runs inside ONE catch. A power plan that cannot be built must
# degrade to "no PG + a loud NOTE", never to a dead P&R run.
if {[catch {

set PG_NETS {VDD VSS}

# --- ORDER: the nets first, then the rails ----------------------------------
# `compile_pg -strategies core_pg` failed with
#     Error: Cannot find net VDD in the design. (PGR-046)
#     Warning: Automatic PG net connection through connect_pg_net is disabled.
# A block with no UPF and no PG ports has no VDD/VSS NETS yet, so the strategy has
# nothing to assign rails to. The switch that disables the automatic creation is an
# app option, and this release has no `create_pg_net` (a probe of the command list
# showed it absent), so enabling the option is the way in. `connect_pg_net -net`
# with a bare string is NOT: it wants a collection
#     Error: Nothing matched for -net (SEL-005)
# and the net does not exist yet, which is the whole problem.
# v4.2 FIX: the three calls below used to pass their arguments in the WRONG
# ORDER. The proc is `pg_try {label cname script}`, but they were written as
#     pg_try <label> <command-string> <option-name>
# so `uplevel 1 $script` tried to evaluate the option NAME as a Tcl command.
# That failed, was caught, and printed
#     PG_FAIL <label> :
# with an EMPTY message -- which is why the failure looked like a tool refusal
# rather than a bug in this file, and why plan.pgroute.auto_connect_pg_net was
# never actually set despite appearing to have been tried. The probe
# (scripts/pg_syntax_probe.tcl) confirmed the option IS supported here and that
# setting it changes
#     "Automatic PG net connection through connect_pg_net is disabled."
# into
#     "Successfully updated PG connection."
# so the whole power plan depended on this one transposed pair of arguments.
pg_try "auto_connect_pg_net"  set_app_options {set_app_options -name plan.pgroute.auto_connect_pg_net -value true}
pg_try "default power net"    set_app_options {set_app_options -name mv.pg.default_power_supply_net_name  -value VDD}
pg_try "default ground net"   set_app_options {set_app_options -name mv.pg.default_ground_supply_net_name -value VSS}
pg_try "connect_pg_net"       connect_pg_net {connect_pg_net -all_blocks -automatic}
if {[catch {
    puts "  PG_NETS_AFTER_CONNECT VDD=[sizeof_collection [get_nets -quiet VDD]] VSS=[sizeof_collection [get_nets -quiet VSS]]"
} e0]} { puts "  PG_NETS_QUERY failed: $e0" }

# Belt and braces: the probe showed set_app_options setting this option and
# connect_pg_net then reporting "Successfully updated PG connection.", so the
# option is set again here in the exact form the probe used.
pg_try "auto_connect_pg_net (probe form)" set_app_options {set_app_options -name plan.pgroute.auto_connect_pg_net -value true}

# =============================================================================
# v4.3 -> round-3 POWER PLAN  (recipe verified in the isolated copy)
# -----------------------------------------------------------------------------
# WHAT WAS WRONG (each point measured, not guessed -- see FINDINGS_CARD1B.md):
#   1. `create_via_rule ... -layer METAL1` -- there is NO -layer option (CMD-010).
#      PG vias need `set_pg_via_master_rule -contact_code <name>`, and <name> is the
#      LEF via-master name `via1`, NOT the man page's example `VIA12C`
#      (that one fails with PGR-055 "Cannot find contact code name VIA12C").
#   2. the -pattern keywords need COLONS:
#          {{pattern: std_rail}{nets: {VDD VSS}}}
#      The old `{{name std_rail}{nets {VDD VSS}}}` is not that grammar.
#   3. the METAL1 rails only reach their own row.  Distribution straps on METAL2 are
#      what give the rails somewhere to via UP to.  With no straps, compile_pg
#      committed 2 vias; with straps it committed 1460.
#   4. `-start` / `-stop` take ONE NUMBER each (the old code passed coordinate
#      PAIRS), and the two nets must be INTERLEAVED by half a pitch: issued at
#      identical coordinates the VSS straps were dropped as redundant
#      (VDD wires 43->60 = +17, VSS wires 72->72 = +0).
#   5. `compile_pg` takes `-via_rule`.
# AND the control-flow defect: every step used to be written as
#       set PG_OK [expr {$PG_OK && [pg_try ...]}]
# which SHORT-CIRCUITS.  One failure therefore meant the later steps were never even
# ATTEMPTED, and the whole verification tail sat inside `if {$PG_OK}` -- which is why
# the v4.3 run left no fc_pg.rpt and no PG_VERDICT at all.  A step that is skipped
# must still say so; a verdict must be produced either way.
# =============================================================================

# --- step ledger: each entry is {"label" ok} and EVERY step reports --------------
set PG_STEPS {}
set PG_FAILED 0
proc pg_step {label script} {
    global PG_STEPS PG_FAILED
    if {[catch {uplevel 1 $script} m]} {
        puts "  PG_FAIL $label : [string map [list \n { | }] $m]"
        lappend PG_STEPS [list $label 0]
        incr PG_FAILED
        return 0
    }
    puts "  PG_OK   $label"
    lappend PG_STEPS [list $label 1]
    return 1
}

pg_step "connect_pg_net" {connect_pg_net -all_blocks -automatic}
if {[catch {
    puts "  PG_NETS_AFTER_CONNECT VDD=[sizeof_collection [get_nets -quiet VDD]] VSS=[sizeof_collection [get_nets -quiet VSS]]"
} e0]} { puts "  PG_NETS_QUERY failed: $e0" }

pg_step "create_pg_std_cell_conn_pattern" [list create_pg_std_cell_conn_pattern std_rail -layers [list $PG_L1]]

# --- via master rule: the contact code is DISCOVERED, not assumed ---------------
set PG_VM_NAME ""
foreach cc {via1 via2 via3 VIA12C} {
    if {$PG_VM_NAME ne ""} { break }
    if {[catch {set_pg_via_master_rule pg_vm_$cc -contact_code $cc -via_array_dimension {2 1} -allow_multiple {0.2 0}} mv]} {
        puts "  PG_VIA_MASTER_FAIL $cc : [string map [list \n { | }] $mv]"
    } else {
        puts "  PG_VIA_MASTER_OK   $cc"
        set PG_VM_NAME pg_vm_$cc
    }
}
puts "  PG_VIA_MASTER_NAME '${PG_VM_NAME}'"
if {$PG_VM_NAME eq ""} {
    puts "  WARNING: no via master rule could be created; compile_pg will run without one"
    puts "           and the PG will stay physically disconnected (this is reported, not hidden)."
}

# --- strategy: COLON keywords ---------------------------------------------------
pg_step "set_pg_strategy" [list set_pg_strategy core_pg -core -pattern {{pattern: std_rail}{nets: {VDD VSS}}}]

# --- straps: numeric -start/-stop, both nets, INTERLEAVED by half a pitch -------
# The Y span is read from the block; it is never hardcoded, because the core area is
# a tool decision and pinning it here would bend the straps off the rows the moment
# `initialize_floorplan` lands on a different size.
if {$PG_L2 ne ""} {
    set PG_Y0 0.0 ; set PG_Y1 0.0
    if {[catch {
        set _flat [join [get_attribute [current_block] boundary] " "]
        set _ys {}
        foreach {_x _y} $_flat { lappend _ys $_y }
        set PG_Y0 [lindex [lsort -real $_ys] 0]
        set PG_Y1 [lindex [lsort -real $_ys] end]
    } _be]} { puts "  PG_STRAP_GEOM failed: $_be" }
    puts "  PG strap Y span: $PG_Y0 -> $PG_Y1"
    set PG_STRAP_PITCH 25.0
    # VDD at x = 0, 25, 50 ... ; VSS at x = 12.5, 37.5 ...  -- interleaved
    # -extend_low/-extend_high design_boundary_and_generate_pin sends the strap all the
    # way to the block boundary AND creates the supply PIN there.  Without it the
    # merged GDS has no named VDD/VSS geometry at all, and Calibre reports
    #   "There is no data for layout net name VDD"  -- after which the well/bulk
    # terminals get attached to whatever net Calibre can find, which showed up as a
    # single net (RST_N) carrying 15153 connections.
    pg_step "strap_VDD" [list create_pg_strap -net {VDD} -layer $PG_L2 -direction vertical \
                              -width 0.6 -pitch $PG_STRAP_PITCH -start $PG_Y0 -stop $PG_Y1 \
                              -extend_low design_boundary_and_generate_pin \
                              -extend_high design_boundary_and_generate_pin]
    pg_step "strap_VSS" [list create_pg_strap -net {VSS} -layer $PG_L2 -direction vertical \
                              -width 0.6 -pitch $PG_STRAP_PITCH \
                              -start [expr {$PG_Y0 + $PG_STRAP_PITCH / 2.0}] -stop $PG_Y1 \
                              -extend_low design_boundary_and_generate_pin \
                              -extend_high design_boundary_and_generate_pin]
} else {
    puts "  NOTE: no metal2 layer found; the rails will have nothing to via up to."
}

# --- bind the via rule to the strategy ------------------------------------------
# Built as a LITERAL braced string, not as nested [list ...]: the nested-list form is
# how the colons get lost, and losing a colon is the very bug being fixed here.  (The
# first version of this patch made exactly that mistake and the dry run caught it --
# `PG_FAIL set_pg_strategy_via_rule` -- before it could reach a 10-minute flow.)
set PG_VR_OK 0
if {$PG_VM_NAME ne ""} {
    set _vr_script "set_pg_strategy_via_rule pg_vr -via_rule \{\{intersection: adjacent\}\{via_master: $PG_VM_NAME\}\}"
    set PG_VR_OK [pg_step "set_pg_strategy_via_rule" $_vr_script]
}

# --- compile, WITH the via rule when we have one --------------------------------
if {$PG_VR_OK} {
    pg_step "compile_pg -via_rule" [list compile_pg -strategies {core_pg} -via_rule {pg_vr}]
} else {
    pg_step "compile_pg (no via rule available)" [list compile_pg -strategies {core_pg}]
}

# --- verification tail: ALWAYS RUNS, whatever the steps above did ----------------
# v4.3 put this inside `if {$PG_OK}`, so a strategy failure deleted the only evidence
# that could have explained it.  It now runs unconditionally.
proc pg_floating {path net} {
    if {![file exists $path]} { return -1 }
    if {[catch {set fh [open $path r]; set t [read $fh]; close $fh} _e]} { return -1 }
    set idx [string first "Verify net $net connectivity" $t]
    if {$idx < 0} { return -1 }
    set seg [string range $t $idx end]
    set n -1
    regexp -nocase {Number of floating std cells:\s*(\d+)} $seg -> n
    return $n
}
if {[catch {redirect $RPT/fc_pg.rpt { check_pg_connectivity }} m]} {
    puts "  PG_FAIL check_pg_connectivity : $m"
    puts "PG_VERDICT unavailable=1"
} else {
    # -1 means UNKNOWN, never 0.  The first version initialised these to 0 and then
    # parsed inside a catch; when the parse threw (an `end` used in an expr), the
    # regexps never ran and the code printed "floating_std_cells=0" for BOTH nets --
    # a perfect, entirely fabricated pass.  A verdict variable must start at
    # "unknown" so that a broken parse cannot be mistaken for a clean result.
    set _fw_vdd -1 ; set _fc_vdd -1 ; set _fw_vss -1 ; set _fc_vss -1
    set _parse_ok 1
    if {[catch {
        set fh [open $RPT/fc_pg.rpt r]; set _t [read $fh]; close $fh
        set _tlen [string length $_t]
        set _iv [string first "Verify net VDD connectivity" $_t]
        set _is [string first "Verify net VSS connectivity" $_t]
        if {$_iv >= 0} {
            set _vend [expr {$_is > 0 ? $_is - 1 : $_tlen}]
            set _sv [string range $_t $_iv $_vend]
            set _fw_vdd 0 ; set _fc_vdd 0
            regexp -nocase {Number of floating wires:\s*(\d+)}     $_sv -> _fw_vdd
            regexp -nocase {Number of floating std cells:\s*(\d+)} $_sv -> _fc_vdd
        }
        if {$_is >= 0} {
            set _ss [string range $_t $_is $_tlen]
            set _fw_vss 0 ; set _fc_vss 0
            regexp -nocase {Number of floating wires:\s*(\d+)}     $_ss -> _fw_vss
            regexp -nocase {Number of floating std cells:\s*(\d+)} $_ss -> _fc_vss
        }
    } _e]} { puts "PG_VERDICT parse failed: $_e" ; set _parse_ok 0 }
    # machine-readable, and split per net: one aggregate number cannot tell you that
    # VDD is clean while VSS is not.
    puts "PG_VERDICT_PARSE_OK $_parse_ok"
    puts "PG_VERDICT_NET VDD floating_wires=$_fw_vdd floating_std_cells=$_fc_vdd"
    puts "PG_VERDICT_NET VSS floating_wires=$_fw_vss floating_std_cells=$_fc_vss"
    if {$_parse_ok == 0 || $_fc_vdd < 0 || $_fc_vss < 0} {
        puts "PG_VERDICT_UNKNOWN: the connectivity report could not be read; this is NOT a pass."
    } elseif {$_fc_vdd == 0 && $_fc_vss == 0} {
        puts "PG_OK_ALL: every standard cell is tied to the power grid on both nets."
    } else {
        puts "PG_BLOCKER: cells still float (VDD=$_fc_vdd VSS=$_fc_vss)."
        puts "            check the PG_STEPS ledger above for the first failed step."
    }
}
pg_step "check_pg_drc" {check_pg_drc}
if {[catch {
    puts "  PG_NETS_FINAL VDD=[sizeof_collection [get_nets -quiet VDD]] VSS=[sizeof_collection [get_nets -quiet VSS]]"
} e2]} { puts "  PG_NETS_QUERY2 failed: $e2" }

# --- the ledger, printed last so a single grep shows the whole story -------------
puts "  --- PG step ledger ---"
foreach s $PG_STEPS { puts "  PG_STEP [expr {[lindex $s 1] ? "OK  " : "FAIL"}] [lindex $s 0]" }
puts "PG_STEPS_TOTAL [llength $PG_STEPS] PG_STEPS_FAILED $PG_FAILED"


} pg_err]} {
    # An error raised OUTSIDE pg_try (e.g. a Tcl-level one) lands here.
    puts "  PG_FATAL (contained, flow continues): $pg_err"
}
  PG_OK   auto_connect_pg_net
  PG_OK   default power net
  PG_OK   default ground net
Information: Connecting to PG and tie pins in automatic mode. (MV-396)
****************************************
Report : Power/Ground Connection Summary
Design : sar_digi_paper_core
Version: W-2024.09-SP3
Date   : Fri Sep 18 20:20:23 2026
****************************************
P/G net name                  P/G pin count(previous/current)
--------------------------------------------------------------------------------
Power net VDD                 0/3513
Ground net VSS                0/3513
--------------------------------------------------------------------------------
Information: connections of 7026 power/ground pin(s) are created or changed. (MV-382)

  PG_OK   connect_pg_net
  PG_NETS_AFTER_CONNECT VDD=1 VSS=1
  PG_OK   auto_connect_pg_net (probe form)
Information: Connecting to PG and tie pins in automatic mode. (MV-396)
****************************************
Report : Power/Ground Connection Summary
Design : sar_digi_paper_core
Version: W-2024.09-SP3
Date   : Fri Sep 18 20:20:23 2026
****************************************
P/G net name                  P/G pin count(previous/current)
--------------------------------------------------------------------------------
Power net VDD                 3513/3513
Ground net VSS                3513/3513
--------------------------------------------------------------------------------
Information: connections of 0 power/ground pin(s) are created or changed. (MV-382)

  PG_OK   connect_pg_net
  PG_NETS_AFTER_CONNECT VDD=1 VSS=1
Information: The command 'create_pg_std_cell_conn_pattern' cleared the undo history. (UNDO-016)
Successfully create standard cell rail pattern std_rail.
  PG_OK   create_pg_std_cell_conn_pattern
Non-positive vertical array pitch 0.0000 um is ignored.
The via is not repeated in Y dimension.
Successfully set via def rule pg_vm_via1.
  PG_VIA_MASTER_OK   via1
  PG_VIA_MASTER_NAME 'pg_vm_via1'
Successfully set PG strategy core_pg.
  PG_OK   set_pg_strategy
  PG strap Y span: 0.0000 -> 428.4000
Updating PG net and connection through connect_pg_net auto-mode for the design.
Successfully updated PG connection.
Update PG connection runtime: 0 seconds.
Error: Strap with center 0 and width 0.6 is outside design boundary. (PGR-029)
Number of threads: 8
Number of partitions: 2
Direction of partitions: vertical
Number of wires: 17
Checking DRC for 17 wires: 0% 10% 100%
Overall via DRC checking runtime: 0 seconds.
Checking 0 stacked vias: 0% 100%
Committed 17 wires.
Committed 0 vias.
Overall runtime: 0 seconds.
Successfully created PG wire.
  PG_OK   strap_VDD
Updating PG net and connection through connect_pg_net auto-mode for the design.
Successfully updated PG connection.
Update PG connection runtime: 0 seconds.
Number of threads: 8
Number of partitions: 2
Direction of partitions: vertical
Number of wires: 17
Checking DRC for 17 wires: 0% 100%
Overall via DRC checking runtime: 0 seconds.
Checking 0 stacked vias: 0% 100%
Committed 17 wires.
Committed 0 vias.
Overall runtime: 0 seconds.
Successfully created PG wire.
  PG_OK   strap_VSS
Successfully set strategy via rule pg_vr.
  PG_OK   set_pg_strategy_via_rule
Sanity check for inputs.
Updating PG net and connection through connect_pg_net auto-mode for the design.
Successfully updated PG connection.
Update PG connection runtime: 0 seconds.
Updating PG strategies.
Updating strategy core_pg.
Loading library and design information.
Number of Standard Cells: 0
Number of Hard Macros: 0
Number of Pads: 0
Creating standard cell rails.
Creating standard cell rails for strategy core_pg.
DRC checking and fixing for standard cell rail strategy core_pg.
Number of threads: 8
Number of partitions: 8
Direction of partitions: horizontal
Number of wires: 86
Checking DRC for 86 wires: 0% 100%
Creating 86 wires after DRC fixing.
Wire DRC checking runtime 0.00 seconds.
Creating via connection between strategies and existing shapes.
Check and fix DRCs for 1496 stacked vias.
Number of threads: 8
Number of partitions: 8
Direction of partitions: horizontal
Number of vias: 1496
Checking DRC for 1496 stacked vias:: 0% 100%
34 regular vias are not fixed
Via DRC checking runtime 0.00 seconds.
via connection runtime: 0 seconds.
Removing dangling/floating wire/vias after DRC check.
Start iteration 1:
Checking potential dangling/floating power plan wires.
Checking dangling/floating vias between strategies and existing shapes.
Checking 1462 stacked vias: 0% 100%
Finish removing all dangling or floating wires and vias.
Commiting wires and vias.
Committing wires takes 0.00 seconds.
Committing vias takes 0.00 seconds.
Committed 86 wires.
Committed 1462 vias.
Committed 0 wires for via creation.
Overall PG creation runtime: 0 seconds.
Successfully compiled PG.
Overall runtime: 0 seconds.
  PG_OK   compile_pg -via_rule
PG_VERDICT_PARSE_OK 1
PG_VERDICT_NET VDD floating_wires=0 floating_std_cells=3513
PG_VERDICT_NET VSS floating_wires=0 floating_std_cells=3513
PG_BLOCKER: cells still float (VDD=3513 VSS=3513).
            check the PG_STEPS ledger above for the first failed step.
Command check_pg_drc started  at Fri Sep 18 20:20:23 2026
Command check_pg_drc finished at Fri Sep 18 20:20:23 2026
CPU usage for check_pg_drc: 0.06 seconds ( 0.00 hours)
Elapsed time for check_pg_drc: 0.02 seconds ( 0.00 hours)
No errors found.
  PG_OK   check_pg_drc
  PG_NETS_FINAL VDD=1 VSS=1
  --- PG step ledger ---
  PG_STEP OK   connect_pg_net
  PG_STEP OK   create_pg_std_cell_conn_pattern
  PG_STEP OK   set_pg_strategy
  PG_STEP OK   strap_VDD
  PG_STEP OK   strap_VSS
  PG_STEP OK   set_pg_strategy_via_rule
  PG_STEP OK   compile_pg -via_rule
  PG_STEP OK   check_pg_drc
PG_STEPS_TOTAL 8 PG_STEPS_FAILED 0
puts "NOTE: if any PG_ step above failed, the GDS stays power-incomplete and LVS"
NOTE: if any PG_ step above failed, the GDS stays power-incomplete and LVS
puts "      cannot converge. The failure is reported, never swallowed."
      cannot converge. The failure is reported, never swallowed.
# =============================================================================
# v4.2: isolate the constant-driven outputs BEFORE placement
# -----------------------------------------------------------------------------
# 28 of the 232 top-level signal ports are tied to a constant by the netlist:
#     weight_rd_data[3,6,9,13,17,21,24,28]   (8)
#     srm_residue_o[9], srm_residue_o[11..29] (20)
# They exist because the host fixes the interface widths -- a 30-bit weight word
# and a 30-bit residue word -- while the paper-aligned core only produces the low
# bits of each. A port driven by a constant has no NET, and this release's
# placer only creates pin geometry for ports that have one, so the routed GDS
# ended up with 204 port texts against a 232-port netlist. Calibre reported
#     Error: Different numbers of ports (see below).  (204 vs 183)
# and, more to the point, the macro was NOT integrable: a 30-bit port with 20 of
# its pins missing cannot be connected by the enclosing top.
#
# set_isolate_ports inserts a buffer on each such output. The buffer gives the
# port a real net, hence a real pin and a real driven value. The logical
# function is unchanged -- those bits are still zero, they are simply driven
# instead of being declared -- so every simulation result in
# tb/tb_sar16_paper_core.sv (Phase 4 checks "weight_rd_data is tied low") still
# holds.
#
# Detection is by query, not by a hardcoded list: DC is free to tie off a
# different set on a different run, and a stale hardcoded list would fail
# silently in exactly the way this whole exercise is trying to stop.
# =============================================================================
if {[catch {
    set _const_ports {}
    set _nout 0
    foreach_in_collection _p [get_ports -quiet -filter "direction==out"] {
        incr _nout
        set _pn [get_object_name $_p]
        set _drv 0
        set _nets [get_nets -quiet -of_objects $_p]
        if {[sizeof_collection $_nets] > 0} {
            set _dp [get_pins -quiet -of_objects $_nets -filter "direction==out"]
            if {[sizeof_collection $_dp] > 0} { set _drv 1 }
        }
        if {!$_drv} { lappend _const_ports $_pn }
    }
    puts "ISO_OUT_PORTS total=$_nout constant_driven=[llength $_const_ports]"
    foreach _cp $_const_ports { puts "  ISO_CONST_PORT $_cp" }
    if {[llength $_const_ports] > 0} {
        if {[catch {set_isolate_ports -type buffer [get_ports -quiet $_const_ports]} _m]} {
            puts "ISO_FAIL set_isolate_ports: $_m"
            puts "ISO_BLOCKER: the 28 constant-driven outputs will keep their missing pins."
        } else {
            puts "ISO_OK set_isolate_ports applied to [llength $_const_ports] port(s)"
        }
    } else {
        puts "ISO_NOTE no constant-driven output ports found"
    }
} _iso_err]} { puts "ISO_FAIL (contained): $_iso_err" }
ISO_OUT_PORTS total=146 constant_driven=0
ISO_NOTE no constant-driven output ports found
# --- pin placement + placement ------------------------------------------------
# ---------------------------------------------------------------------------
# Pins must not stack on the power grid.
#
# Measured on the v4.3 delivery (own GDS parser, not the tool's word):
#   128 of 232 signal pins had pin metal overlapping an M1 power rail or an M2
#   power strap, and Calibre's shorts report named the consequence:
#       SHORT 1.  rst_n - VDD in sar_digi_paper_core
#   The rst_n pin sat on the bottom edge, where the bottom-most M1 rail runs the
#   full block width, and the extractor merged the two nets.
#
# `-stacking_allowed` is THIS release's own control for exactly that situation
# ("allowance of signal pins stacking above or below other pins and power or
# ground straps"), so it is used rather than a guessed option spelling -- this
# flow has already lost a round to `write_gds -output` (CMD-011) and to
# `fc_shell -no_gui` (CMD-010).
#
# Acceptance is measured outside the tool: every signal pin's metal must be
# disjoint from every rail and strap in the written GDS.
run "set_block_pin_constraints" {set_block_pin_constraints -self -stacking_allowed none}
Information: Block pin constraints stacking_allowed are set for top block sar_digi_paper_core. (DPPA-403)
#### STAGE OK: set_block_pin_constraints
0
run "place_pins" {place_pins -self}
Information: Starting 'place_pins' (FLW-8000)
Information: Time: 2026-09-18 20:20:23 / Session:  00:00:15 / Command:  00:00:00 / CPU:  00:00:00 / Memory: 2147 MB (FLW-8100)
Load DB...
CPU Time for load db: 00:00:00.00u 00:00:00.00s 00:00:00.00e: 

Min routing layer: METAL1
Max routing layer: METAL6

Non default block pin constraint setting(s) of top block: sar_digi_paper_core
stacking_allowed: none

CPU Time for Top Level Pre-Route Processing: 00:00:00.00u 00:00:00.00s 00:00:00.00e: 
CPU Time for Leaf Level Pre-Route Processing: 00:00:00.00u 00:00:00.00s 00:00:00.00e: 
Number of block ports: 176
Number of block pin locations assigned from router: 0
CPU Time for Pin Preparation: 00:00:00.00u 00:00:00.00s 00:00:00.00e: 
Number of PG ports on blocks: 0
Number of pins created: 176
CPU Time for Pin Creation: 00:00:00.00u 00:00:00.00s 00:00:00.00e: 
Total Pin Placement CPU Time: 00:00:00.01u 00:00:00.00s 00:00:00.01e: 
Information: Ending   'place_pins' (FLW-8001)
Information: Time: 2026-09-18 20:20:23 / Session:  00:00:15 / Command:  00:00:00 / CPU:  00:00:00 / Memory: 2147 MB (FLW-8100)
#### STAGE OK: place_pins
0
run "create_placement"        {create_placement}
Information: Starting 'create_placement' (FLW-8000)
Information: Time: 2026-09-18 20:20:23 / Session:  00:00:15 / Command:  00:00:00 / CPU:  00:00:00 / Memory: 2147 MB (FLW-8100)

Create Placement Options:
Effort:                        high_effort         
Timing Driven:                 false               
Buffering Aware Timing Driven: false               
Seed locs:                     false               
Incremental:                   false               
Congestion:                    false               
Fix Macros:                    true                
Place Macros:                  false               
Channel Size Macros:           false               


Information: Corner default: no PVT mismatches. (PVT-032)
Corner Scaling is off, multiplier is 1.000000
Information: timingScenario default timingCorner default.  Using corner default for worst leakage corner. (OPT-078)
Information: Using default layer METAL4 (Current) (OPT-079)
new default layer same as orig default layer
Information: Using default layer METAL4 (Inferior) (OPT-079)
Information: Nominal = 0.1347885  Design MT = 0.800000  Target = 0.6946049  MaxRC = 0.380783 Fast Target = 0.268452 (OPT-081)
nplLib: default vr hor dist = 3491
nplLib: default vr ver dist = 3491
nplLib: default vr buf size = 11
nplLib: default vr buf size = 5
Placer using max_unbuffered_distance = 3491.15
Info: embedded eLpp will optimize for scenario default
Information: Activity propagation will be performed for scenario default.
Information: Doing activity propagation for mode 'default' and corner 'default' with effort level 'medium'. (POW-024)
Information: Timer-derived activity data is cached on scenario default (POW-052)
Information: Running switching activity propagation with 8 threads!

 **** Information : No. of simulation cycles = 7 ****
Info: e-eLpp used with low effort
Start transferring placement data.
Information: The stitching and editing of coupling caps is turned OFF for design 'sar16_pnr_paper_core:sar_digi_paper_core.design'. (TIM-125)
Information: Design Average RC for design sar_digi_paper_core  (NEX-011)
Information: r = 0.279553 ohm/um, via_r = 5.000000 ohm/cut, c = 0.300669 ff/um, cc = 0.000000 ff/um (X dir) (NEX-017)
Information: r = 0.240639 ohm/um, via_r = 5.000000 ohm/cut, c = 0.137362 ff/um, cc = 0.000000 ff/um (Y dir) (NEX-017)
Information: The RC mode used is VR for design 'sar_digi_paper_core'. (NEX-022)
Information: Update timing completed net estimation for all the timing graph nets (TIM-111)
Information: Net estimation statistics: timing graph nets = 3665, routed nets = 0, across physical hierarchy nets = 0, parasitics cached nets = 0, delay annotated nets = 0, parasitics annotated nets = 0, multi-voltage nets = 0. (TIM-112)
************************************************************
Timer Settings:
Delay Calculation Style:                   auto
Signal Integrity Analysis:                 disabled
Timing Window Analysis:                    disabled
Advanced Waveform Propagation:             disabled
Variation Type:                            fixed_derate
Clock Reconvergence Pessimism Removal:     disabled
Advanced Receiver Model:                   disabled
LLE:                                       disabled
ML Acceleration:                           off
Smart Arc Optimization:                    disabled
************************************************************
Warning: a large fraction of the nets have zero toggle rate (69.3861%)
****** eLpp estimated wire length 
1.571% of the net wire length are clock nets
19.1173% of the clock net wire length has no activity
Clock net wire length: 1.35933e+07
Total net wire length: 8.65265e+08
****** eLpp weights (no caps) (no lengths)
Number of nets: 3665, of which 3623 non-clock nets
Number of nets with 0 toggle rate: 2543 (69.3861%)
Max toggle rate = 0.666667, average toggle rate = 0.00213631
Max non-clock toggle rate = 0.0347726
eLpp weight range = (0, 312.065)
*** 14 nets are filtered out
****** Net weight manager: report ******
Weights included: eLpp  PostEffort  
Number of nets with non-default weights: 3665
Amt power = 0.1
Non-default weight range: (0.9, 24)
                             Min         Max         Avg       Stdev        Skew
       Toggle Rates            0    0.666667  0.00213631   0.0135472     34.3279
      Power Weights            0         191    0.966968     4.86426     20.9855
      Final Weights          0.9          24     1.04254    0.728926     14.6387
Information: Automatic repeater spreading is enabled.
Restructuring in 44 hierarchies
CGRW: importing permutable pins & pairs, size 8 and above
Completed transferring placement data.
Running placement using 8 thread(s)
Information: Enhanced Auto Density Control is used. (PLACE-098)
Information: Enhanced auto density configuration is 13179.
Information: Automatic density control has selected the following settings: max_density 0.60, congestion_driven_max_util 0.87. (PLACE-027)
Information: HFW control 'on' invoked.
Creating placement from scratch.
coarse place 0% done.
coarse place 14% done.
coarse place 29% done.
coarse place 43% done.
Warning: a large fraction of the nets have zero toggle rate (69.3588%)
coarse place 57% done.
Warning: a large fraction of the nets have zero toggle rate (69.4134%)
coarse place 71% done.
Warning: a large fraction of the nets have zero toggle rate (69.4407%)
coarse place 86% done.
Warning: a large fraction of the nets have zero toggle rate (69.4407%)
coarse place 100% done.
Information: Coarse placer wire length estimate = 259064
Information: Coarse placer active wire length estimate = 2271.48
Information: Coarse placer weighted wire length estimate = 384695
Information: Extraction observers are detached as design net change threshold is reached.
Information: Estimating clock gate latencies after non timing-driven (non latency-aware) placement.
Start DFT optimization
START_CMD: optimize_dft        CPU:     21 s ( 0.01 hr) ELAPSE:     24 s ( 0.01 hr) MEM-PEAK:  2147 Mb Fri Sep 18 20:20:32 2026
DFT optimization is skipped due to no scan chains were found
END_CMD: optimize_dft          CPU:     21 s ( 0.01 hr) ELAPSE:     24 s ( 0.01 hr) MEM-PEAK:  2147 Mb Fri Sep 18 20:20:32 2026
End DFT optimization
Start TieCellOpt
Information: The stitching and editing of coupling caps is turned OFF for design 'sar16_pnr_paper_core:sar_digi_paper_core.design'. (TIM-125)
Information: Design Average RC for design sar_digi_paper_core  (NEX-011)
Information: r = 0.279051 ohm/um, via_r = 5.000000 ohm/cut, c = 0.489911 ff/um, cc = 0.000000 ff/um (X dir) (NEX-017)
Information: r = 0.240639 ohm/um, via_r = 5.000000 ohm/cut, c = 0.203005 ff/um, cc = 0.000000 ff/um (Y dir) (NEX-017)
Number of Site types in the design = 1
Setting up Chip Core
Chip Core shape: (0 0) (4296600 4284000)
Number of VARs = 1
Number of unique PDs = 1
Number of Power Domains = 1
Number of Voltage Areas = 1
Number of supply Nets = 2
Number of used supplies = 0
Blocked VAs: 
Information: The RC mode used is VR for design 'sar_digi_paper_core'. (NEX-022)
Information: Update timing completed net estimation for all the timing graph nets (TIM-111)
Information: Net estimation statistics: timing graph nets = 3665, routed nets = 0, across physical hierarchy nets = 0, parasitics cached nets = 3665, delay annotated nets = 0, parasitics annotated nets = 0, multi-voltage nets = 0. (TIM-112)
------------------------
Begin tie-cell insertion
INFO: debug level = 0
INFO: max fanout = 999
INFO: max diameter (in user unit) = 100.80
INFO: Available logic one lib cells: 
INFO: Available logic zero lib cells: 
Warning: No tie cell is available for constant fixing. (OPT-200)
End TieCellOpt
Information: Ending   'create_placement' (FLW-8001)
Information: Time: 2026-09-18 20:20:32 / Session:  00:00:24 / Command:  00:00:08 / CPU:  00:00:08 / Memory: 2147 MB (FLW-8100)
#### STAGE OK: create_placement
0
run "place_opt"               {place_opt}
Information: Starting 'place_opt' (FLW-8000)
Information: Time: 2026-09-18 20:20:32 / Session:  00:00:24 / Command:  00:00:00 / CPU:  00:00:00 / Memory: 2147 MB (FLW-8100)
INFO: place_opt is running in balanced flow mode
INFO: Total Power Aware Optimization Enabled (Dynamic + Leakage)
INFO: disable CRPR-based timing. 
Number of Site types in the design = 1
Setting up Chip Core
Chip Core shape: (0 0) (4296600 4284000)
Number of VARs = 1
Number of unique PDs = 1
Number of Power Domains = 1
Number of Voltage Areas = 1
Number of supply Nets = 2
Number of used supplies = 0
Blocked VAs: 
INFO: Running power improvement flow (1)
INFO: place_opt is running with flow.common.io_priority high.
Information: The value of option cts.compile.enable_cell_relocation has been overridden to "leaf_only" to support latency-driven placement. (CTS-973)
Warning: No clock routing rules were specified. Use set_clock_routing_rules to specify routing rules for accurate clock latency estimation. (OPT-902)
Warning: No clock routing rules were specified. Use set_clock_routing_rules to specify routing rules for accurate clock latency estimation. (OPT-902)
Warning: Skipping clock gate latency estimation for scenario 'default' with propagated clocks. (OPT-910)

----------------------------------------------------------------------------------------------------------
Information: Starting place_opt / initial_place (FLW-8000)
Information: Time: 2026-09-18 20:20:32 / Session:  00:00:24 / Command:  00:00:00 / CPU:  00:00:00 / Memory: 2147 MB (FLW-8100)
----------------------------------------------------------------------------------------------------------


Information: Starting place_opt / initial_place / Initial Placement (FLW-8000)
Information: Time: 2026-09-18 20:20:32 / Session:  00:00:24 / Command:  00:00:00 / CPU:  00:00:00 / Memory: 2147 MB (FLW-8100)
Running merge clock gates
Information: The value of option cts.compile.enable_cell_relocation has been overridden to "leaf_only" to support latency-driven placement. (CTS-973)
************************************************************
* CTS STEP: Clock Gate Merging
************************************************************
Setting for clock gate merging......
Setting all modes active.
Information: CTS will work on the following scenarios. (CTS-101)
   default	(Mode: default; Corner: default)
Information: CTS will work on all clocks in active scenarios, including 2 master clocks and 0 generated clocks. (CTS-107)
Output units used in this log:
   Time        : 1.00ns
   Resistance  : 1.00kOhm
   Capacitance : 1.00pF
   Power       : 1.00pW
   Length      : 1.00um
Information: Clock derating is enabled

CTS related app options set by user:
   No CTS related app option is set.

Collecting ICGs in clock trees......

Searching for equivalent ICGs......

Merging equivalent ICGs......

Clearing settings of clock gate merging......
Clearing enable all modes setting.

Information: Total 0 ICGs are not considered in merging for reasons: don't touch - 0; fixed - 0; other reasons - 0. (CTS-124)
 - message 'CTS-125' limit is (10).

Information: Total 0 ICGs are unique in the design. (CTS-126)
 - message 'CTS-127' limit is (10).

************************************************************
* CTS STEP: Summary
************************************************************
merge_clock_gates Statistics: Total
    ICG                       0
    Merged                    0
    Survived                  0
    Removed                   0
    ICG at the end            0


Summary of messages during CTS:
===============================================================
  Tag   Count  Type           Description
---------------------------------------------------------------
 No error or warning message.
Number of Site types in the design = 1
Setting up Chip Core
Chip Core shape: (0 0) (4296600 4284000)
Number of VARs = 1
Number of unique PDs = 1
Number of Power Domains = 1
Number of Voltage Areas = 1
Number of supply Nets = 2
Number of used supplies = 0
Blocked VAs: 
INFO: sweep stats: 0 gates / 0 nets gobbled, 0 gates (0 seq) simplified
Running initial placement
----------------------------------------------------------------
running create_placement
CGRW: permuting timing equivalent pins only
Corner Scaling is off, multiplier is 1.000000
Information: timingScenario default timingCorner default.  Using corner default for worst leakage corner. (OPT-078)
Information: Using default layer METAL4 (Current) (OPT-079)
new default layer same as orig default layer
Information: Using default layer METAL4 (Inferior) (OPT-079)
Information: Nominal = 0.1347885  Design MT = 0.800000  Target = 0.6946049  MaxRC = 0.380783 Fast Target = 0.268452 (OPT-081)
nplLib: default vr hor dist = 3491
nplLib: default vr ver dist = 3491
nplLib: default vr buf size = 11
nplLib: default vr buf size = 5
Placer using max_unbuffered_distance = 3491.15
Info: embedded eLpp will optimize for scenario default
Information: Activity propagation will be performed for scenario default.
Information: Doing activity propagation for mode 'default' and corner 'default' with effort level 'medium'. (POW-024)
Information: Timer-derived activity data is cached on scenario default (POW-052)
Information: Running switching activity propagation with 8 threads!

 **** Information : No. of simulation cycles = 7 ****
Info: e-eLpp used with low effort

Placement Options:
Effort:                        high_effort         
Timing Driven:                 true                
Buffering Aware Timing Driven: true                
Seed locs:                     false               
Incremental:                   false               
Congestion:                    false               
Fix Macros:                    true                
Place Macros:                  false               
Channel Size Macros:           false               


Start transferring placement data.
Warning: a large fraction of the nets have zero toggle rate (69.4134%)
****** eLpp estimated wire length 
6.15484% of the net wire length are clock nets
63.062% of the clock net wire length has no activity
Clock net wire length: 1.54969e+08
Total net wire length: 2.51785e+09
****** eLpp weights (no caps) (no lengths)
Number of nets: 3665, of which 3623 non-clock nets
Number of nets with 0 toggle rate: 2544 (69.4134%)
Max toggle rate = 0.666667, average toggle rate = 0.00213629
Max non-clock toggle rate = 0.0347726
eLpp weight range = (0, 312.068)
*** 14 nets are filtered out
****** Net weight manager: report ******
Weights included: eLpp  PostEffort  
Number of nets with non-default weights: 3665
Amt power = 0.1
Non-default weight range: (0.9, 24)
                             Min         Max         Avg       Stdev        Skew
       Toggle Rates            0    0.666667  0.00213629   0.0135472     34.3279
      Power Weights            0         191    0.966967     4.86429     20.9853
      Final Weights          0.9          24     1.04254    0.728929     14.6387
Information: Automatic repeater spreading is enabled.
Restructuring in 44 hierarchies
CGRW: importing permutable pins & pairs, size 8 and above
Information: Automatic timing control is enabled.
checking app option clockgate_objective_weight : none
Using worst RC corner 'default' for buffer aware analysis.
DTDP placement: scenario=default
Information: The net parasitics of block sar_digi_paper_core are cleared. (TIM-123)
Completed transferring placement data.
Running placement using 8 thread(s)
Information: Enhanced Auto Density Control is used. (PLACE-098)
Information: Enhanced auto density configuration is 13179.
Information: Automatic density control has selected the following settings: max_density 0.60, congestion_driven_max_util 0.87. (PLACE-027)
Information: HFW control 'on' invoked.
Creating placement from scratch.
coarse place 0% done.
Selected 751 sequential cells for slack balancing.
coarse place 9% done.
coarse place 18% done.
coarse place 27% done.
coarse place 36% done.
coarse place 45% done.
Warning: a large fraction of the nets have zero toggle rate (69.3588%)
coarse place 55% done.
Warning: a large fraction of the nets have zero toggle rate (69.3588%)
coarse place 64% done.
Warning: a large fraction of the nets have zero toggle rate (69.3588%)
coarse place 73% done.
Warning: a large fraction of the nets have zero toggle rate (69.3588%)
coarse place 82% done.
Warning: a large fraction of the nets have zero toggle rate (69.3588%)
coarse place 91% done.
Warning: a large fraction of the nets have zero toggle rate (69.3315%)
coarse place 100% done.
Information: Coarse placer wire length estimate = 254200
Information: Coarse placer active wire length estimate = 2014.35
Information: Coarse placer weighted wire length estimate = 373300
Information: Extraction observers are detached as design net change threshold is reached.
Stored 0 bounds for preserving balanced registers 
START_CMD: optimize_dft        CPU:     45 s ( 0.01 hr) ELAPSE:     47 s ( 0.01 hr) MEM-PEAK:  2147 Mb Fri Sep 18 20:20:55 2026
END_CMD: optimize_dft          CPU:     45 s ( 0.01 hr) ELAPSE:     47 s ( 0.01 hr) MEM-PEAK:  2147 Mb Fri Sep 18 20:20:55 2026
----------------------------------------------------------------
Information: Ending   place_opt / initial_place / Initial Placement (FLW-8001)
Information: Time: 2026-09-18 20:20:55 / Session:  00:00:47 / Command:  00:00:22 / CPU:  00:00:15 / Memory: 2147 MB (FLW-8100)


Information: Ending   place_opt / initial_place (FLW-8001)
Information: Time: 2026-09-18 20:20:55 / Session:  00:00:47 / Command:  00:00:22 / CPU:  00:00:15 / Memory: 2147 MB (FLW-8100)

----------------------------------------------------------------------------------------------------------
Information: Starting place_opt / initial_drc (FLW-8000)
Information: Time: 2026-09-18 20:20:55 / Session:  00:00:47 / Command:  00:00:22 / CPU:  00:00:15 / Memory: 2147 MB (FLW-8100)
----------------------------------------------------------------------------------------------------------


Information: Starting place_opt / initial_drc / High Fanout Synthesis (FLW-8000)
Information: Time: 2026-09-18 20:20:55 / Session:  00:00:47 / Command:  00:00:22 / CPU:  00:00:15 / Memory: 2147 MB (FLW-8100)
Information: The stitching and editing of coupling caps is turned OFF for design 'sar16_pnr_paper_core:sar_digi_paper_core.design'. (TIM-125)
Information: Design Average RC for design sar_digi_paper_core  (NEX-011)
Information: r = 0.279051 ohm/um, via_r = 5.000000 ohm/cut, c = 0.489911 ff/um, cc = 0.000000 ff/um (X dir) (NEX-017)
Information: r = 0.240639 ohm/um, via_r = 5.000000 ohm/cut, c = 0.203005 ff/um, cc = 0.000000 ff/um (Y dir) (NEX-017)
Information: The RC mode used is VR for design 'sar_digi_paper_core'. (NEX-022)
Information: Update timing completed net estimation for all the timing graph nets (TIM-111)
Information: Net estimation statistics: timing graph nets = 3665, routed nets = 0, across physical hierarchy nets = 0, parasitics cached nets = 3665, delay annotated nets = 0, parasitics annotated nets = 0, multi-voltage nets = 0. (TIM-112)
Running initial HFS and DRC step.
Information: Initializing classic cellmap without advanced rules enabled and without PDC enabled
Information: The following app options are used in cellmap
        place.legalize.enable_color_aware_placement : false
        place.legalize.use_nll_query_cm : false
        place.legalize.enable_advanced_legalizer : false
        place.legalize.enable_prerouted_net_check : true
        place.legalize.enable_advanced_prerouted_net_check : false
        place.legalize.always_continue : true
        place.legalize.limit_legality_checks : false
        place.common.pnet_aware_density : 1.0000
        place.common.pnet_aware_min_width : 0.0000
        place.common.pnet_aware_layers : {}
        place.common.use_placement_model : false
        place.common.enable_advanced_placement_model : true
        cts.placement.cell_spacing_rule_style : maximum
Total 0.0093 seconds to build cellmap data
INFO: creating 17(r) x 18(c) GridCells YDim 25.2 XDim 25.2
INFO: number of GridCells (sar_digi_paper_core): 306
INFO: creating 17(r) x 18(c) GridCells YDim 25.2 XDim 25.2
INFO: number of GridCells (sar_digi_paper_core): 306
Total 0.0256 seconds to load 3513 cell instances into cellmap, 3513 cells are off site row
Moveable cells: 3513; Application fixed cells: 0; Macro cells: 0; User fixed cells: 0
Average cell width 5.7373, cell height 5.0400, cell area 28.9159 for total 3513 placed and application fixed cells
Information: Current block utilization is '0.55190', effective utilization is '0.55187'. (OPT-055)

    Scenario default  WNS = 0.000000, TNS = 0.000000, NVP = 0

     ELAPSED  WORST NEG TOTAL NEG              MAX       MAX     BUFFER    INVERTER   LVTH      LVTH      PEAK   
      TIME      SLACK     SLACK     AREA    TRAN COST CAP COST    COUNT     COUNT     COUNT    PERCENT   MEMORY  
    --------- --------- --------- --------- --------- --------- --------- --------- --------- --------- ---------
      0:00:47     0.000     0.000 1.016e+05   225.359     0.000         8       378         0     0.000      2147 

APSINFO: No multi-Vth libcells found, turning off percentage LVT optimization flow
APS-CHARZ: Performing leakage analysis
START_FUNC: psynopt_delay_opto CPU:     46 s ( 0.01 hr) ELAPSE:     48 s ( 0.01 hr) MEM-PEAK:  2147 Mb Fri Sep 18 20:20:55 2026

    Processing cells .....10%.....20%.....30%.....40%.....50%.....60%.....70%.....80%.....90%.....100%
INFO: sweep stats: 0 gates / 12 nets gobbled, 40 gates (0 seq) simplified
Isolated 0 ports, skipped 0 ports
Already Isolated 0 ports, Deleted 0 existing Isolation cells 

    Processing cells .....10%.....20%.....30%.....40%.....50%.....60%.....70%.....80%.....90%.....100%

    Scenario default  WNS = 0.000000, TNS = 0.000000, NVP = 0

     ELAPSED  WORST NEG TOTAL NEG              MAX       MAX     BUFFER    INVERTER   LVTH      LVTH      PEAK   
      TIME      SLACK     SLACK     AREA    TRAN COST CAP COST    COUNT     COUNT     COUNT    PERCENT   MEMORY  
    --------- --------- --------- --------- --------- --------- --------- --------- --------- --------- ---------
      0:00:48     0.000     0.000 1.016e+05   226.088     0.000        48       378         0     0.000      2147 

END_FUNC: psynopt_delay_opto   CPU:     47 s ( 0.01 hr) ELAPSE:     48 s ( 0.01 hr) MEM-PEAK:  2147 Mb Fri Sep 18 20:20:55 2026
Corner Scaling is off, multiplier is 1.000000

    Scenario default  WNS = 0.000000, TNS = 0.000000, NVP = 0
    Scenario default  WNHS = 0.120703, TNHS = 0.120703, NHVP = 1

     ELAPSED  WORST NEG TOTAL NEG              MAX       MAX     BUFFER    INVERTER   LVTH      LVTH      PEAK     MIN DELAY 
      TIME      SLACK     SLACK     AREA    TRAN COST CAP COST    COUNT     COUNT     COUNT    PERCENT   MEMORY       COST   
    --------- --------- --------- --------- --------- --------- --------- --------- --------- --------- --------- -----------
      0:00:48     0.000     0.000 1.016e+05   226.088     0.000        48       378         0     0.000      2147    -0.121

Information: timingScenario default timingCorner default.  Using corner default for worst leakage corner. (OPT-078)
Information: Using default layer METAL4 (Current) (OPT-079)
new default layer same as orig default layer
Information: Using default layer METAL4 (Inferior) (OPT-079)
Information: Nominal = 0.1347885  Design MT = 0.800000  Target = 0.6946049  MaxRC = 0.380783 Fast Target = 0.268452 (OPT-081)
Collecting Drivers ...  
Design max_transition = 0.800
Design max_capacitance = inf
Using layer METAL4 for buffering distances in roi (originally METAL4)
GRE layer bins: None, METAL2
Running clock data isolation flow.
Found 0 buffer-tree drivers
No violators found
Running tristate isolation flow.
TSI: added 0 repeaters
Running mv isolation flow.
Found 0 buffer-tree drivers
No violators found
Found 414 buffer-tree drivers

Roi-HfsDrc SN: 1798569713 435980330 0 67108865 (3000.000000)

Processing Buffer Trees  (ROI) ... 

    [42]  10% ...
    [84]  20% ...
    [126]  30% ...
    [168]  40% ...
    [210]  50% ...
    [252]  60% ...
    [294]  70% ...
    [336]  80% ...
    [378]  90% ...
    [414] 100% Done

                  Deleted        Added
------------ ------------ ------------
    Buffers:           18          337
  Inverters:          135          171
------------ ------------ ------------
      Total:          153          508
------------ ------------ ------------

Number of Drivers Sized: 122 [29.47%]

                      P: 43 [10.39%]
                      N: 79 [19.08%]

Zbuf-RUNTIME (Hr:Min:Sec)  CPU 0 hr : 0 min : 1.72 sec ELAPSE 0 hr : 0 min : 0.53 sec
Zbuf-RUNTIME         (Min) CPU 0 min ELAPSE 0 min
ZBuf-MEM(max-mem) total 2198824 K / inuse 706992 K
Information: The net parasitics of block sar_digi_paper_core are cleared. (TIM-123)
Information: The stitching and editing of coupling caps is turned OFF for design 'sar16_pnr_paper_core:sar_digi_paper_core.design'. (TIM-125)
Information: Design Average RC for design sar_digi_paper_core  (NEX-011)
Information: r = 0.279006 ohm/um, via_r = 4.999999 ohm/cut, c = 0.489335 ff/um, cc = 0.000000 ff/um (X dir) (NEX-017)
Information: r = 0.240639 ohm/um, via_r = 5.000000 ohm/cut, c = 0.201819 ff/um, cc = 0.000000 ff/um (Y dir) (NEX-017)
Information: The RC mode used is VR for design 'sar_digi_paper_core'. (NEX-022)
Information: Update timing completed net estimation for all the timing graph nets (TIM-111)
Information: Net estimation statistics: timing graph nets = 4020, routed nets = 0, across physical hierarchy nets = 0, parasitics cached nets = 4020, delay annotated nets = 0, parasitics annotated nets = 0, multi-voltage nets = 0. (TIM-112)

    Scenario default  WNS = 0.000000, TNS = 0.000000, NVP = 0

     ELAPSED  WORST NEG TOTAL NEG              MAX       MAX     BUFFER    INVERTER   LVTH      LVTH      PEAK   
      TIME      SLACK     SLACK     AREA    TRAN COST CAP COST    COUNT     COUNT     COUNT    PERCENT   MEMORY  
    --------- --------- --------- --------- --------- --------- --------- --------- --------- --------- ---------
      0:00:48     0.000     0.000 1.112e+05    19.742     0.000       367       414         0     0.000      2147 


    Scenario default  WNS = 0.000000, TNS = 0.000000, NVP = 0

     ELAPSED  WORST NEG TOTAL NEG              MAX       MAX     BUFFER    INVERTER   LVTH      LVTH      PEAK   
      TIME      SLACK     SLACK     AREA    TRAN COST CAP COST    COUNT     COUNT     COUNT    PERCENT   MEMORY  
    --------- --------- --------- --------- --------- --------- --------- --------- --------- --------- ---------
      0:00:48     0.000     0.000 1.112e+05    19.742     0.000       367       414         0     0.000      2147 

Information: Ending   place_opt / initial_drc / High Fanout Synthesis (FLW-8001)
Information: Time: 2026-09-18 20:20:56 / Session:  00:00:48 / Command:  00:00:24 / CPU:  00:00:19 / Memory: 2147 MB (FLW-8100)


Information: Ending   place_opt / initial_drc (FLW-8001)
Information: Time: 2026-09-18 20:20:56 / Session:  00:00:48 / Command:  00:00:24 / CPU:  00:00:19 / Memory: 2147 MB (FLW-8100)

----------------------------------------------------------------------------------------------------------
Information: Starting place_opt / initial_opto (FLW-8000)
Information: Time: 2026-09-18 20:20:56 / Session:  00:00:48 / Command:  00:00:24 / CPU:  00:00:19 / Memory: 2147 MB (FLW-8100)
----------------------------------------------------------------------------------------------------------


Information: Starting place_opt / initial_opto / Optimization (FLW-8000)
Information: Time: 2026-09-18 20:20:56 / Session:  00:00:48 / Command:  00:00:24 / CPU:  00:00:19 / Memory: 2147 MB (FLW-8100)

Information: The net parasitics of block sar_digi_paper_core are cleared. (TIM-123)
Information: The stitching and editing of coupling caps is turned OFF for design 'sar16_pnr_paper_core:sar_digi_paper_core.design'. (TIM-125)
Information: Design Average RC for design sar_digi_paper_core  (NEX-011)
Information: r = 0.279006 ohm/um, via_r = 4.999999 ohm/cut, c = 0.489335 ff/um, cc = 0.000000 ff/um (X dir) (NEX-017)
Information: r = 0.240639 ohm/um, via_r = 5.000000 ohm/cut, c = 0.201819 ff/um, cc = 0.000000 ff/um (Y dir) (NEX-017)
Number of Site types in the design = 1
Setting up Chip Core
Chip Core shape: (0 0) (4296600 4284000)
Number of VARs = 1
Number of unique PDs = 1
Number of Power Domains = 1
Number of Voltage Areas = 1
Number of supply Nets = 2
Number of used supplies = 0
Blocked VAs: 
Information: The RC mode used is VR for design 'sar_digi_paper_core'. (NEX-022)
Information: Update timing completed net estimation for all the timing graph nets (TIM-111)
Information: Net estimation statistics: timing graph nets = 4020, routed nets = 0, across physical hierarchy nets = 0, parasitics cached nets = 4020, delay annotated nets = 0, parasitics annotated nets = 0, multi-voltage nets = 0. (TIM-112)

    Scenario default  WNS = 0.000000, TNS = 0.000000, NVP = 0

     ELAPSED  WORST NEG TOTAL NEG              MAX       MAX     BUFFER    INVERTER   LVTH      LVTH      PEAK   
      TIME      SLACK     SLACK     AREA    TRAN COST CAP COST    COUNT     COUNT     COUNT    PERCENT   MEMORY  
    --------- --------- --------- --------- --------- --------- --------- --------- --------- --------- ---------
      0:00:48     0.000     0.000 1.112e+05    19.742     0.000       367       414         0     0.000      2147 

Running initial optimization step.
Place-opt command begin                   CPU:    39 s (  0.01 hr )  ELAPSE:    49 s (  0.01 hr )  MEM-PEAK:  2147 MB
Info: update em.

Place-opt timing update complete          CPU:    39 s (  0.01 hr )  ELAPSE:    49 s (  0.01 hr )  MEM-PEAK:  2147 MB
INFO: Propagating Switching Activities
Information: Activity propagation will be performed for scenario default.
Information: Doing activity propagation for mode 'default' and corner 'default' with effort level 'medium'. (POW-024)
Information: Timer-derived activity data is cached on scenario default (POW-052)
Information: Running switching activity propagation with 8 threads!

 **** Information : No. of simulation cycles = 7 ****
INFO: Switching Activity propagation took     0.00002 sec
INFO: Propagating Switching Activity for all power flows 

Place-opt initial QoR
_____________________
Scenario Mapping Table
1: default

Pathgroup Mapping Table
1: **default**
2: **async_default**
3: **clock_gating_default**
4: **in2reg_default**
5: **reg2out_default**
6: **in2out_default**
7: clk
8: dec_clk

-------------------------------------------------------------------------------------------------------------------------------------------------------------
PATHGROUP QOR 
-------------------------------------------------------------------------------------------------------------------------------------------------------------
Scene  PG      WNS        TNS    NSV      WHV        THV    NHV
    1   1   0.0000     0.0000      0        -          -      -
    1   2   0.0000     0.0000      0        -          -      -
    1   3   0.0000     0.0000      0        -          -      -
    1   4   0.0000     0.0000      0        -          -      -
    1   5   0.0000     0.0000      0        -          -      -
    1   6   0.0000     0.0000      0        -          -      -
    1   7   0.0000     0.0000      0        -          -      -
    1   8   0.0000     0.0000      0        -          -      -
----------------------------------------------------------------------------------------------------------------------------------------------------------------------
SCENARIO QOR 
----------------------------------------------------------------------------------------------------------------------------------------------------------------------
Scene  PG      WNS        TNS   R2RTNS    NSV      WHV        THV    NHV  MaxTrnV   MaxTranC  MaxCapV    Leakage
    1   *   0.0000     0.0000   0.0000      0        -          -      -        2     0.0053        0 4267098.50
----------------------------------------------------------------------------------------------------------------------------------------------------------------------
DESIGN QOR 
----------------------------------------------------------------------------------------------------------------------------------------------------------------------
Scene  PG      WNS        TNS   R2RTNS    NSV      WHV        THV    NHV  MaxTrnV   MaxTranC  MaxCapV    Leakage         Area    InstCnt     BufCnt     InvCnt
    *   *   0.0000     0.0000   0.0000      0   0.0000     0.0000      0        2     0.0053        0 4267098.50    111224.84       3868        367        414
----------------------------------------------------------------------------------------------------------------------------------------------------------------------

Place-opt initial QoR Summary       WNS        TNS   R2RTNS    NSV      WHV        THV    NHV  MaxTrnV  MaxCapV    Leakage         Area    InstCnt
Place-opt initial QoR Summary    0.0000     0.0000   0.0000      0   0.0000     0.0000      0        2        0 4267098.50    111224.84       3868
Information: The netlist change observers are disabled for incremental extraction. (TIM-126)
INFO: using 8 threads
Place-opt initialization complete         CPU:    45 s (  0.01 hr )  ELAPSE:    50 s (  0.01 hr )  MEM-PEAK:  2147 MB
Place-opt optimization summary            SETUP-COST    R2R-COST HOLD-COST LDRC-COST          AREA     LEAKAGE     INSTCNT            ELAPSE       MEM
Information: The netlist change observers are enabled for incremental extraction. (TIM-127)

Place-opt optimization Phase 15 Iter  1         0.00        0.00      0.00        35     111224.84  4267098.50        3868              0.01      2147

Information: Initializing classic cellmap without advanced rules enabled and without PDC enabled
Information: The following app options are used in cellmap
        place.legalize.enable_color_aware_placement : false
        place.legalize.use_nll_query_cm : false
        place.legalize.enable_advanced_legalizer : false
        place.legalize.enable_prerouted_net_check : true
        place.legalize.enable_advanced_prerouted_net_check : false
        place.legalize.always_continue : true
        place.legalize.limit_legality_checks : false
        place.common.pnet_aware_density : 1.0000
        place.common.pnet_aware_min_width : 0.0000
        place.common.pnet_aware_layers : {}
        place.common.use_placement_model : false
        place.common.enable_advanced_placement_model : true
        cts.placement.cell_spacing_rule_style : maximum
Total 0.0064 seconds to build cellmap data
INFO: creating 29(r) x 29(c) GridCells YDim 15.12 XDim 15.12
INFO: number of GridCells (sar_digi_paper_core): 841
INFO: creating 29(r) x 29(c) GridCells YDim 15.12 XDim 15.12
INFO: number of GridCells (sar_digi_paper_core): 841
Total 0.0277 seconds to load 3868 cell instances into cellmap, 3360 cells are off site row
Moveable cells: 3868; Application fixed cells: 0; Macro cells: 0; User fixed cells: 0
Average cell width 5.7054, cell height 5.0400, cell area 28.7551 for total 3868 placed and application fixed cells
Place-opt optimization Phase 16 Iter  1         0.00        0.00      0.00         1     111224.84  4267098.50        3868              0.01      2147

Place-opt optimization Phase 17 Iter  1         0.00        0.00      0.00         1     111224.84  4267098.50        3868              0.01      2147

Place-opt optimization Phase 18 Iter  1         0.00        0.00      0.00         1     106920.48  3625417.00        3868              0.01      2147
INFO: New Levelizer turned on
Place-opt optimization Phase 18 Iter  2         0.00        0.00      0.00         1     106920.48  3625417.00        3868              0.01      2147
Place-opt optimization Phase 18 Iter  3         0.00        0.00      0.00         1     106920.48  3625658.00        3868              0.01      2147
Place-opt optimization Phase 18 Iter  4         0.00        0.00      0.00         1     106920.48  3625658.00        3868              0.01      2147

Multi-thread GR for layer opto ...
Start Global Route ... 
[Init] Elapsed real time: 0:00:00 
[Init] Elapsed cpu  time: sys=0:00:00 usr=0:00:00 total=0:00:00
[Init] Stage (MB): Used    0  Alloctr    0  Proc    0 
[Init] Total (MB): Used    7  Alloctr    7  Proc 6005 
Printing options for 'route.common.*'

Printing options for 'route.global.*'
global.deterministic                                    :	 on                  
global.timing_driven                                    :	 false               

Begin global routing.
NEX(Warning): extract.rc_techfile_for_diode_mode_26_thickness not set, will igonre it
Cell Min-Routing-Layer = METAL1
Cell Max-Routing-Layer = METAL6
Turn off antenna since no rule is specified
Information: Option route.detail.force_end_on_preferred_grid will be ignored since none of the layers have preferred grid. (ZRT-703)
Info: number of net_type_blockage: 0 
Information: Via ladder engine would be activated for pattern must join connection in certain commands. Please refer to man-page for the command list. (ZRT-619)
Warning: Port  VDD at {{294.803,427.822} {296.783,428.797}} is out of boundary. Cannot be routed. (ZRT-720)
Warning: Port  VDD at {{396.660,-0.400} {409.200,1.990}} is out of boundary. Cannot be routed. (ZRT-720)
Warning: Port  VDD at {{247.074,427.822} {249.054,428.797}} is out of boundary. Cannot be routed. (ZRT-720)
Warning: Port  VDD at {{283.315,427.177} {284.635,428.797}} is out of boundary. Cannot be routed. (ZRT-720)
Warning: Port  VDD at {{244.067,427.177} {245.387,428.797}} is out of boundary. Cannot be routed. (ZRT-720)
Warning: Port  VDD at {{302.591,427.822} {304.571,428.797}} is out of boundary. Cannot be routed. (ZRT-720)
Warning: Port  VDD at {{307.542,427.822} {310.182,428.797}} is out of boundary. Cannot be routed. (ZRT-720)
Warning: Port  VDD at {{320.572,427.177} {321.892,428.797}} is out of boundary. Cannot be routed. (ZRT-720)
Warning: Port  VDD at {{351.905,427.177} {353.225,428.797}} is out of boundary. Cannot be routed. (ZRT-720)
Warning: Port  VDD at {{381.480,-0.400} {384.120,0.575}} is out of boundary. Cannot be routed. (ZRT-720)
Skipping 38 ectangle_only route guides because they don't cover the design boundary in the layer's  preferred direction.
Information: When applicable Min-max layer allow_pin_connection mode will allow paths of length 6.70 outside the layer range. (ZRT-707)
Information: When applicable Min-max layer allow_pin_connection mode will allow paths of length 6.70 outside the layer range on clock nets. (ZRT-718)
Information: When applicable layer based tapering will taper up to 0.00 in distance from the pin. (ZRT-706)
Warning: Standard cell pin AOI2BB2XL/Y has no valid via regions. (ZRT-044)
Warning: Standard cell pin NAND4X1/A has no valid via regions. (ZRT-044)
Warning: Standard cell pin NOR4BX1/C has no valid via regions. (ZRT-044)
Warning: Standard cell pin NOR4BX1/D has no valid via regions. (ZRT-044)
Warning: Standard cell pin ADDFX2/B has no valid via regions. (ZRT-044)
Warning: Standard cell pin ADDFXL/B has no valid via regions. (ZRT-044)
Warning: Standard cell pin NOR3XL/A has no valid via regions. (ZRT-044)
Warning: Standard cell pin AOI211X1/B0 has no valid via regions. (ZRT-044)
Warning: Standard cell pin OAI21XL/Y has no valid via regions. (ZRT-044)
Warning: Standard cell pin NAND3X1/A has no valid via regions. (ZRT-044)
Warning: Standard cell pin AOI21XL/Y has no valid via regions. (ZRT-044)
Warning: Standard cell pin NAND3XL/A has no valid via regions. (ZRT-044)
Warning: Standard cell pin OAI2BB1X2/Y has no valid via regions. (ZRT-044)
Warning: Standard cell pin AOI21X1/A0 has no valid via regions. (ZRT-044)
Warning: Standard cell pin AOI21X1/B0 has no valid via regions. (ZRT-044)
Warning: Standard cell pin NOR2BX2/Y has no valid via regions. (ZRT-044)
Warning: Standard cell pin AND2XL/Y has no valid via regions. (ZRT-044)
Warning: Standard cell pin AOI32XL/Y has no valid via regions. (ZRT-044)
Warning: Standard cell pin NOR3BX2/AN has no valid via regions. (ZRT-044)
Warning: Standard cell pin NOR2X4/A has no valid via regions. (ZRT-044)
Warning: Standard cell pin NOR3BX2/B has no valid via regions. (ZRT-044)
Warning: Standard cell pin NOR2X4/B has no valid via regions. (ZRT-044)
Warning: Standard cell pin NOR3BX2/Y has no valid via regions. (ZRT-044)
Warning: Standard cell pin ADDFHX1/CI has no valid via regions. (ZRT-044)
Warning: Standard cell pin ADDFHX1/CO has no valid via regions. (ZRT-044)
Warning: Standard cell pin XNOR2X1/B has no valid via regions. (ZRT-044)
Warning: Standard cell pin ADDFHX1/S has no valid via regions. (ZRT-044)
Warning: Standard cell pin XNOR2X1/Y has no valid via regions. (ZRT-044)
Warning: Standard cell pin OAI2BB1X1/Y has no valid via regions. (ZRT-044)
Warning: Standard cell pin INVX12/A has no valid via regions. (ZRT-044)
Warning: Standard cell pin DFFSXL/Q has no valid via regions. (ZRT-044)
Warning: Standard cell pin AOI2BB1X1/Y has no valid via regions. (ZRT-044)
Warning: Standard cell pin NAND2X2/B has no valid via regions. (ZRT-044)
Warning: Standard cell pin AOI2BB1XL/Y has no valid via regions. (ZRT-044)
Warning: Standard cell pin NAND2X2/Y has no valid via regions. (ZRT-044)
Warning: Standard cell pin BUFX2/Y has no valid via regions. (ZRT-044)
Warning: Standard cell pin NAND2XL/Y has no valid via regions. (ZRT-044)
Warning: Standard cell pin CMPR22X1/CO has no valid via regions. (ZRT-044)
Warning: Standard cell pin CMPR32X1/B has no valid via regions. (ZRT-044)
Warning: Standard cell pin NOR3X1/A has no valid via regions. (ZRT-044)
Warning: Standard cell pin XOR2X1/B has no valid via regions. (ZRT-044)
Warning: Standard cell pin XOR2X1/Y has no valid via regions. (ZRT-044)
Warning: Standard cell pin TLATNXL/QN has no valid via regions. (ZRT-044)
Warning: Standard cell pin XOR2XL/B has no valid via regions. (ZRT-044)
Warning: Standard cell pin XOR2XL/Y has no valid via regions. (ZRT-044)
Warning: Standard cell pin XNOR2XL/B has no valid via regions. (ZRT-044)
Warning: Standard cell pin XNOR2XL/Y has no valid via regions. (ZRT-044)
Warning: Standard cell pin OAI31XL/A0 has no valid via regions. (ZRT-044)
Warning: Standard cell pin OAI31XL/Y has no valid via regions. (ZRT-044)
Warning: Standard cell pin AOI2BB2X1/B0 has no valid via regions. (ZRT-044)
Warning: Standard cell pin AOI2BB1X2/B0 has no valid via regions. (ZRT-044)
Warning: Standard cell pin OAI2BB1XL/Y has no valid via regions. (ZRT-044)
Warning: Standard cell pin DFFSX1/CK has no valid via regions. (ZRT-044)
Warning: Standard cell pin AOI211XL/Y has no valid via regions. (ZRT-044)
Warning: Standard cell pin OAI31X1/Y has no valid via regions. (ZRT-044)
Warning: Standard cell pin OAI22X1/Y has no valid via regions. (ZRT-044)
Warning: Standard cell pin AOI22XL/Y has no valid via regions. (ZRT-044)
Warning: Standard cell pin OAI22XL/Y has no valid via regions. (ZRT-044)
Warning: Standard cell pin NAND4XL/B has no valid via regions. (ZRT-044)
Warning: Standard cell pin NAND4XL/C has no valid via regions. (ZRT-044)
Warning: Standard cell pin NAND4XL/D has no valid via regions. (ZRT-044)
Warning: Standard cell pin AOI31XL/Y has no valid via regions. (ZRT-044)
Warning: Standard cell pin NOR4BXL/C has no valid via regions. (ZRT-044)
Warning: Standard cell pin NOR4BXL/D has no valid via regions. (ZRT-044)
Warning: Cell u_calib_ctrl/U473 is placed overlapping with other cells at {{143.225 12.034} {145.865 17.074}}. (ZRT-763)
Warning: Cell u_calib_ctrl/U1077 is placed overlapping with other cells at {{174.833 0.866} {178.793 5.906}}. (ZRT-763)
Warning: Cell u_calib_ctrl/U1075 is placed overlapping with other cells at {{251.718 14.149} {255.678 19.189}}. (ZRT-763)
Warning: Cell u_srm_residue/U9 is placed overlapping with other cells at {{367.668 7.899} {369.648 12.939}}. (ZRT-763)
Warning: Cell u_srm_residue/HFSINV_106_588 is placed overlapping with other cells at {{400.620 5.040} {404.580 10.080}}. (ZRT-763)
Warning: Cell u_calib_ctrl/U2042 is placed overlapping with other cells at {{78.350 92.771} {81.650 97.811}}. (ZRT-763)
Warning: Cell u_calib_ctrl/U725 is placed overlapping with other cells at {{98.841 117.390} {100.821 122.430}}. (ZRT-763)
Warning: Cell u_calib_ctrl/U888 is placed overlapping with other cells at {{213.225 78.291} {217.845 83.331}}. (ZRT-763)
Warning: Cell u_calib_ctrl/HFSBUF_178_481 is placed overlapping with other cells at {{256.740 105.840} {259.380 110.880}}. (ZRT-763)
Warning: Cell u_srm_residue/clk_gate_stall_cnt_reg/SGI4_38 is placed overlapping with other cells at {{374.468 88.892} {377.108 93.932}}. (ZRT-763)
Warning: Cell U10 is placed overlapping with other cells at {{423.277 92.976} {424.597 98.016}}. (ZRT-763)
Warning: Cell u_calib_ctrl/shadow_weights_reg[3][24] is placed overlapping with other cells at {{31.842 187.562} {44.382 192.602}}. (ZRT-763)
Warning: Cell u_calib_ctrl/U591 is placed overlapping with other cells at {{81.874 162.995} {85.174 168.035}}. (ZRT-763)
Warning: Cell u_calib_ctrl/HFSINV_19_388 is placed overlapping with other cells at {{172.920 166.320} {175.560 171.360}}. (ZRT-763)
Warning: Cell u_calib_ctrl/U223 is placed overlapping with other cells at {{306.949 179.198} {308.930 184.238}}. (ZRT-763)
Warning: Cell u_calib_ctrl/U1139 is placed overlapping with other cells at {{333.527 170.050} {336.827 175.090}}. (ZRT-763)
Warning: Cell u_calib_ctrl/U1657 is placed overlapping with other cells at {{401.129 197.640} {403.109 202.680}}. (ZRT-763)
Warning: Cell u_calib_ctrl/shadow_weights_reg[11][5] is placed overlapping with other cells at {{27.063 266.879} {39.603 271.919}}. (ZRT-763)
Warning: Cell u_calib_ctrl/shadow_weights_reg[11][23] is placed overlapping with other cells at {{95.013 249.967} {107.553 255.007}}. (ZRT-763)
Warning: Cell u_calib_ctrl/calc_result_r_reg[11] is placed overlapping with other cells at {{215.372 284.641} {227.912 289.681}}. (ZRT-763)
Warning: Cell u_calib_ctrl/U893 is placed overlapping with other cells at {{261.503 245.741} {264.803 250.781}}. (ZRT-763)
Warning: Cell u_calib_ctrl/U345 is placed overlapping with other cells at {{328.352 249.402} {331.652 254.442}}. (ZRT-763)
Warning: Cell u_calib_ctrl/U1031 is placed overlapping with other cells at {{414.774 257.762} {418.074 262.802}}. (ZRT-763)
Warning: Cell u_calib_ctrl/U620 is placed overlapping with other cells at {{97.436 336.673} {101.396 341.713}}. (ZRT-763)
Warning: Cell u_calib_ctrl/HFSINV_4_233 is placed overlapping with other cells at {{205.920 327.600} {208.560 332.640}}. (ZRT-763)
Warning: Cell u_calib_ctrl/U31 is placed overlapping with other cells at {{279.862 321.320} {282.502 326.360}}. (ZRT-763)
Warning: Cell u_calib_ctrl/U137 is placed overlapping with other cells at {{328.558 324.487} {331.858 329.527}}. (ZRT-763)
Warning: Cell u_calib_ctrl/U98 is placed overlapping with other cells at {{414.352 321.251} {416.332 326.291}}. (ZRT-763)
Warning: Cell u_calib_ctrl/HFSINV_34_400 is placed overlapping with other cells at {{88.440 398.160} {91.080 403.200}}. (ZRT-763)
Warning: Cell u_calib_ctrl/U405 is placed overlapping with other cells at {{246.270 417.193} {247.590 422.233}}. (ZRT-763)
Warning: Cell u_calib_ctrl/U134 is placed overlapping with other cells at {{319.066 411.980} {321.046 417.020}}. (ZRT-763)
Current Stage stats:
[End of Read DB] Elapsed real time: 0:00:00 
[End of Read DB] Elapsed cpu  time: sys=0:00:00 usr=0:00:00 total=0:00:00
[End of Read DB] Stage (MB): Used   17  Alloctr   18  Proc  -32 
[End of Read DB] Total (MB): Used   24  Alloctr   25  Proc 5973 
Constructing data structure ...
Design statistics:
Design Bounding Box (0.00um,0.00um,429.66um,428.40um)
Number of routing layers = 6
layer METAL1, dir Hor, min width = 0.23um, min space = 0.23um pitch = 0.56um
layer METAL2, dir Ver, min width = 0.28um, min space = 0.28um pitch = 0.66um
layer METAL3, dir Hor, min width = 0.28um, min space = 0.28um pitch = 0.56um
layer METAL4, dir Ver, min width = 0.28um, min space = 0.28um pitch = 0.66um
layer METAL5, dir Hor, min width = 0.28um, min space = 0.28um pitch = 0.61um
layer METAL6, dir Ver, min width = 0.44um, min space = 0.46um pitch = 0.95um
Current Stage stats:
[End of Build Tech Data] Elapsed real time: 0:00:00 
[End of Build Tech Data] Elapsed cpu  time: sys=0:00:00 usr=0:00:00 total=0:00:00
[End of Build Tech Data] Stage (MB): Used    0  Alloctr    0  Proc    0 
[End of Build Tech Data] Total (MB): Used   25  Alloctr   26  Proc 5973 
Net statistics:
Total number of nets     = 4022
Number of nets to route  = 3987
35 nets are fully connected,
 of which 35 are detail routed and 0 are global routed.
Current Stage stats:
[End of Build All Nets] Elapsed real time: 0:00:00 
[End of Build All Nets] Elapsed cpu  time: sys=0:00:00 usr=0:00:00 total=0:00:00
[End of Build All Nets] Stage (MB): Used    3  Alloctr    3  Proc    0 
[End of Build All Nets] Total (MB): Used   28  Alloctr   29  Proc 5973 
Net length statistics: 
Net Count(Ignore Fully Rted) 3987, Total Half Perimeter Wire Length (HPWL) 207496 microns
HPWL   0 ~   50 microns: Net Count     2994	Total HPWL        56142 microns
HPWL  50 ~  100 microns: Net Count      479	Total HPWL        33059 microns
HPWL 100 ~  200 microns: Net Count      286	Total HPWL        40796 microns
HPWL 200 ~  300 microns: Net Count       98	Total HPWL        24090 microns
HPWL 300 ~  400 microns: Net Count       68	Total HPWL        23456 microns
HPWL 400 ~  500 microns: Net Count       40	Total HPWL        17771 microns
HPWL 500 ~  600 microns: Net Count       20	Total HPWL        10961 microns
HPWL 600 ~  700 microns: Net Count        2	Total HPWL         1221 microns
HPWL 700 ~  800 microns: Net Count        0	Total HPWL            0 microns
HPWL 800 ~  900 microns: Net Count        0	Total HPWL            0 microns
HPWL 900 ~ 1000 microns: Net Count        0	Total HPWL            0 microns
HPWL     > 1000 microns: Net Count        0	Total HPWL            0 microns
Number of partitions: 1 (1 x 1)
Size of partitions: 85 gCells x 85 gCells
Average gCell capacity  1.38	 on layer (1)	 METAL1
Average gCell capacity  6.67	 on layer (2)	 METAL2
Average gCell capacity  8.98	 on layer (3)	 METAL3
Average gCell capacity  7.65	 on layer (4)	 METAL4
Average gCell capacity  8.25	 on layer (5)	 METAL5
Average gCell capacity  5.31	 on layer (6)	 METAL6
Average number of tracks per gCell 9.01	 on layer (1)	 METAL1
Average number of tracks per gCell 7.67	 on layer (2)	 METAL2
Average number of tracks per gCell 9.01	 on layer (3)	 METAL3
Average number of tracks per gCell 7.67	 on layer (4)	 METAL4
Average number of tracks per gCell 8.27	 on layer (5)	 METAL5
Average number of tracks per gCell 5.33	 on layer (6)	 METAL6
Number of gCells = 43350
Current Stage stats:
[End of Build Congestion Map] Elapsed real time: 0:00:00 
[End of Build Congestion Map] Elapsed cpu  time: sys=0:00:00 usr=0:00:00 total=0:00:00
[End of Build Congestion Map] Stage (MB): Used    1  Alloctr    1  Proc    0 
[End of Build Congestion Map] Total (MB): Used   30  Alloctr   31  Proc 5973 
Number of partitions: 1 (1 x 1)
Size of partitions: 85 gCells x 85 gCells
Current Stage stats:
[End of Add Nets Demand] Elapsed real time: 0:00:00 
[End of Add Nets Demand] Elapsed cpu  time: sys=0:00:00 usr=0:00:00 total=0:00:00
[End of Add Nets Demand] Stage (MB): Used    0  Alloctr    0  Proc    0 
[End of Add Nets Demand] Total (MB): Used   30  Alloctr   31  Proc 5973 
Number of user frozen nets = 0
Total stats:
[End of Build Data] Elapsed real time: 0:00:00 
[End of Build Data] Elapsed cpu  time: sys=0:00:00 usr=0:00:00 total=0:00:00
[End of Build Data] Stage (MB): Used    5  Alloctr    6  Proc    0 
[End of Build Data] Total (MB): Used   30  Alloctr   31  Proc 5973 
Number of partitions: 1 (1 x 1)
Size of partitions: 85 gCells x 85 gCells
Current Stage stats:
[End of Blocked Pin Detection] Elapsed real time: 0:00:00 
[End of Blocked Pin Detection] Elapsed cpu  time: sys=0:00:00 usr=0:00:00 total=0:00:00
[End of Blocked Pin Detection] Stage (MB): Used  104  Alloctr  104  Proc    0 
[End of Blocked Pin Detection] Total (MB): Used  134  Alloctr  135  Proc 5973 
Information: Using 8 threads for routing. (ZRT-444)
Information: Placement fast mode ON
Information: Multiple gcell levels ON
Information: Buffer distance is estimated to be ~6372.0000um (1264 gCells)

Start GR phase 0
Number of partitions: 1 (1 x 1)
Size of partitions: 85 gCells x 85 gCells
[rtAllBotParts] Elapsed real time: 0:00:00 
[rtAllBotParts] Elapsed cpu  time: sys=0:00:00 usr=0:00:00 total=0:00:00
[rtTop] Elapsed real time: 0:00:00 
[rtTop] Elapsed cpu  time: sys=0:00:00 usr=0:00:00 total=0:00:00
Current Stage stats:
[End of Initial Routing] Elapsed real time: 0:00:00 
[End of Initial Routing] Elapsed cpu  time: sys=0:00:00 usr=0:00:00 total=0:00:00
[End of Initial Routing] Stage (MB): Used    2  Alloctr    2  Proc    0 
[End of Initial Routing] Total (MB): Used  136  Alloctr  138  Proc 5973 
Initial. Routing result:
Initial. Both Dirs: Dmd-Cap  =     0 Max = 0 GRCs =     0 (0.00%)
Initial. H routing: Dmd-Cap  =     0 Max = 0 (GRCs =  0) GRCs =     0 (0.00%)
Initial. V routing: Dmd-Cap  =     0 Max = 0 (GRCs =  0) GRCs =     0 (0.00%)
Initial. Both Dirs: Overflow =   276 Max = 4 GRCs =   393 (2.72%)
Initial. H routing: Overflow =    24 Max = 2 (GRCs =  5) GRCs =    59 (0.82%)
Initial. V routing: Overflow =   251 Max = 4 (GRCs =  5) GRCs =   334 (4.62%)
Initial. METAL1     Overflow =     8 Max = 1 (GRCs = 11) GRCs =    11 (0.15%)
Initial. METAL2     Overflow =   251 Max = 4 (GRCs =  5) GRCs =   334 (4.62%)
Initial. METAL3     Overflow =    16 Max = 2 (GRCs =  5) GRCs =    48 (0.66%)
Initial. METAL4     Overflow =     0 Max = 0 (GRCs =  0) GRCs =     0 (0.00%)
Initial. METAL5     Overflow =     0 Max = 0 (GRCs =  0) GRCs =     0 (0.00%)
Initial. METAL6     Overflow =     0 Max = 0 (GRCs =  0) GRCs =     0 (0.00%)

Initial. Total Wire Length = 215251.28
Initial. Layer METAL1 wire length = 2066.62
Initial. Layer METAL2 wire length = 63777.07
Initial. Layer METAL3 wire length = 104450.83
Initial. Layer METAL4 wire length = 39822.57
Initial. Layer METAL5 wire length = 5053.55
Initial. Layer METAL6 wire length = 80.64
Initial. Total Number of Contacts = 24650
Initial. Via via1 count = 12433
Initial. Via via2 count = 10715
Initial. Via via3 count = 1414
Initial. Via via4 count = 85
Initial. Via via5 count = 3
Initial. completed.

Start GR phase 1
Fri Sep 18 20:20:59 2026
Number of partitions: 1 (1 x 1)
Size of partitions: 85 gCells x 85 gCells
[rtAllParts] Elapsed real time: 0:00:00 
[rtAllParts] Elapsed cpu  time: sys=0:00:00 usr=0:00:00 total=0:00:00
Number of partitions: 1 (1 x 1)
Size of partitions: 85 gCells x 85 gCells
[updNetsDmd] Elapsed real time: 0:00:00 
[updNetsDmd] Elapsed cpu  time: sys=0:00:00 usr=0:00:00 total=0:00:00
Current Stage stats:
[End of Phase1 Routing] Elapsed real time: 0:00:00 
[End of Phase1 Routing] Elapsed cpu  time: sys=0:00:00 usr=0:00:00 total=0:00:00
[End of Phase1 Routing] Stage (MB): Used    0  Alloctr    0  Proc    0 
[End of Phase1 Routing] Total (MB): Used  136  Alloctr  138  Proc 5973 
phase1. Routing result:
phase1. Both Dirs: Dmd-Cap  =     0 Max = 0 GRCs =     0 (0.00%)
phase1. H routing: Dmd-Cap  =     0 Max = 0 (GRCs =  0) GRCs =     0 (0.00%)
phase1. V routing: Dmd-Cap  =     0 Max = 0 (GRCs =  0) GRCs =     0 (0.00%)
phase1. Both Dirs: Overflow =    19 Max = 2 GRCs =    26 (0.18%)
phase1. H routing: Overflow =     5 Max = 1 (GRCs =  8) GRCs =     8 (0.11%)
phase1. V routing: Overflow =    14 Max = 2 (GRCs =  5) GRCs =    18 (0.25%)
phase1. METAL1     Overflow =     5 Max = 1 (GRCs =  8) GRCs =     8 (0.11%)
phase1. METAL2     Overflow =    14 Max = 2 (GRCs =  5) GRCs =    18 (0.25%)
phase1. METAL3     Overflow =     0 Max = 0 (GRCs =  0) GRCs =     0 (0.00%)
phase1. METAL4     Overflow =     0 Max = 0 (GRCs =  0) GRCs =     0 (0.00%)
phase1. METAL5     Overflow =     0 Max = 0 (GRCs =  0) GRCs =     0 (0.00%)
phase1. METAL6     Overflow =     0 Max = 0 (GRCs =  0) GRCs =     0 (0.00%)

phase1. Total Wire Length = 215529.65
phase1. Layer METAL1 wire length = 2140.25
phase1. Layer METAL2 wire length = 61293.42
phase1. Layer METAL3 wire length = 103664.15
phase1. Layer METAL4 wire length = 42540.77
phase1. Layer METAL5 wire length = 5810.41
phase1. Layer METAL6 wire length = 80.64
phase1. Total Number of Contacts = 24969
phase1. Via via1 count = 12443
phase1. Via via2 count = 10751
phase1. Via via3 count = 1653
phase1. Via via4 count = 119
phase1. Via via5 count = 3
phase1. completed.
[End of Whole Chip Routing] Elapsed real time: 0:00:00 
[End of Whole Chip Routing] Elapsed cpu  time: sys=0:00:00 usr=0:00:00 total=0:00:00
[End of Whole Chip Routing] Stage (MB): Used  111  Alloctr  112  Proc    0 
[End of Whole Chip Routing] Total (MB): Used  136  Alloctr  138  Proc 5973 

Information: Global Routing didn't terminate early. (ZRT-103)

Congestion utilization per direction:
Average vertical track utilization   = 21.86 %
Peak    vertical track utilization   = 71.43 %
Average horizontal track utilization = 20.72 %
Peak    horizontal track utilization = 88.24 %

[End of Global Routing] Elapsed real time: 0:00:00 
[End of Global Routing] Elapsed cpu  time: sys=0:00:00 usr=0:00:00 total=0:00:00
[End of Global Routing] Stage (MB): Used  110  Alloctr  111  Proc    0 
[End of Global Routing] Total (MB): Used  135  Alloctr  137  Proc 5973 
Writing out congestion map...
Updating congestion ...
Updating congestion ...
[End of dbOut] Elapsed real time: 0:00:00 
[End of dbOut] Elapsed cpu  time: sys=0:00:00 usr=0:00:00 total=0:00:00
[End of dbOut] Stage (MB): Used  -19  Alloctr  -19  Proc    0 
[End of dbOut] Total (MB): Used   36  Alloctr   37  Proc 5973 
Convert timing mode ...
Place-opt optimization Phase 19 Iter  1         0.00        0.00      0.00         0     106920.48  3625658.00        3868              0.01      2147
Place-opt optimization Phase 19 Iter  2         0.00        0.00      0.00         0     106920.48  3625658.00        3868              0.01      2147
Place-opt optimization Phase 19 Iter  3         0.00        0.00      0.00         0     106920.48  3625658.00        3868              0.01      2147
Place-opt optimization Phase 19 Iter  4         0.00        0.00      0.00         0     106920.48  3625658.00        3868              0.01      2147
Number of Site types in the design = 1
INFO: Skipping activation of hold scenarios prior to CUS.
Information: The value of option cts.compile.enable_cell_relocation has been overridden to "leaf_only" to support latency-driven placement. (CTS-973)
Information: CTS will work on the following scenarios. (CTS-101)
Information: CTS will work on all clocks in active scenarios, including 2 master clocks and 0 generated clocks. (CTS-107)
Information: 'default' is identified as primary corner for initial clock tree building. (CTS-103)
CCD app option: ccd.targeted_ccd_path_groups:  **clock_gating_default**
Target path group: scenario default pathgroup **clock_gating_default**
Information: CCD will use corner default for honoring max prepone/postpone limits
Uskew Characterizer: corner: default, scalingFactor: 1.000
@ CG solver holdWeight = 0.100000
@ CG solver setupWeight = 1.000000
@ CG solver delayCostWeight = 5.000000
@ CG solver zeroDirWeight = 5.000000
@ CG solver wnsWeight = 400.000000
CCD-Info: Estimated initial clock tree cost 0.00 estimated repeater count 0
CCD-Info: Estimated clock tree cost 0.00 estimated repeater count 0

Summary of messages during CTS:
===============================================================
  Tag   Count  Type           Description
---------------------------------------------------------------
 No error or warning message.
Information: The value of option cts.compile.enable_cell_relocation has been overridden to "leaf_only" to support latency-driven placement. (CTS-973)
Warning: No clock routing rules were specified. Use set_clock_routing_rules to specify routing rules for accurate clock latency estimation. (OPT-902)
Warning: No clock routing rules were specified. Use set_clock_routing_rules to specify routing rules for accurate clock latency estimation. (OPT-902)
Warning: Skipping clock gate latency estimation for scenario 'default' with propagated clocks. (OPT-910)
INFO: Skipping deactivation of hold scenarios after CUS.
Number of Site types in the design = 1
Corner Scaling is off, multiplier is 1.000000
Information: Using default layer METAL4 (Current) (OPT-079)
new default layer same as orig default layer
Information: Using default layer METAL4 (Inferior) (OPT-079)
bmap: stepx = stepy = 252000
creating bmap
DB units per micron : 10000
Building neighbor and MV cache
Place-opt optimization Phase 19 Iter  5         0.00        0.00      0.00         0     106920.48  3625658.00        3868              0.01      2147
Place-opt optimization Phase 19 Iter  6         0.00        0.00      0.00         0     106920.48  3625658.00        3868              0.01      2147
Place-opt optimization Phase 19 Iter  7         0.00        0.00      0.00         0     106920.48  3625658.00        3868              0.01      2147
Place-opt optimization Phase 19 Iter  8         0.00        0.00      0.00         0     106920.48  3625658.00        3868              0.01      2147
Place-opt optimization Phase 19 Iter  9         0.00        0.00      0.00         0     106920.48  3625658.00        3868              0.01      2147
Place-opt optimization Phase 19 Iter 10         0.00        0.00      0.00         0     106920.48  3625658.00        3868              0.01      2147
Place-opt optimization Phase 19 Iter 11         0.00        0.00      0.00         0     106920.48  3625658.00        3868              0.01      2147
Place-opt optimization Phase 19 Iter 12         0.00        0.00      0.00         0     106920.48  3625658.00        3868              0.01      2147
Number of Site types in the design = 1
INFO: Skipping activation of hold scenarios prior to CUS.
Information: The value of option cts.compile.enable_cell_relocation has been overridden to "leaf_only" to support latency-driven placement. (CTS-973)
Information: CTS will work on the following scenarios. (CTS-101)
Information: CTS will work on all clocks in active scenarios, including 2 master clocks and 0 generated clocks. (CTS-107)
Information: 'default' is identified as primary corner for initial clock tree building. (CTS-103)
CCD app option: ccd.targeted_ccd_path_groups:  **clock_gating_default**
Target path group: scenario default pathgroup **clock_gating_default**
Information: CCD will use corner default for honoring max prepone/postpone limits
Uskew Characterizer: corner: default, scalingFactor: 1.000
@ CG solver holdWeight = 0.100000
@ CG solver setupWeight = 1.000000
@ CG solver delayCostWeight = 5.000000
@ CG solver zeroDirWeight = 5.000000
@ CG solver wnsWeight = 400.000000
CCD-Info: Estimated initial clock tree cost 0.00 estimated repeater count 0
CCD-Info: Estimated clock tree cost 0.00 estimated repeater count 0

Summary of messages during CTS:
===============================================================
  Tag   Count  Type           Description
---------------------------------------------------------------
 No error or warning message.
Information: The value of option cts.compile.enable_cell_relocation has been overridden to "leaf_only" to support latency-driven placement. (CTS-973)
Warning: No clock routing rules were specified. Use set_clock_routing_rules to specify routing rules for accurate clock latency estimation. (OPT-902)
Warning: No clock routing rules were specified. Use set_clock_routing_rules to specify routing rules for accurate clock latency estimation. (OPT-902)
Warning: Skipping clock gate latency estimation for scenario 'default' with propagated clocks. (OPT-910)
INFO: Skipping deactivation of hold scenarios after CUS.
Number of Site types in the design = 1
Place-opt optimization Phase 19 Iter 13         0.00        0.00      0.00         0     106920.48  3625658.00        3868              0.01      2147
Place-opt optimization Phase 19 Iter 14         0.00        0.00      0.00         0     106920.48  3625658.00        3868              0.01      2147
Place-opt optimization Phase 19 Iter 15         0.00        0.00      0.00         0     106920.48  3625658.00        3868              0.01      2147
Place-opt optimization Phase 19 Iter 16         0.00        0.00      0.00         0     106920.48  3625658.00        3868              0.01      2147
Place-opt optimization Phase 19 Iter 17         0.00        0.00      0.00         0     106920.48  3625658.00        3868              0.01      2147
Place-opt optimization Phase 19 Iter 18         0.00        0.00      0.00         0     106920.48  3625658.00        3868              0.01      2147

Place-opt optimization Phase 20 Iter  1         0.00        0.00      0.00         0     106920.48  3625658.00        3868              0.01      2147

Enable clock slack update
Place-opt optimization Phase 21 Iter  1         0.00        0.00      0.00         0     105410.29  3550008.75        3745              0.01      2147
INFO: cellmap features:  adv-rules=(N), pdc=(N), clock-rules=(Y)

Place-opt optimization summary            SETUP-COST    R2R-COST HOLD-COST LDRC-COST          AREA     LEAKAGE     INSTCNT            ELAPSE       MEM
Place-opt optimization Phase 22 Iter  1         0.00        0.00      0.00         0     105317.15  3540180.25        3745              0.02      2147
Place-opt optimization Phase 22 Iter  2         0.00        0.00      0.00         0     105317.15  3540180.25        3745              0.02      2147
Warning: Restoring scoped app option 'xform.commit_density_threshold' to original value 'unset' (from current value '1', which is different from the scoped value '1.0'). (FLW-2892)
Warning: Restoring scoped app option 'opt.internal.levfilter_arec_slack' to original value 'unset' (from current value '-1', which is different from the scoped value '-1.0'). (FLW-2892)

Place-opt optimization Phase 23 Iter  1         0.00        0.00      0.00         0     104142.93  3539987.25        3646              0.02      2147
INFO: New Levelizer turned on

Enable clock slack update
Information: Activity propagation will be performed for scenario default.
Information: Doing activity propagation for mode 'default' and corner 'default' with effort level 'medium'. (POW-024)
Information: Timer-derived activity data is cached on scenario default (POW-052)
Information: Running switching activity propagation with 8 threads!

 **** Information : No. of simulation cycles = 7 ****
Place-opt optimization Phase 24 Iter  1         0.00        0.00      0.00         0     103624.02  3489703.00        3646              0.02      2147
INFO: cellmap features:  adv-rules=(N), pdc=(N), clock-rules=(Y)

Place-opt optimization Phase 25 Iter  1         0.00        0.00      0.00         0     103617.36  3442748.75        3646              0.02      2147
INFO: New Levelizer turned on

Place-opt optimization Phase 26 Iter  1         0.00        0.00      0.00         0     103610.71  3437524.00        3646              0.02      2147


Information: Ending   place_opt / initial_opto / Optimization (FLW-8001)
Information: Time: 2026-09-18 20:21:08 / Session:  00:01:00 / Command:  00:00:36 / CPU:  00:01:07 / Memory: 2147 MB (FLW-8100)

Place-opt optimization Phase 29 Iter  1         0.00        0.00      0.00       137     103610.71  3437524.00        3646              0.02      2147

Information: Ending   place_opt / initial_opto (FLW-8001)
Information: Time: 2026-09-18 20:21:08 / Session:  00:01:00 / Command:  00:00:36 / CPU:  00:01:07 / Memory: 2147 MB (FLW-8100)

----------------------------------------------------------------------------------------------------------
Information: Starting place_opt / final_place (FLW-8000)
Information: Time: 2026-09-18 20:21:08 / Session:  00:01:00 / Command:  00:00:36 / CPU:  00:01:07 / Memory: 2147 MB (FLW-8100)
----------------------------------------------------------------------------------------------------------


Information: Starting place_opt / final_place / Timing and Congestion Driven Placement with Legalization (FLW-8000)
Information: Time: 2026-09-18 20:21:08 / Session:  00:01:00 / Command:  00:00:36 / CPU:  00:01:07 / Memory: 2147 MB (FLW-8100)
Place-opt optimization Phase 33 Iter  1         0.00        0.00      0.00       103     103610.71  3437524.00        3646              0.02      2147
Running final (timing-driven) placement step.
----------------------------------------------------------------
Running congestion-aware direct-timing-driven placement
Start Timing-driven placement
Information: Disabling integrated legalization, because it requires that the advanced legalizer is enabled.
Start transferring placement data.
Warning: To enable pin track alignment feature, the advanced legalizer has to be turned on using app option "place.legalize.enable_advanced_legalizer".
Warning: Pin track alignment feature will be disabled in this run
Information: Initializing classic cellmap without advanced rules enabled and without PDC enabled
Information: The following app options are used in cellmap
        place.legalize.enable_color_aware_placement : false
        place.legalize.use_nll_query_cm : false
        place.legalize.enable_advanced_legalizer : false
        place.legalize.enable_prerouted_net_check : true
        place.legalize.enable_advanced_prerouted_net_check : false
        place.legalize.always_continue : true
        place.legalize.limit_legality_checks : false
        place.common.pnet_aware_density : 1.0000
        place.common.pnet_aware_min_width : 0.0000
        place.common.pnet_aware_layers : {}
        place.common.use_placement_model : false
        place.common.enable_advanced_placement_model : true
        cts.placement.cell_spacing_rule_style : maximum
Total 0.0060 seconds to build cellmap data
Information: Extraction observers are detached as design net change threshold is reached.
Snapped 3646 standard cells to the nearest cellrow to improve the accuracy of congestion analysis.
Start Global Route ... 
[Init] Elapsed real time: 0:00:00 
[Init] Elapsed cpu  time: sys=0:00:00 usr=0:00:00 total=0:00:00
[Init] Stage (MB): Used    0  Alloctr    0  Proc    0 
[Init] Total (MB): Used    7  Alloctr    7  Proc 6005 
Printing options for 'route.common.*'

Printing options for 'route.global.*'
global.deterministic                                    :	 on                  
global.timing_driven                                    :	 false               

Begin global routing.
Cell Min-Routing-Layer = METAL1
Cell Max-Routing-Layer = METAL6
Turn off antenna since no rule is specified
Information: Option route.detail.force_end_on_preferred_grid will be ignored since none of the layers have preferred grid. (ZRT-703)
Info: number of net_type_blockage: 0 
Information: Via ladder engine would be activated for pattern must join connection in certain commands. Please refer to man-page for the command list. (ZRT-619)
Warning: Port  VSS at {{82.500,427.305} {95.040,428.800}} is out of boundary. Cannot be routed. (ZRT-720)
Warning: Port  VSS at {{54.780,427.305} {67.320,428.800}} is out of boundary. Cannot be routed. (ZRT-720)
Warning: Port  VSS at {{68.640,427.305} {81.180,428.800}} is out of boundary. Cannot be routed. (ZRT-720)
Warning: Port  VSS at {{160.380,427.305} {172.920,428.800}} is out of boundary. Cannot be routed. (ZRT-720)
Warning: Port  VSS at {{133.980,427.305} {146.520,428.800}} is out of boundary. Cannot be routed. (ZRT-720)
Warning: Port  VSS at {{120.780,427.305} {133.320,428.800}} is out of boundary. Cannot be routed. (ZRT-720)
Warning: Port  VSS at {{95.700,427.305} {108.240,428.800}} is out of boundary. Cannot be routed. (ZRT-720)
Warning: Port  VSS at {{173.580,427.305} {186.120,428.800}} is out of boundary. Cannot be routed. (ZRT-720)
Warning: Port  VSS at {{199.320,427.305} {211.860,428.800}} is out of boundary. Cannot be routed. (ZRT-720)
Warning: Port  VSS at {{351.120,426.935} {353.760,428.800}} is out of boundary. Cannot be routed. (ZRT-720)
Skipping 84 ectangle_only route guides because they don't cover the design boundary in the layer's  preferred direction.
Information: When applicable Min-max layer allow_pin_connection mode will allow paths of length 6.70 outside the layer range. (ZRT-707)
Information: When applicable Min-max layer allow_pin_connection mode will allow paths of length 6.70 outside the layer range on clock nets. (ZRT-718)
Information: When applicable layer based tapering will taper up to 0.00 in distance from the pin. (ZRT-706)
Warning: Standard cell pin AOI2BB2XL/Y has no valid via regions. (ZRT-044)
Warning: Standard cell pin NOR4BX1/C has no valid via regions. (ZRT-044)
Warning: Standard cell pin NOR4BX1/D has no valid via regions. (ZRT-044)
Warning: Standard cell pin OAI22X1/Y has no valid via regions. (ZRT-044)
Warning: Standard cell pin AOI2BB1X2/B0 has no valid via regions. (ZRT-044)
Warning: Standard cell pin AOI211X1/B0 has no valid via regions. (ZRT-044)
Warning: Standard cell pin OAI31X1/Y has no valid via regions. (ZRT-044)
Warning: Standard cell pin NAND3X1/A has no valid via regions. (ZRT-044)
Warning: Standard cell pin NAND3XL/A has no valid via regions. (ZRT-044)
Warning: Standard cell pin NAND4X1/A has no valid via regions. (ZRT-044)
Warning: Standard cell pin OAI22XL/Y has no valid via regions. (ZRT-044)
Warning: Standard cell pin XOR2X1/B has no valid via regions. (ZRT-044)
Warning: Standard cell pin OAI2BB1XL/Y has no valid via regions. (ZRT-044)
Warning: Standard cell pin ADDFX2/B has no valid via regions. (ZRT-044)
Warning: Standard cell pin XOR2X1/Y has no valid via regions. (ZRT-044)
Warning: Standard cell pin XNOR2XL/B has no valid via regions. (ZRT-044)
Warning: Standard cell pin ADDFXL/B has no valid via regions. (ZRT-044)
Warning: Standard cell pin XNOR2XL/Y has no valid via regions. (ZRT-044)
Warning: Standard cell pin NOR3XL/A has no valid via regions. (ZRT-044)
Warning: Standard cell pin AOI21XL/Y has no valid via regions. (ZRT-044)
Warning: Standard cell pin AOI222X1/Y has no valid via regions. (ZRT-044)
Warning: Standard cell pin AOI21X1/A0 has no valid via regions. (ZRT-044)
Warning: Standard cell pin AOI21X1/B0 has no valid via regions. (ZRT-044)
Warning: Standard cell pin OAI21XL/Y has no valid via regions. (ZRT-044)
Warning: Standard cell pin INVX12/A has no valid via regions. (ZRT-044)
Warning: Standard cell pin AOI32XL/Y has no valid via regions. (ZRT-044)
Warning: Standard cell pin ADDHXL/CO has no valid via regions. (ZRT-044)
Warning: Standard cell pin XNOR2X1/B has no valid via regions. (ZRT-044)
Warning: Standard cell pin BUFX2/Y has no valid via regions. (ZRT-044)
Warning: Standard cell pin ADDHXL/S has no valid via regions. (ZRT-044)
Warning: Standard cell pin XNOR2X1/Y has no valid via regions. (ZRT-044)
Warning: Standard cell pin ADDFX1/B has no valid via regions. (ZRT-044)
Warning: Standard cell pin OAI2BB1X2/Y has no valid via regions. (ZRT-044)
Warning: Standard cell pin NOR2BX2/Y has no valid via regions. (ZRT-044)
Warning: Standard cell pin AND2XL/Y has no valid via regions. (ZRT-044)
Warning: Standard cell pin DFFSXL/Q has no valid via regions. (ZRT-044)
Warning: Standard cell pin AOI2BB1X1/Y has no valid via regions. (ZRT-044)
Warning: Standard cell pin NOR3BX2/AN has no valid via regions. (ZRT-044)
Warning: Standard cell pin NOR3BX2/B has no valid via regions. (ZRT-044)
Warning: Standard cell pin NOR3BX2/Y has no valid via regions. (ZRT-044)
Warning: Standard cell pin NAND2X2/B has no valid via regions. (ZRT-044)
Warning: Standard cell pin NAND2X2/Y has no valid via regions. (ZRT-044)
Warning: Standard cell pin CLKBUFXL/Y has no valid via regions. (ZRT-044)
Warning: Standard cell pin OAI2BB1X1/Y has no valid via regions. (ZRT-044)
Warning: Standard cell pin NOR2X4/A has no valid via regions. (ZRT-044)
Warning: Standard cell pin NOR2X4/B has no valid via regions. (ZRT-044)
Warning: Standard cell pin AND4X2/C has no valid via regions. (ZRT-044)
Warning: Standard cell pin TLATNXL/QN has no valid via regions. (ZRT-044)
Warning: Standard cell pin NAND2XL/Y has no valid via regions. (ZRT-044)
Warning: Standard cell pin CMPR32X1/B has no valid via regions. (ZRT-044)
Warning: Standard cell pin NOR4X1/B has no valid via regions. (ZRT-044)
Warning: Standard cell pin AOI2BB1XL/Y has no valid via regions. (ZRT-044)
Warning: Standard cell pin XOR2XL/B has no valid via regions. (ZRT-044)
Warning: Standard cell pin XOR2XL/Y has no valid via regions. (ZRT-044)
Warning: Standard cell pin ADDFHX1/CI has no valid via regions. (ZRT-044)
Warning: Standard cell pin ADDFHX1/CO has no valid via regions. (ZRT-044)
Warning: Standard cell pin ADDFHX1/S has no valid via regions. (ZRT-044)
Warning: Standard cell pin AOI211XL/Y has no valid via regions. (ZRT-044)
Warning: Standard cell pin CMPR22X1/CO has no valid via regions. (ZRT-044)
Warning: Standard cell pin OAI31XL/A0 has no valid via regions. (ZRT-044)
Warning: Standard cell pin NOR3X1/A has no valid via regions. (ZRT-044)
Warning: Standard cell pin OAI31XL/Y has no valid via regions. (ZRT-044)
Warning: Standard cell pin AOI2BB2X1/B0 has no valid via regions. (ZRT-044)
Warning: Standard cell pin NOR4BXL/C has no valid via regions. (ZRT-044)
Warning: Standard cell pin NOR4BXL/D has no valid via regions. (ZRT-044)
Warning: Standard cell pin AOI22XL/Y has no valid via regions. (ZRT-044)
Warning: Standard cell pin DFFSX1/CK has no valid via regions. (ZRT-044)
Warning: Standard cell pin AOI31XL/Y has no valid via regions. (ZRT-044)
Warning: Standard cell pin NAND4XL/B has no valid via regions. (ZRT-044)
Warning: Standard cell pin NAND4XL/C has no valid via regions. (ZRT-044)
Warning: Standard cell pin NAND4XL/D has no valid via regions. (ZRT-044)
Warning: Cell u_calib_ctrl/U2218 is placed overlapping with other cells at {{159.060 15.120} {161.700 20.160}}. (ZRT-763)
Warning: Cell u_calib_ctrl/U1095 is placed overlapping with other cells at {{177.540 15.120} {181.500 20.160}}. (ZRT-763)
Warning: Cell u_calib_ctrl/U214 is placed overlapping with other cells at {{250.800 65.520} {254.100 70.560}}. (ZRT-763)
Warning: Cell u_srm_residue/HFSINV_246_605 is placed overlapping with other cells at {{357.060 45.360} {361.020 50.400}}. (ZRT-763)
Warning: Cell u_calib_ctrl/shadow_weights_reg[12][15] is placed overlapping with other cells at {{100.980 105.840} {113.520 110.880}}. (ZRT-763)
Warning: Cell u_calib_ctrl/HFSINV_2547_584 is placed overlapping with other cells at {{230.340 95.760} {234.300 100.800}}. (ZRT-763)
Warning: Cell u_calib_ctrl/U1389 is placed overlapping with other cells at {{260.700 110.880} {262.680 115.920}}. (ZRT-763)
Warning: Cell raw_code_valid_o_reg is placed overlapping with other cells at {{362.340 156.240} {374.880 161.280}}. (ZRT-763)
Warning: Cell u_calib_ctrl/ctmTdsLR_3_854 is placed overlapping with other cells at {{157.740 181.440} {159.720 186.480}}. (ZRT-763)
Warning: Cell u_calib_ctrl/clk_gate_shadow_weights_reg[2]/main_gate is placed overlapping with other cells at {{165.660 166.320} {168.300 171.360}}. (ZRT-763)
Warning: Cell u_calib_ctrl/calc_result_r_reg[19] is placed overlapping with other cells at {{260.040 186.480} {272.580 191.520}}. (ZRT-763)
Warning: Cell u_calib_ctrl/U95 is placed overlapping with other cells at {{419.760 181.440} {421.080 186.480}}. (ZRT-763)
Warning: Cell u_calib_ctrl/shadow_weights_reg[11][5] is placed overlapping with other cells at {{27.060 267.120} {39.600 272.160}}. (ZRT-763)
Warning: Cell u_calib_ctrl/shadow_weights_reg[11][23] is placed overlapping with other cells at {{95.040 252.000} {107.580 257.040}}. (ZRT-763)
Warning: Cell u_calib_ctrl/shadow_weights_reg[19][23] is placed overlapping with other cells at {{205.920 236.880} {218.460 241.920}}. (ZRT-763)
Warning: Cell u_calib_ctrl/U309 is placed overlapping with other cells at {{291.060 267.120} {293.040 272.160}}. (ZRT-763)
Warning: Cell u_calib_ctrl/meas_val_p_reg[10] is placed overlapping with other cells at {{358.380 262.080} {370.920 267.120}}. (ZRT-763)
Warning: Cell u_calib_ctrl/ctmTdsLR_1_638 is placed overlapping with other cells at {{420.420 246.960} {421.740 252.000}}. (ZRT-763)
Warning: Cell u_calib_ctrl/HFSINV_34_402 is placed overlapping with other cells at {{119.460 337.680} {121.440 342.720}}. (ZRT-763)
Warning: Cell u_calib_ctrl/ctmTdsLR_1_781 is placed overlapping with other cells at {{197.340 327.600} {199.320 332.640}}. (ZRT-763)
Warning: Cell u_calib_ctrl/shadow_weights_reg[17][9] is placed overlapping with other cells at {{239.580 347.760} {252.120 352.800}}. (ZRT-763)
Warning: Cell u_calib_ctrl/U574 is placed overlapping with other cells at {{369.600 393.120} {370.920 398.160}}. (ZRT-763)
Warning: Cell u_calib_ctrl/U1564 is placed overlapping with other cells at {{414.480 332.640} {416.460 337.680}}. (ZRT-763)
Warning: Cell u_calib_ctrl/ctmTdsLR_1_627 is placed overlapping with other cells at {{271.260 408.240} {274.560 413.280}}. (ZRT-763)
Current Stage stats:
[End of Read DB] Elapsed real time: 0:00:00 
[End of Read DB] Elapsed cpu  time: sys=0:00:00 usr=0:00:00 total=0:00:00
[End of Read DB] Stage (MB): Used   17  Alloctr   17  Proc  -32 
[End of Read DB] Total (MB): Used   24  Alloctr   25  Proc 5973 
Constructing data structure ...
Design statistics:
Design Bounding Box (0.00um,0.00um,429.66um,428.40um)
Number of routing layers = 6
layer METAL1, dir Hor, min width = 0.23um, min space = 0.23um pitch = 0.56um
layer METAL2, dir Ver, min width = 0.28um, min space = 0.28um pitch = 0.66um
layer METAL3, dir Hor, min width = 0.28um, min space = 0.28um pitch = 0.56um
layer METAL4, dir Ver, min width = 0.28um, min space = 0.28um pitch = 0.66um
layer METAL5, dir Hor, min width = 0.28um, min space = 0.28um pitch = 0.61um
layer METAL6, dir Ver, min width = 0.44um, min space = 0.46um pitch = 0.95um
Current Stage stats:
[End of Build Tech Data] Elapsed real time: 0:00:00 
[End of Build Tech Data] Elapsed cpu  time: sys=0:00:00 usr=0:00:00 total=0:00:00
[End of Build Tech Data] Stage (MB): Used    0  Alloctr    0  Proc    0 
[End of Build Tech Data] Total (MB): Used   25  Alloctr   26  Proc 5973 
Net statistics:
Total number of nets     = 3800
Number of nets to route  = 3767
33 nets are fully connected,
 of which 33 are detail routed and 0 are global routed.
Current Stage stats:
[End of Build All Nets] Elapsed real time: 0:00:00 
[End of Build All Nets] Elapsed cpu  time: sys=0:00:00 usr=0:00:00 total=0:00:00
[End of Build All Nets] Stage (MB): Used    2  Alloctr    3  Proc    0 
[End of Build All Nets] Total (MB): Used   28  Alloctr   29  Proc 5973 
Net length statistics: 
Net Count(Ignore Fully Rted) 3767, Total Half Perimeter Wire Length (HPWL) 208916 microns
HPWL   0 ~   50 microns: Net Count     2728	Total HPWL        52174 microns
HPWL  50 ~  100 microns: Net Count      490	Total HPWL        33858 microns
HPWL 100 ~  200 microns: Net Count      320	Total HPWL        44940 microns
HPWL 200 ~  300 microns: Net Count      101	Total HPWL        25092 microns
HPWL 300 ~  400 microns: Net Count       67	Total HPWL        23275 microns
HPWL 400 ~  500 microns: Net Count       39	Total HPWL        17391 microns
HPWL 500 ~  600 microns: Net Count       20	Total HPWL        10967 microns
HPWL 600 ~  700 microns: Net Count        2	Total HPWL         1218 microns
HPWL 700 ~  800 microns: Net Count        0	Total HPWL            0 microns
HPWL 800 ~  900 microns: Net Count        0	Total HPWL            0 microns
HPWL 900 ~ 1000 microns: Net Count        0	Total HPWL            0 microns
HPWL     > 1000 microns: Net Count        0	Total HPWL            0 microns
Number of partitions: 1 (1 x 1)
Size of partitions: 85 gCells x 85 gCells
Average gCell capacity  2.53	 on layer (1)	 METAL1
Average gCell capacity  6.67	 on layer (2)	 METAL2
Average gCell capacity  8.98	 on layer (3)	 METAL3
Average gCell capacity  7.65	 on layer (4)	 METAL4
Average gCell capacity  8.25	 on layer (5)	 METAL5
Average gCell capacity  5.31	 on layer (6)	 METAL6
Average number of tracks per gCell 9.01	 on layer (1)	 METAL1
Average number of tracks per gCell 7.67	 on layer (2)	 METAL2
Average number of tracks per gCell 9.01	 on layer (3)	 METAL3
Average number of tracks per gCell 7.67	 on layer (4)	 METAL4
Average number of tracks per gCell 8.27	 on layer (5)	 METAL5
Average number of tracks per gCell 5.33	 on layer (6)	 METAL6
Number of gCells = 43350
Current Stage stats:
[End of Build Congestion Map] Elapsed real time: 0:00:00 
[End of Build Congestion Map] Elapsed cpu  time: sys=0:00:00 usr=0:00:00 total=0:00:00
[End of Build Congestion Map] Stage (MB): Used    1  Alloctr    1  Proc    0 
[End of Build Congestion Map] Total (MB): Used   29  Alloctr   31  Proc 5973 
Number of partitions: 1 (1 x 1)
Size of partitions: 85 gCells x 85 gCells
Current Stage stats:
[End of Add Nets Demand] Elapsed real time: 0:00:00 
[End of Add Nets Demand] Elapsed cpu  time: sys=0:00:00 usr=0:00:00 total=0:00:00
[End of Add Nets Demand] Stage (MB): Used    0  Alloctr    0  Proc    0 
[End of Add Nets Demand] Total (MB): Used   29  Alloctr   31  Proc 5973 
Number of user frozen nets = 0
Total stats:
[End of Build Data] Elapsed real time: 0:00:00 
[End of Build Data] Elapsed cpu  time: sys=0:00:00 usr=0:00:00 total=0:00:00
[End of Build Data] Stage (MB): Used    5  Alloctr    5  Proc    0 
[End of Build Data] Total (MB): Used   29  Alloctr   31  Proc 5973 
Number of partitions: 1 (1 x 1)
Size of partitions: 85 gCells x 85 gCells
Current Stage stats:
[End of Blocked Pin Detection] Elapsed real time: 0:00:00 
[End of Blocked Pin Detection] Elapsed cpu  time: sys=0:00:00 usr=0:00:00 total=0:00:00
[End of Blocked Pin Detection] Stage (MB): Used  104  Alloctr  104  Proc    0 
[End of Blocked Pin Detection] Total (MB): Used  133  Alloctr  135  Proc 5973 
Information: Using 8 threads for routing. (ZRT-444)
Information: Placement fast mode ON
Information: Multiple gcell levels ON
Information: Buffer distance is estimated to be ~6372.0000um (1264 gCells)

Start GR phase 0
Number of partitions: 1 (1 x 1)
Size of partitions: 85 gCells x 85 gCells
[rtAllBotParts] Elapsed real time: 0:00:00 
[rtAllBotParts] Elapsed cpu  time: sys=0:00:00 usr=0:00:00 total=0:00:00
[rtTop] Elapsed real time: 0:00:00 
[rtTop] Elapsed cpu  time: sys=0:00:00 usr=0:00:00 total=0:00:00
Current Stage stats:
[End of Initial Routing] Elapsed real time: 0:00:00 
[End of Initial Routing] Elapsed cpu  time: sys=0:00:00 usr=0:00:00 total=0:00:00
[End of Initial Routing] Stage (MB): Used    2  Alloctr    2  Proc    0 
[End of Initial Routing] Total (MB): Used  136  Alloctr  137  Proc 5973 
Initial. Routing result:
Initial. Both Dirs: Dmd-Cap  =     0 Max = 0 GRCs =     0 (0.00%)
Initial. H routing: Dmd-Cap  =     0 Max = 0 (GRCs =  0) GRCs =     0 (0.00%)
Initial. V routing: Dmd-Cap  =     0 Max = 0 (GRCs =  0) GRCs =     0 (0.00%)
Initial. Both Dirs: Overflow =   493 Max = 8 GRCs =   479 (3.31%)
Initial. H routing: Overflow =    51 Max = 4 (GRCs =  1) GRCs =    76 (1.05%)
Initial. V routing: Overflow =   442 Max = 8 (GRCs =  2) GRCs =   403 (5.58%)
Initial. METAL1     Overflow =    20 Max = 1 (GRCs = 25) GRCs =    25 (0.35%)
Initial. METAL2     Overflow =   442 Max = 8 (GRCs =  2) GRCs =   403 (5.58%)
Initial. METAL3     Overflow =    31 Max = 4 (GRCs =  1) GRCs =    51 (0.71%)
Initial. METAL4     Overflow =     0 Max = 0 (GRCs =  0) GRCs =     0 (0.00%)
Initial. METAL5     Overflow =     0 Max = 0 (GRCs =  0) GRCs =     0 (0.00%)
Initial. METAL6     Overflow =     0 Max = 0 (GRCs =  0) GRCs =     0 (0.00%)

Initial. Total Wire Length = 220962.90
Initial. Layer METAL1 wire length = 4662.46
Initial. Layer METAL2 wire length = 63121.94
Initial. Layer METAL3 wire length = 103025.25
Initial. Layer METAL4 wire length = 44939.80
Initial. Layer METAL5 wire length = 5213.45
Initial. Layer METAL6 wire length = 0.00
Initial. Total Number of Contacts = 23790
Initial. Via via1 count = 11947
Initial. Via via2 count = 9978
Initial. Via via3 count = 1781
Initial. Via via4 count = 84
Initial. Via via5 count = 0
Initial. completed.

Start GR phase 1
Fri Sep 18 20:21:09 2026
Number of partitions: 1 (1 x 1)
Size of partitions: 85 gCells x 85 gCells
[rtAllParts] Elapsed real time: 0:00:00 
[rtAllParts] Elapsed cpu  time: sys=0:00:00 usr=0:00:00 total=0:00:00
Number of partitions: 1 (1 x 1)
Size of partitions: 85 gCells x 85 gCells
[updNetsDmd] Elapsed real time: 0:00:00 
[updNetsDmd] Elapsed cpu  time: sys=0:00:00 usr=0:00:00 total=0:00:00
Current Stage stats:
[End of Phase1 Routing] Elapsed real time: 0:00:00 
[End of Phase1 Routing] Elapsed cpu  time: sys=0:00:00 usr=0:00:00 total=0:00:00
[End of Phase1 Routing] Stage (MB): Used    0  Alloctr    0  Proc    0 
[End of Phase1 Routing] Total (MB): Used  136  Alloctr  137  Proc 5973 
phase1. Routing result:
phase1. Both Dirs: Dmd-Cap  =     0 Max = 0 GRCs =     0 (0.00%)
phase1. H routing: Dmd-Cap  =     0 Max = 0 (GRCs =  0) GRCs =     0 (0.00%)
phase1. V routing: Dmd-Cap  =     0 Max = 0 (GRCs =  0) GRCs =     0 (0.00%)
phase1. Both Dirs: Overflow =    74 Max = 4 GRCs =    66 (0.46%)
phase1. H routing: Overflow =    22 Max = 2 (GRCs =  1) GRCs =    28 (0.39%)
phase1. V routing: Overflow =    52 Max = 4 (GRCs =  5) GRCs =    38 (0.53%)
phase1. METAL1     Overflow =    22 Max = 2 (GRCs =  1) GRCs =    28 (0.39%)
phase1. METAL2     Overflow =    52 Max = 4 (GRCs =  5) GRCs =    38 (0.53%)
phase1. METAL3     Overflow =     0 Max = 0 (GRCs =  0) GRCs =     0 (0.00%)
phase1. METAL4     Overflow =     0 Max = 0 (GRCs =  0) GRCs =     0 (0.00%)
phase1. METAL5     Overflow =     0 Max = 0 (GRCs =  0) GRCs =     0 (0.00%)
phase1. METAL6     Overflow =     0 Max = 0 (GRCs =  0) GRCs =     0 (0.00%)

phase1. Total Wire Length = 221298.48
phase1. Layer METAL1 wire length = 4779.82
phase1. Layer METAL2 wire length = 61097.95
phase1. Layer METAL3 wire length = 101994.18
phase1. Layer METAL4 wire length = 47248.86
phase1. Layer METAL5 wire length = 6177.67
phase1. Layer METAL6 wire length = 0.00
phase1. Total Number of Contacts = 24087
phase1. Via via1 count = 11942
phase1. Via via2 count = 9976
phase1. Via via3 count = 2032
phase1. Via via4 count = 137
phase1. Via via5 count = 0
phase1. completed.
[End of Whole Chip Routing] Elapsed real time: 0:00:00 
[End of Whole Chip Routing] Elapsed cpu  time: sys=0:00:00 usr=0:00:00 total=0:00:00
[End of Whole Chip Routing] Stage (MB): Used  111  Alloctr  112  Proc    0 
[End of Whole Chip Routing] Total (MB): Used  136  Alloctr  137  Proc 5973 

Information: Global Routing didn't terminate early. (ZRT-103)

Congestion utilization per direction:
Average vertical track utilization   = 22.24 %
Peak    vertical track utilization   = 78.95 %
Average horizontal track utilization = 19.50 %
Peak    horizontal track utilization = 82.35 %

[End of Global Routing] Elapsed real time: 0:00:00 
[End of Global Routing] Elapsed cpu  time: sys=0:00:00 usr=0:00:00 total=0:00:00
[End of Global Routing] Stage (MB): Used  110  Alloctr  111  Proc    0 
[End of Global Routing] Total (MB): Used  135  Alloctr  137  Proc 5973 
Writing out congestion map...
Updating congestion ...
Updating congestion ...
[End of dbOut] Elapsed real time: 0:00:00 
[End of dbOut] Elapsed cpu  time: sys=0:00:00 usr=0:00:00 total=0:00:00
[End of dbOut] Stage (MB): Used  -19  Alloctr  -19  Proc    0 
[End of dbOut] Total (MB): Used   36  Alloctr   37  Proc 5973 
Using per-layer congestion maps for congestion reduction.
Information: 0.06% of design has horizontal routing density above target_routing_density of 0.80.
Information: 0.04% of design has vertical routing density above target_routing_density of 0.80.
Completed transferring placement data.
Running placement using 8 thread(s)
Information: Enhanced Auto Density Control is used. (PLACE-098)
Information: Enhanced auto density configuration is 13179.
Information: Automatic density control has selected the following settings: max_density 0.70, congestion_driven_max_util 0.89. (PLACE-027)
Information: HFW control 'on' invoked.
coarse place 100% done.
Information: Reducing cell density for 0.0% of the movable cells to alleviate congestion. This changes the average cell density in non-congested areas from 0.563 to 0.563. (PLACE-030)
Information: The RC mode used is VR for design 'sar_digi_paper_core'. (NEX-022)
Information: Update timing completed net estimation for all the timing graph nets (TIM-111)
Information: Net estimation statistics: timing graph nets = 3798, routed nets = 0, across physical hierarchy nets = 0, parasitics cached nets = 3798, delay annotated nets = 0, parasitics annotated nets = 0, multi-voltage nets = 0. (TIM-112)
CGRW: permuting timing equivalent pins only
Corner Scaling is off, multiplier is 1.000000
Information: timingScenario default timingCorner default.  Using corner default for worst leakage corner. (OPT-078)
Information: Using default layer METAL4 (Current) (OPT-079)
new default layer same as orig default layer
Information: Using default layer METAL4 (Inferior) (OPT-079)
Information: Nominal = 0.1347885  Design MT = 0.800000  Target = 0.6946049  MaxRC = 0.380783 Fast Target = 0.268452 (OPT-081)
nplLib: default vr hor dist = 3491
nplLib: default vr ver dist = 3491
nplLib: default vr buf size = 11
nplLib: default vr buf size = 5
Placer using max_unbuffered_distance = 3491.15

Placement Options:
Effort:                        medium_effort       
Timing Driven:                 true                
Buffering Aware Timing Driven: false               
Seed locs:                     true                
Incremental:                   false               
Congestion:                    true                
Congestion Effort:             medium              
Fix Macros:                    true                
Place Macros:                  false               
Channel Size Macros:           false               


Information: Activity for scenario default was cached, no propagation required. (POW-005)
Warning: a large fraction of the nets have zero toggle rate (69.8789%)
****** eLpp estimated wire length 
7.12307% of the net wire length are clock nets
65.3214% of the clock net wire length has no activity
Clock net wire length: 1.59587e+08
Total net wire length: 2.24042e+09
****** eLpp weights (with caps) (no lengths)
Number of nets: 3798, of which 3756 non-clock nets
Number of nets with 0 toggle rate: 2654 (69.8789%)
Max toggle rate = 0.666667, average toggle rate = 0.00176893
Max non-clock toggle rate = 0.0347726
eLpp weight range = (0, 136.121)
*** 2 nets are filtered out
Start transferring placement data.
****** Net weight manager: report ******
Weights included: eLpp  PostEffort  
Number of nets with non-default weights: 3798
Amt power = 0.1
Non-default weight range: (0.9, 18.5121)
                             Min         Max         Avg       Stdev        Skew
       Toggle Rates            0    0.666667  0.00176893   0.0129489     37.8768
      Power Weights            0     136.121    0.361184     2.64394     37.8768
      Final Weights          0.9     18.5121    0.980352    0.551637      14.541
Information: Automatic repeater spreading is enabled.
Information: Automatic timing control is enabled.
checking app option clockgate_objective_weight : none
DTDP placement: scenario=default
Information: The net parasitics of block sar_digi_paper_core are cleared. (TIM-123)
Completed transferring placement data.
Running placement using 8 thread(s)
Information: Enhanced Auto Density Control is used. (PLACE-098)
Information: Enhanced auto density configuration is 13179.
Information: Automatic density control has selected the following settings: max_density 0.70, congestion_driven_max_util 0.89. (PLACE-027)
Information: HFW control 'on' invoked.
coarse place 50% done.
coarse place 67% done.
coarse place 83% done.
coarse place 100% done.
Information: Coarse placer wire length estimate = 208384
Information: Coarse placer active wire length estimate = 1131.8
Information: Coarse placer weighted wire length estimate = 271667
Information: Extraction observers are detached as design net change threshold is reached.
----------------------------------------------------------------
Fixing logic constant
Completed Timing-driven placement, Elapsed time =   0: 0: 5 
----------------------------------------------------------------
Running legalize_placement
Information: Initializing classic cellmap without advanced rules enabled and without PDC enabled
Information: The following app options are used in cellmap
        place.legalize.enable_color_aware_placement : false
        place.legalize.use_nll_query_cm : false
        place.legalize.enable_advanced_legalizer : false
        place.legalize.enable_prerouted_net_check : true
        place.legalize.enable_advanced_prerouted_net_check : false
        place.legalize.always_continue : true
        place.legalize.limit_legality_checks : false
        place.common.pnet_aware_density : 1.0000
        place.common.pnet_aware_min_width : 0.0000
        place.common.pnet_aware_layers : {}
        place.common.use_placement_model : false
        place.common.enable_advanced_placement_model : true
        cts.placement.cell_spacing_rule_style : maximum
Total 0.0060 seconds to build cellmap data
INFO: creating 17(r) x 18(c) GridCells YDim 25.2 XDim 25.2
INFO: number of GridCells (sar_digi_paper_core): 306
INFO: creating 17(r) x 18(c) GridCells YDim 25.2 XDim 25.2
INFO: number of GridCells (sar_digi_paper_core): 306
Total 0.0259 seconds to load 3646 cell instances into cellmap, 3646 cells are off site row
Moveable cells: 3646; Application fixed cells: 0; Macro cells: 0; User fixed cells: 0
Average cell width 5.6384, cell height 5.0400, cell area 28.4176 for total 3646 placed and application fixed cells
Start Legalization
nplDplc2Placer::setParam(effort,1)
nplDplc2Placer::setParam(debug,0)
nplDplc2Placer::setParam(site_check,2)
nplDplc2Placer::setParam(app_firm_wgt,0)
Warning: Routing direction of metal layer POLY1 is neither "horizontal" nor "vertical".  PDC checks will not be performed on this layer. (PDC-003)
PDC app_options settings =========
	place.legalize.enable_prerouted_net_check: 1
	place.legalize.num_tracks_for_access_check: 1
	place.legalize.use_eol_spacing_for_access_check: 0
	place.legalize.allow_touch_track_for_access_check: 1
	place.legalize.reduce_conservatism_in_eol_check: 0
	place.legalize.preroute_shape_merge_distance: 0.0
	place.legalize.enable_non_preferred_direction_span_check: 0

Layer METAL1: cached 0 shapes out of 86 total shapes.
Layer METAL2: cached 34 shapes out of 34 total shapes.
Cached 1462 vias out of 1462 total vias.

Legalizing Top Level Design sar_digi_paper_core ... 
Information: Initializing classic cellmap without advanced rules enabled and without PDC enabled
Information: The following app options are used in cellmap
        place.legalize.enable_color_aware_placement : false
        place.legalize.use_nll_query_cm : false
        place.legalize.enable_advanced_legalizer : false
        place.legalize.enable_prerouted_net_check : true
        place.legalize.enable_advanced_prerouted_net_check : false
        place.legalize.always_continue : true
        place.legalize.limit_legality_checks : false
        place.common.pnet_aware_density : 1.0000
        place.common.pnet_aware_min_width : 0.0000
        place.common.pnet_aware_layers : {}
        place.common.use_placement_model : false
        place.common.enable_advanced_placement_model : true
        cts.placement.cell_spacing_rule_style : maximum
Total 0.0060 seconds to build cellmap data
Information: Creating classic rule checker.
Warning: Routing direction of metal layer POLY1 is neither "horizontal" nor "vertical".  PDC checks will not be performed on this layer. (PDC-003)
=====> Processed 109 ref cells (0 fillers) from library

Bounds/Regions In This Design:
        Area    Num Cells  Exclusive Name
 (square um)
      184066         3646        Yes DEFAULT_VA

Warning: max_legality_failures=5000 ignored.
	To use it, set limit_legality_checks to true.
Warning: max_legality_check_range=500 ignored.
	To use it, set limit_legality_checks to true.
Starting legalizer.
Warning: Exclusive bound 'DEFAULT' has no cells.
Optimizing Exclusive Bound 'DEFAULT_VA' (2/2)
    Done Exclusive Bound 'DEFAULT_VA' (2/2) (0 sec)
Legalization complete (0 total sec)

****************************************
  Report : Placement Attempts
  Site   : unit
****************************************

number of cells:                   3646
number of references:               109
number of site rows:                 85
number of locations attempted:    85775
number of locations failed:        6977  (8.1%)

Legality of references at locations:
70 references had failures.

Worst 10 references by total failures:
 CELLS       UNFLIPPED                       FLIPPED                REFERENCE NAME
         ATTEMPTS  FAILURES            ATTEMPTS  FAILURES           
   314       5012       603 ( 12.0%)       2848       402 ( 14.1%)  NAND2XL
   153       2792       492 ( 17.6%)       1464       325 ( 22.2%)  OAI21XL
   264       4519       536 ( 11.9%)       1901       274 ( 14.4%)  DFFSX1
   146       2525       419 ( 16.6%)        952       240 ( 25.2%)  AOI22XL
    23        463       145 ( 31.3%)        343       122 ( 35.6%)  OAI211XL
    54        992       148 ( 14.9%)        512        85 ( 16.6%)  AOI21X1
    58        928       115 ( 12.4%)        527        76 ( 14.4%)  AOI21XL
    37        648       114 ( 17.6%)        400        77 ( 19.2%)  AOI22X1
    28        502       100 ( 19.9%)        302        85 ( 28.1%)  OAI22XL
    26        448       102 ( 22.8%)        264        78 ( 29.5%)  DFFSX2

Worst 10 references by failure rate:
 CELLS       UNFLIPPED                       FLIPPED                REFERENCE NAME
         ATTEMPTS  FAILURES            ATTEMPTS  FAILURES           
     3         56        17 ( 30.4%)         40        17 ( 42.5%)  OAI211X1
    23        463       145 ( 31.3%)        343       122 ( 35.6%)  OAI211XL
    15        296       105 ( 35.5%)        168        47 ( 28.0%)  CMPR32X1
     1         40        12 ( 30.0%)         40        12 ( 30.0%)  OAI21X2
    21        376       101 ( 26.9%)        192        66 ( 34.4%)  OAI21X1
     8        128        35 ( 27.3%)         88        24 ( 27.3%)  OAI22X2
     7        128        32 ( 25.0%)         56        18 ( 32.1%)  ADDFX1
     2         40        13 ( 32.5%)         32         6 ( 18.8%)  DFFSX4
     7        136        32 ( 23.5%)         88        26 ( 29.5%)  CLKBUFX4
    26        448       102 ( 22.8%)        264        78 ( 29.5%)  DFFSX2

Legality of references in rows:
0 references had row failures.

****************************************
  Report : Cell Displacements
****************************************

number of cells aggregated:        3646 (31148 total sites)
avg row height over cells:        5.040 um
rms cell displacement:            1.488 um ( 0.30 row height)
rms weighted cell displacement:   1.488 um ( 0.30 row height)
max cell displacement:            3.396 um ( 0.67 row height)
avg cell displacement:            1.304 um ( 0.26 row height)
avg weighted cell displacement:   1.304 um ( 0.26 row height)
number of cells moved:             3646
number of large displacements:        0
large displacement threshold:     3.000 row height

Displacements of worst 10 cells:
Cell: u_calib_ctrl/U70 (AOI211XL)
  Input location: (329.416,385.744)
  Legal location: (327.36,383.04)
  Displacement:   3.396 um ( 0.67 row height)
Cell: u_calib_ctrl/U836 (AOI22XL)
  Input location: (70.8,143.939)
  Legal location: (68.64,146.16)
  Displacement:   3.098 um ( 0.61 row height)
Cell: HFSBUF_9_415 (BUFX4)
  Input location: (299.302,92.7067)
  Legal location: (297,90.72)
  Displacement:   3.040 um ( 0.60 row height)
Cell: u_calib_ctrl/ctmTdsLR_2_816 (NAND2X1)
  Input location: (176.998,400.384)
  Legal location: (176.22,403.2)
  Displacement:   2.922 um ( 0.58 row height)
Cell: HFSBUF_2_51 (BUFX3)
  Input location: (276.876,179.048)
  Legal location: (278.52,181.44)
  Displacement:   2.903 um ( 0.58 row height)
Cell: u_calib_ctrl/U1131 (NOR2X1)
  Input location: (250.61,92.8785)
  Legal location: (250.8,95.76)
  Displacement:   2.888 um ( 0.57 row height)
Cell: u_calib_ctrl/U760 (NAND2XL)
  Input location: (38.8732,193.662)
  Legal location: (36.96,191.52)
  Displacement:   2.872 um ( 0.57 row height)
Cell: u_calib_ctrl/U1991 (AOI22XL)
  Input location: (98.9262,138.851)
  Legal location: (99.66,136.08)
  Displacement:   2.867 um ( 0.57 row height)
Cell: u_calib_ctrl/U2054 (NAND2XL)
  Input location: (97.9983,148.875)
  Legal location: (99.66,151.2)
  Displacement:   2.858 um ( 0.57 row height)
Cell: u_calib_ctrl/ctmTdsLR_2_692 (OAI2BB1XL)
  Input location: (26.9946,209.199)
  Legal location: (25.74,206.64)
  Displacement:   2.850 um ( 0.57 row height)

Completed Legalization, Elapsed time =   0: 0: 0 
Moved 3646 out of 3646 cells, ratio = 1.000000
Total displacement = 5616.985840(um)
Max displacement = 4.759500(um), u_calib_ctrl/U70 (329.415894, 385.743591, 0) => (327.359985, 388.079987, 4)
Displacement histogram:
  0 ~  10% cells displacement <=      0.44(um)
  0 ~  20% cells displacement <=      0.72(um)
  0 ~  30% cells displacement <=      0.97(um)
  0 ~  40% cells displacement <=      1.25(um)
  0 ~  50% cells displacement <=      1.51(um)
  0 ~  60% cells displacement <=      1.80(um)
  0 ~  70% cells displacement <=      2.06(um)
  0 ~  80% cells displacement <=      2.33(um)
  0 ~  90% cells displacement <=      2.61(um)
  0 ~ 100% cells displacement <=      4.76(um)
Legalization succeeded.
----------------------------------------------------------------
Information: The stitching and editing of coupling caps is turned OFF for design 'sar16_pnr_paper_core:sar_digi_paper_core.design'. (TIM-125)
Information: Design Average RC for design sar_digi_paper_core  (NEX-011)
Information: r = 0.279041 ohm/um, via_r = 5.000000 ohm/cut, c = 0.479471 ff/um, cc = 0.000000 ff/um (X dir) (NEX-017)
Information: r = 0.240639 ohm/um, via_r = 5.000000 ohm/cut, c = 0.196928 ff/um, cc = 0.000000 ff/um (Y dir) (NEX-017)
Information: The RC mode used is VR for design 'sar_digi_paper_core'. (NEX-022)
Information: Update timing completed net estimation for all the timing graph nets (TIM-111)
Information: Net estimation statistics: timing graph nets = 3798, routed nets = 0, across physical hierarchy nets = 0, parasitics cached nets = 3798, delay annotated nets = 0, parasitics annotated nets = 0, multi-voltage nets = 0. (TIM-112)
Information: Ending   place_opt / final_place / Timing and Congestion Driven Placement with Legalization (FLW-8001)
Information: Time: 2026-09-18 20:21:15 / Session:  00:01:07 / Command:  00:00:42 / CPU:  00:01:13 / Memory: 2147 MB (FLW-8100)


Information: Ending   place_opt / final_place (FLW-8001)
Information: Time: 2026-09-18 20:21:15 / Session:  00:01:07 / Command:  00:00:42 / CPU:  00:01:13 / Memory: 2147 MB (FLW-8100)

----------------------------------------------------------------------------------------------------------
Information: Starting place_opt / final_opto (FLW-8000)
Information: Time: 2026-09-18 20:21:15 / Session:  00:01:07 / Command:  00:00:42 / CPU:  00:01:13 / Memory: 2147 MB (FLW-8100)
----------------------------------------------------------------------------------------------------------

Place-opt optimization Phase 37 Iter  1         0.00        0.00      0.00       103     103610.71  3437524.00        3646              0.02      2147
Information: The net parasitics of block sar_digi_paper_core are cleared. (TIM-123)
Information: The stitching and editing of coupling caps is turned OFF for design 'sar16_pnr_paper_core:sar_digi_paper_core.design'. (TIM-125)
Information: Design Average RC for design sar_digi_paper_core  (NEX-011)
Information: r = 0.279041 ohm/um, via_r = 5.000000 ohm/cut, c = 0.479471 ff/um, cc = 0.000000 ff/um (X dir) (NEX-017)
Information: r = 0.240639 ohm/um, via_r = 5.000000 ohm/cut, c = 0.196928 ff/um, cc = 0.000000 ff/um (Y dir) (NEX-017)
Number of Site types in the design = 1
Setting up Chip Core
Chip Core shape: (0 0) (4296600 4284000)
Number of VARs = 1
Number of unique PDs = 1
Number of Power Domains = 1
Number of Voltage Areas = 1
Number of supply Nets = 2
Number of used supplies = 0
Blocked VAs: 
Information: The RC mode used is VR for design 'sar_digi_paper_core'. (NEX-022)
Information: Update timing completed net estimation for all the timing graph nets (TIM-111)
Information: Net estimation statistics: timing graph nets = 3798, routed nets = 0, across physical hierarchy nets = 0, parasitics cached nets = 3798, delay annotated nets = 0, parasitics annotated nets = 0, multi-voltage nets = 0. (TIM-112)
Running final optimization step.

Information: Starting place_opt / final_opto / Optimization (1) (FLW-8000)
Information: Time: 2026-09-18 20:21:15 / Session:  00:01:07 / Command:  00:00:42 / CPU:  00:01:14 / Memory: 2147 MB (FLW-8100)

Information: Initializing classic cellmap without advanced rules enabled and without PDC enabled
Information: The following app options are used in cellmap
        place.legalize.enable_color_aware_placement : false
        place.legalize.use_nll_query_cm : false
        place.legalize.enable_advanced_legalizer : false
        place.legalize.enable_prerouted_net_check : true
        place.legalize.enable_advanced_prerouted_net_check : false
        place.legalize.always_continue : true
        place.legalize.limit_legality_checks : false
        place.common.pnet_aware_density : 1.0000
        place.common.pnet_aware_min_width : 0.0000
        place.common.pnet_aware_layers : {}
        place.common.use_placement_model : false
        place.common.enable_advanced_placement_model : true
        cts.placement.cell_spacing_rule_style : maximum
Total 0.0069 seconds to build cellmap data
INFO: creating 29(r) x 29(c) GridCells YDim 15.12 XDim 15.12
INFO: number of GridCells (sar_digi_paper_core): 841
INFO: creating 29(r) x 29(c) GridCells YDim 15.12 XDim 15.12
INFO: number of GridCells (sar_digi_paper_core): 841
Total 0.0276 seconds to load 3646 cell instances into cellmap
Moveable cells: 3646; Application fixed cells: 0; Macro cells: 0; User fixed cells: 0
Average cell width 5.6384, cell height 5.0400, cell area 28.4176 for total 3646 placed and application fixed cells

Information: Initializing classic cellmap without advanced rules enabled and without PDC enabled
Information: The following app options are used in cellmap
        place.legalize.enable_color_aware_placement : false
        place.legalize.use_nll_query_cm : false
        place.legalize.enable_advanced_legalizer : false
        place.legalize.enable_prerouted_net_check : true
        place.legalize.enable_advanced_prerouted_net_check : false
        place.legalize.always_continue : true
        place.legalize.limit_legality_checks : false
        place.common.pnet_aware_density : 1.0000
        place.common.pnet_aware_min_width : 0.0000
        place.common.pnet_aware_layers : {}
        place.common.use_placement_model : false
        place.common.enable_advanced_placement_model : true
        cts.placement.cell_spacing_rule_style : maximum
Total 0.0060 seconds to build cellmap data
INFO: creating 29(r) x 29(c) GridCells YDim 15.12 XDim 15.12
INFO: number of GridCells (sar_digi_paper_core): 841
INFO: creating 29(r) x 29(c) GridCells YDim 15.12 XDim 15.12
INFO: number of GridCells (sar_digi_paper_core): 841
Total 0.0259 seconds to load 3646 cell instances into cellmap
Moveable cells: 3646; Application fixed cells: 0; Macro cells: 0; User fixed cells: 0
Average cell width 5.6384, cell height 5.0400, cell area 28.4176 for total 3646 placed and application fixed cells
Place-opt optimization Phase 40 Iter  1         0.00        0.00      0.00       152     103610.71  3437524.00        3646              0.02      2147
Isolated 0 ports, skipped 0 ports
Already Isolated 0 ports, Deleted 0 existing Isolation cells 

Place-opt optimization Phase 41 Iter  1         0.00        0.00      0.00       152     103610.71  3437524.00        3646              0.02      2147
Corner Scaling is off, multiplier is 1.000000
Corner Scaling is off, multiplier is 1.000000
Information: Using default layer METAL4 (Current) (OPT-079)
new default layer same as orig default layer
Information: Using default layer METAL4 (Inferior) (OPT-079)
bmap: stepx = stepy = 252000
creating bmap
DB units per micron : 10000
Building neighbor and MV cache
INFO: New Levelizer turned on
Place-opt optimization Phase 41 Iter  2         0.00        0.00      0.00       152     103610.71  3437524.00        3646              0.02      2147
Place-opt optimization Phase 41 Iter  3         0.00        0.00      0.00        28     105310.50  3516576.25        3646              0.02      2147
Place-opt optimization Phase 41 Iter  4         0.00        0.00      0.00        28     105310.50  3516576.25        3646              0.02      2147

Convert timing mode ...
Place-opt optimization Phase 42 Iter  1         0.00        0.00      0.00        28     105310.50  3516576.25        3739              0.02      2147
Place-opt optimization Phase 42 Iter  2         0.00        0.00      0.00        28     105310.50  3516576.25        3739              0.02      2147
Place-opt optimization Phase 42 Iter  3         0.00        0.00      0.00        28     105310.50  3516576.25        3739              0.02      2147
Place-opt optimization Phase 42 Iter  4         0.00        0.00      0.00        28     105310.50  3516576.25        3739              0.02      2147
Number of Site types in the design = 1
INFO: Skipping activation of hold scenarios prior to CUS.
Information: The value of option cts.compile.enable_cell_relocation has been overridden to "leaf_only" to support latency-driven placement. (CTS-973)
Information: CTS will work on the following scenarios. (CTS-101)
Information: CTS will work on all clocks in active scenarios, including 2 master clocks and 0 generated clocks. (CTS-107)
Information: 'default' is identified as primary corner for initial clock tree building. (CTS-103)
CCD app option: ccd.targeted_ccd_path_groups:  **clock_gating_default**
Target path group: scenario default pathgroup **clock_gating_default**
Information: CCD will use corner default for honoring max prepone/postpone limits
Uskew Characterizer: corner: default, scalingFactor: 1.000
@ CG solver holdWeight = 0.100000
@ CG solver setupWeight = 1.000000
@ CG solver delayCostWeight = 5.000000
@ CG solver zeroDirWeight = 5.000000
@ CG solver wnsWeight = 400.000000
CCD-Info: Estimated initial clock tree cost 0.00 estimated repeater count 0
CCD-Info: Estimated clock tree cost 0.00 estimated repeater count 0

Summary of messages during CTS:
===============================================================
  Tag   Count  Type           Description
---------------------------------------------------------------
 No error or warning message.
Information: The value of option cts.compile.enable_cell_relocation has been overridden to "leaf_only" to support latency-driven placement. (CTS-973)
Warning: No clock routing rules were specified. Use set_clock_routing_rules to specify routing rules for accurate clock latency estimation. (OPT-902)
Warning: No clock routing rules were specified. Use set_clock_routing_rules to specify routing rules for accurate clock latency estimation. (OPT-902)
Warning: Skipping clock gate latency estimation for scenario 'default' with propagated clocks. (OPT-910)
INFO: Skipping deactivation of hold scenarios after CUS.
Number of Site types in the design = 1
Place-opt optimization Phase 42 Iter  5         0.00        0.00      0.00        28     105310.50  3516576.25        3739              0.02      2147
Place-opt optimization Phase 42 Iter  6         0.00        0.00      0.00        28     105310.50  3516576.25        3739              0.02      2147
Place-opt optimization Phase 42 Iter  7         0.00        0.00      0.00        28     105310.50  3516576.25        3739              0.02      2147
Place-opt optimization Phase 42 Iter  8         0.00        0.00      0.00        28     105310.50  3516576.25        3739              0.02      2147
Corner Scaling is off, multiplier is 1.000000
Information: Using default layer METAL4 (Current) (OPT-079)
new default layer same as orig default layer
Information: Using default layer METAL4 (Inferior) (OPT-079)
bmap: stepx = stepy = 252000
creating bmap
DB units per micron : 10000
Building neighbor and MV cache
Place-opt optimization Phase 42 Iter  9         0.00        0.00      0.00        28     105310.50  3516576.25        3739              0.02      2147
Place-opt optimization Phase 42 Iter 10         0.00        0.00      0.00        28     105310.50  3516576.25        3739              0.02      2147
Number of Site types in the design = 1
INFO: Skipping activation of hold scenarios prior to CUS.
Information: The value of option cts.compile.enable_cell_relocation has been overridden to "leaf_only" to support latency-driven placement. (CTS-973)
Information: CTS will work on the following scenarios. (CTS-101)
Information: CTS will work on all clocks in active scenarios, including 2 master clocks and 0 generated clocks. (CTS-107)
Information: 'default' is identified as primary corner for initial clock tree building. (CTS-103)
CCD app option: ccd.targeted_ccd_path_groups:  **clock_gating_default**
Target path group: scenario default pathgroup **clock_gating_default**
Information: CCD will use corner default for honoring max prepone/postpone limits
Uskew Characterizer: corner: default, scalingFactor: 1.000
@ CG solver holdWeight = 0.100000
@ CG solver setupWeight = 1.000000
@ CG solver delayCostWeight = 5.000000
@ CG solver zeroDirWeight = 5.000000
@ CG solver wnsWeight = 400.000000
CCD-Info: Estimated initial clock tree cost 0.00 estimated repeater count 0
CCD-Info: Estimated clock tree cost 0.00 estimated repeater count 0

Summary of messages during CTS:
===============================================================
  Tag   Count  Type           Description
---------------------------------------------------------------
 No error or warning message.
Information: The value of option cts.compile.enable_cell_relocation has been overridden to "leaf_only" to support latency-driven placement. (CTS-973)
Warning: No clock routing rules were specified. Use set_clock_routing_rules to specify routing rules for accurate clock latency estimation. (OPT-902)
Warning: No clock routing rules were specified. Use set_clock_routing_rules to specify routing rules for accurate clock latency estimation. (OPT-902)
Warning: Skipping clock gate latency estimation for scenario 'default' with propagated clocks. (OPT-910)
INFO: Skipping deactivation of hold scenarios after CUS.
Number of Site types in the design = 1
Place-opt optimization Phase 42 Iter 11         0.00        0.00      0.00        28     105310.50  3516576.25        3739              0.02      2147
Place-opt optimization Phase 42 Iter 12         0.00        0.00      0.00        28     105310.50  3516576.25        3739              0.02      2147
Place-opt optimization Phase 42 Iter 13         0.00        0.00      0.00        28     105310.50  3516576.25        3739              0.02      2147
Place-opt optimization Phase 42 Iter 14         0.00        0.00      0.00        28     105310.50  3516576.25        3739              0.02      2147
Place-opt optimization Phase 42 Iter 15         0.00        0.00      0.00        28     105310.50  3516576.25        3739              0.02      2147
Place-opt optimization summary            SETUP-COST    R2R-COST HOLD-COST LDRC-COST          AREA     LEAKAGE     INSTCNT            ELAPSE       MEM
Place-opt optimization Phase 42 Iter 16         0.00        0.00      0.00        28     105310.50  3516576.25        3739              0.02      2147
Place-opt optimization Phase 42 Iter 17         0.00        0.00      0.00        28     105310.50  3516576.25        3739              0.02      2147

Place-opt optimization Phase 43 Iter  1         0.00        0.00      0.00        28     105310.50  3516576.25        3739              0.02      2147

Convert timing mode ...
Place-opt optimization Phase 44 Iter  1         0.00        0.00      0.00         0     105180.77  3501071.25        3739              0.02      2147
Corner Scaling is off, multiplier is 1.000000
Information: Using default layer METAL4 (Current) (OPT-079)
new default layer same as orig default layer
Information: Using default layer METAL4 (Inferior) (OPT-079)
bmap: stepx = stepy = 252000
creating bmap
DB units per micron : 10000
Building neighbor and MV cache
Place-opt optimization Phase 44 Iter  2         0.00        0.00      0.00         0     105180.77  3501071.25        3739              0.02      2147
Place-opt optimization Phase 44 Iter  3         0.00        0.00      0.00         0     105180.77  3501071.25        3739              0.02      2147
Place-opt optimization Phase 44 Iter  4         0.00        0.00      0.00         0     105180.77  3501071.25        3739              0.02      2147

Enable clock slack update
Place-opt optimization Phase 45 Iter  1         0.00        0.00      0.00         0     105180.77  3501071.25        3739              0.02      2147
INFO: cellmap features:  adv-rules=(N), pdc=(N), clock-rules=(Y)

Place-opt optimization Phase 46 Iter  1         0.00        0.00      0.00         0     105180.77  3501071.25        3739              0.02      2147
Convert timing mode ...
INFO: New Levelizer turned on

Place-opt optimization Phase 47 Iter  1         0.00        0.00      0.00         0     105180.77  3501071.25        3739              0.02      2147

Enable clock slack update
Information: Activity propagation will be performed for scenario default.
Information: Doing activity propagation for mode 'default' and corner 'default' with effort level 'medium'. (POW-024)
Information: Timer-derived activity data is cached on scenario default (POW-052)
Information: Running switching activity propagation with 8 threads!

 **** Information : No. of simulation cycles = 7 ****
Place-opt optimization Phase 48 Iter  1         0.00        0.00      0.00         0     104269.34  3459930.25        3669              0.02      2147
INFO: cellmap features:  adv-rules=(N), pdc=(N), clock-rules=(Y)

Place-opt optimization Phase 49 Iter  1         0.00        0.00      0.00         0     104229.41  3449590.75        3669              0.02      2147
INFO: New Levelizer turned on
[ISR-KNEP1] Knee  _candPts 1163  excluded 1222  numKnees(appOption) 3  allKneesSize 4  mergedKneesSize(includes excluded) 3
[ISR-KNEP1] Knee 0.02191061  Ignore(Merge) 1  Upcands 78
[ISR-KNEP1] Knee 0.00083945  Ignore(Merge) 0  Upcands 193
[ISR-KNEP1] Knee 0.00015665  Ignore(Merge) 0  Upcands 173
[ISR-KNEP1] Knee 0.00000000  Ignore(Merge) 0  Upcands 990
[ISR-KNEP1] Merged-Knee 0.00083945  Upcands(with excluded) 193
[ISR-KNEP1] Merged-Knee 0.00015665  Upcands(with excluded) 173
[ISR-KNEP1] Merged-Knee 0.00000000  Upcands(with excluded) 2212
[ISR-TRACE] Potential Bucket: Pass 1  Index 0  #Total-cands    193 ( 7.49%) SumPotEst 0.08704816 (99.14%) 
[ISR-TRACE] Potential Bucket: Pass 1  Index 1  #Total-cands    173 ( 6.71%) SumPotEst 0.00040994 ( 0.47%) 
[ISR-TRACE] Potential Bucket: Pass 1  Index 2  #Total-cands   2212 (85.80%) SumPotEst 0.00034756 ( 0.40%) 
[ISR-BKTP1] Bucket 1  #Tot-Cands    193  #Comitted   50 (43.10%)  #runProblems    116  #Batches   46  #lowRoi-filter    77
[ISR-TRACE] Iter 2  TotCands 173  Combo 0  Seq 0  Filtered 173  NumKnees: 3
[ISR-BKTP1] Bucket 3  #Tot-Cands   2212  #Comitted    0 ( 0.00%)  #runProblems    586  #Batches  101  #isDownsizable-filter   636  #lowRoi-filter   990
[ISR-TRACE] Pass 1    Filter stats     #static   #dynamic
[ISR-TRACE]            bufrem-filter       0 |      0 
[ISR-TRACE]          holdviol-filter       0 |      0 
[ISR-TRACE]     isDownsizable-filter       0 |    636 
[ISR-TRACE]            lowRoi-filter       0 |   1240 
[ISR-TRACE]         ok-driver-filter    2142 |      0 
[ISR-TRACE]             slack-filter       0 |      0 


Place-opt optimization Phase 50 Iter  1         0.00        0.00      0.00         0     104169.54  3433278.75        3669              0.02      2147
Warning: No tie cell is available for constant fixing. (OPT-200)

Place-opt optimization Phase 51 Iter  1         0.00        0.00      0.00         0     104169.54  3433278.75        3669              0.02      2147

Place-opt optimization Phase 52 Iter  1         0.00        0.00      0.00         0     104169.54  3433278.75        3669              0.02      2147

Information: Ending   place_opt / final_opto / Optimization (1) (FLW-8001)
Information: Time: 2026-09-18 20:21:20 / Session:  00:01:12 / Command:  00:00:48 / CPU:  00:01:34 / Memory: 2147 MB (FLW-8100)

Information: Starting place_opt / final_opto / Legalization (1) (FLW-8000)
Information: Time: 2026-09-18 20:21:20 / Session:  00:01:12 / Command:  00:00:48 / CPU:  00:01:34 / Memory: 2147 MB (FLW-8100)

START_FUNC : legalize_placement_pre_run_core CPU :    112 s ( 0.03 hr) ELAPSE :     72 s ( 0.02 hr) MEM-PEAK :  2147 Mb
END_FUNC : legalize_placement_pre_run_core CPU :    112 s ( 0.03 hr) ELAPSE :     72 s ( 0.02 hr) MEM-PEAK :  2147 Mb
START_FUNC: legalize_placement_run_core CPU:    126 s ( 0.04 hr) ELAPSE:     73 s ( 0.02 hr) MEM-PEAK:  2147 Mb Fri Sep 18 20:21:20 2026
Place-opt optimization Phase 55 Iter  1         0.00        0.00      0.00         0     104169.54  3433278.75        3669              0.02      2147
nplDplc2Placer::setParam(effort,1)
nplDplc2Placer::setParam(debug,0)
nplDplc2Placer::setParam(site_check,2)
nplDplc2Placer::setParam(app_firm_wgt,0)
Warning: Routing direction of metal layer POLY1 is neither "horizontal" nor "vertical".  PDC checks will not be performed on this layer. (PDC-003)
PDC app_options settings =========
	place.legalize.enable_prerouted_net_check: 1
	place.legalize.num_tracks_for_access_check: 1
	place.legalize.use_eol_spacing_for_access_check: 0
	place.legalize.allow_touch_track_for_access_check: 1
	place.legalize.reduce_conservatism_in_eol_check: 0
	place.legalize.preroute_shape_merge_distance: 0.0
	place.legalize.enable_non_preferred_direction_span_check: 0

Layer METAL1: cached 0 shapes out of 86 total shapes.
Layer METAL2: cached 34 shapes out of 34 total shapes.
Cached 1462 vias out of 1462 total vias.

Legalizing Top Level Design sar_digi_paper_core ... 
Information: Initializing classic cellmap without advanced rules enabled and without PDC enabled
Information: The following app options are used in cellmap
        place.legalize.enable_color_aware_placement : false
        place.legalize.use_nll_query_cm : false
        place.legalize.enable_advanced_legalizer : false
        place.legalize.enable_prerouted_net_check : true
        place.legalize.enable_advanced_prerouted_net_check : false
        place.legalize.always_continue : true
        place.legalize.limit_legality_checks : false
        place.common.pnet_aware_density : 1.0000
        place.common.pnet_aware_min_width : 0.0000
        place.common.pnet_aware_layers : {}
        place.common.use_placement_model : false
        place.common.enable_advanced_placement_model : true
        cts.placement.cell_spacing_rule_style : maximum
Total 0.0060 seconds to build cellmap data
Information: Creating classic rule checker.
Warning: Routing direction of metal layer POLY1 is neither "horizontal" nor "vertical".  PDC checks will not be performed on this layer. (PDC-003)
=====> Processed 114 ref cells (0 fillers) from library

Bounds/Regions In This Design:
        Area    Num Cells  Exclusive Name
 (square um)
      184066         3669        Yes DEFAULT_VA

Starting legalizer.
Warning: Exclusive bound 'DEFAULT' has no cells.
Optimizing Exclusive Bound 'DEFAULT_VA' (2/2)
    Done Exclusive Bound 'DEFAULT_VA' (2/2) (0 sec)
Legalization complete (0 total sec)

****************************************
  Report : Placement Attempts
  Site   : unit
****************************************

number of cells:                   3669
number of references:               114
number of site rows:                 85
number of locations attempted:    78289
number of locations failed:        5967  (7.6%)

Legality of references at locations:
74 references had failures.

Worst 10 references by total failures:
 CELLS       UNFLIPPED                       FLIPPED                REFERENCE NAME
         ATTEMPTS  FAILURES            ATTEMPTS  FAILURES           
   316       4356       538 ( 12.4%)       2408       323 ( 13.4%)  NAND2XL
   150       2302       400 ( 17.4%)       1143       240 ( 21.0%)  OAI21XL
   208       3328       401 ( 12.0%)       1470       219 ( 14.9%)  DFFSX1
   129       1909       311 ( 16.3%)        512       103 ( 20.1%)  AOI22XL
    61        927       122 ( 13.2%)        559        73 ( 13.1%)  AOI21XL
    24        392       115 ( 29.3%)        200        75 ( 37.5%)  OAI21X1
    23        384       105 ( 27.3%)        264        78 ( 29.5%)  OAI211XL
    51        816       119 ( 14.6%)        376        57 ( 15.2%)  AOI21X1
    42        664        97 ( 14.6%)        360        63 ( 17.5%)  AOI22X1
    21        344        92 ( 26.7%)        224        57 ( 25.4%)  DFFSX2

Worst 10 references by failure rate:
 CELLS       UNFLIPPED                       FLIPPED                REFERENCE NAME
         ATTEMPTS  FAILURES            ATTEMPTS  FAILURES           
     3         48        18 ( 37.5%)         32        17 ( 53.1%)  OAI211X1
    24        392       115 ( 29.3%)        200        75 ( 37.5%)  OAI21X1
    15        248        87 ( 35.1%)        136        31 ( 22.8%)  CMPR32X1
     9        144        39 ( 27.1%)         88        29 ( 33.0%)  OAI22X2
     7        112        31 ( 27.7%)         40        12 ( 30.0%)  ADDFX1
    23        384       105 ( 27.3%)        264        78 ( 29.5%)  OAI211XL
    21        344        92 ( 26.7%)        224        57 ( 25.4%)  DFFSX2
     1         16         4 ( 25.0%)          0         0 (  0.0%)  ADDFHXL
     1         16         4 ( 25.0%)          0         0 (  0.0%)  AND2X4
     1         16         4 ( 25.0%)          0         0 (  0.0%)  NOR2BX2

Legality of references in rows:
0 references had row failures.

****************************************
  Report : Cell Displacements
****************************************

number of cells aggregated:        3669 (31316 total sites)
avg row height over cells:        5.040 um
rms cell displacement:            0.299 um ( 0.06 row height)
rms weighted cell displacement:   0.299 um ( 0.06 row height)
max cell displacement:            5.083 um ( 1.01 row height)
avg cell displacement:            0.062 um ( 0.01 row height)
avg weighted cell displacement:   0.062 um ( 0.01 row height)
number of cells moved:              243
number of large displacements:        0
large displacement threshold:     3.000 row height

Displacements of worst 10 cells:
Cell: u_calib_ctrl/ZBUF_148_inst_1077 (CLKBUFX2)
  Input location: (271.26,327.6)
  Legal location: (270.6,332.64)
  Displacement:   5.083 um ( 1.01 row height)
Cell: u_calib_ctrl/ZBUF_24_inst_1069 (BUFXL)
  Input location: (250.8,317.52)
  Legal location: (250.8,312.48)
  Displacement:   5.040 um ( 1.00 row height)
Cell: u_calib_ctrl/ZBUF_9_inst_989 (BUFXL)
  Input location: (256.74,322.56)
  Legal location: (252.12,322.56)
  Displacement:   4.620 um ( 0.92 row height)
Cell: ZBUF_22_inst_1054 (CLKBUFX3)
  Input location: (298.32,120.96)
  Legal location: (301.62,120.96)
  Displacement:   3.300 um ( 0.65 row height)
Cell: u_calib_ctrl/ZBUF_66_inst_1070 (BUFX1)
  Input location: (266.64,302.4)
  Legal location: (269.94,302.4)
  Displacement:   3.300 um ( 0.65 row height)
Cell: u_calib_ctrl/ZBUF_13_inst_991 (CLKBUFX2)
  Input location: (237.6,156.24)
  Legal location: (240.9,156.24)
  Displacement:   3.300 um ( 0.65 row height)
Cell: ZBUF_24_inst_1045 (CLKBUFX3)
  Input location: (341.22,115.92)
  Legal location: (344.52,115.92)
  Displacement:   3.300 um ( 0.65 row height)
Cell: ZBUF_24_inst_1022 (CLKBUFX3)
  Input location: (322.74,136.08)
  Legal location: (326.04,136.08)
  Displacement:   3.300 um ( 0.65 row height)
Cell: u_calib_ctrl/ZBUF_2_inst_1050 (BUFXL)
  Input location: (221.76,257.04)
  Legal location: (225.06,257.04)
  Displacement:   3.300 um ( 0.65 row height)
Cell: ZBUF_24_inst_1064 (CLKBUFX3)
  Input location: (305.58,136.08)
  Legal location: (308.88,136.08)
  Displacement:   3.300 um ( 0.65 row height)

Information: The net parasitics of block sar_digi_paper_core are cleared. (TIM-123)
Information: The stitching and editing of coupling caps is turned OFF for design 'sar16_pnr_paper_core:sar_digi_paper_core.design'. (TIM-125)
Information: Design Average RC for design sar_digi_paper_core  (NEX-011)
Information: r = 0.279036 ohm/um, via_r = 4.999999 ohm/cut, c = 0.480058 ff/um, cc = 0.000000 ff/um (X dir) (NEX-017)
Information: r = 0.240639 ohm/um, via_r = 5.000000 ohm/cut, c = 0.197162 ff/um, cc = 0.000000 ff/um (Y dir) (NEX-017)
Information: The RC mode used is VR for design 'sar_digi_paper_core'. (NEX-022)
Information: Update timing completed net estimation for all the timing graph nets (TIM-111)
Information: Net estimation statistics: timing graph nets = 3821, routed nets = 0, across physical hierarchy nets = 0, parasitics cached nets = 3821, delay annotated nets = 0, parasitics annotated nets = 0, multi-voltage nets = 0. (TIM-112)
END_FUNC: legalize_placement_run_core CPU:    127 s ( 0.04 hr) ELAPSE:     74 s ( 0.02 hr) MEM-PEAK:  2147 Mb Fri Sep 18 20:21:21 2026

Information: Ending   place_opt / final_opto / Legalization (1) (FLW-8001)
Information: Time: 2026-09-18 20:21:21 / Session:  00:01:13 / Command:  00:00:49 / CPU:  00:01:35 / Memory: 2147 MB (FLW-8100)

Information: Starting place_opt / final_opto / Optimization (2) (FLW-8000)
Information: Time: 2026-09-18 20:21:21 / Session:  00:01:13 / Command:  00:00:49 / CPU:  00:01:35 / Memory: 2147 MB (FLW-8100)
INFO: Enabled CLO at stage after_LGL1.

INFO: place.legalize.enable_advanced_legalizer not set - need to revert CLO
INFO: First Place-opt did not mark run with CLO enabled/disabled property
INFO: Concurrent Legalization and Optimization (CLO) Reverted

Information: Initializing classic cellmap without advanced rules enabled and without PDC enabled
Information: The following app options are used in cellmap
        place.legalize.enable_color_aware_placement : false
        place.legalize.use_nll_query_cm : false
        place.legalize.enable_advanced_legalizer : false
        place.legalize.enable_prerouted_net_check : true
        place.legalize.enable_advanced_prerouted_net_check : false
        place.legalize.always_continue : true
        place.legalize.limit_legality_checks : false
        place.common.pnet_aware_density : 1.0000
        place.common.pnet_aware_min_width : 0.0000
        place.common.pnet_aware_layers : {}
        place.common.use_placement_model : false
        place.common.enable_advanced_placement_model : true
        cts.placement.cell_spacing_rule_style : maximum
Total 0.0127 seconds to build cellmap data
INFO: creating 29(r) x 29(c) GridCells YDim 15.12 XDim 15.12
INFO: number of GridCells (sar_digi_paper_core): 841
INFO: creating 29(r) x 29(c) GridCells YDim 15.12 XDim 15.12
INFO: number of GridCells (sar_digi_paper_core): 841
Total 0.0540 seconds to load 3669 cell instances into cellmap
Moveable cells: 3669; Application fixed cells: 0; Macro cells: 0; User fixed cells: 0
Average cell width 5.6333, cell height 5.0400, cell area 28.3918 for total 3669 placed and application fixed cells
Place-opt optimization Phase 59 Iter  1         0.00        0.00      0.00        31     104169.54  3433278.75        3669              0.02      2147
Convert timing mode ...
INFO: New Levelizer turned on

Place-opt optimization Phase 60 Iter  1         0.00        0.00      0.00        31     104169.54  3433278.75        3669              0.02      2147
INFO: New Levelizer turned on
Place-opt optimization Phase 60 Iter  2         0.00        0.00      0.00        31     104169.54  3433278.75        3669              0.02      2147
Place-opt optimization Phase 60 Iter  3         0.00        0.00      0.00        30     104169.54  3433299.50        3669              0.02      2147
Place-opt optimization Phase 60 Iter  4         0.00        0.00      0.00        30     104169.54  3433299.50        3669              0.02      2147
Place-opt optimization Phase 60 Iter  5         0.00        0.00      0.00        29     104182.85  3434382.50        3669              0.02      2147

Convert timing mode ...
Place-opt optimization Phase 61 Iter  1         0.00        0.00      0.00         0     104182.85  3434382.50        3669              0.02      2147
Place-opt optimization Phase 61 Iter  2         0.00        0.00      0.00         0     104182.85  3434382.50        3669              0.02      2147
Place-opt optimization Phase 61 Iter  3         0.00        0.00      0.00         0     104182.85  3434382.50        3669              0.02      2147
Place-opt optimization Phase 61 Iter  4         0.00        0.00      0.00         0     104182.85  3434382.50        3669              0.02      2147
Place-opt optimization Phase 61 Iter  5         0.00        0.00      0.00         0     104182.85  3434382.50        3669              0.02      2147
Place-opt optimization Phase 61 Iter  6         0.00        0.00      0.00         0     104182.85  3434382.50        3669              0.02      2147
Corner Scaling is off, multiplier is 1.000000
Information: Using default layer METAL4 (Current) (OPT-079)
new default layer same as orig default layer
Information: Using default layer METAL4 (Inferior) (OPT-079)
bmap: stepx = stepy = 252000
creating bmap
DB units per micron : 10000
Building neighbor and MV cache
Place-opt optimization Phase 61 Iter  7         0.00        0.00      0.00         0     104182.85  3434382.50        3669              0.02      2147
Place-opt optimization summary            SETUP-COST    R2R-COST HOLD-COST LDRC-COST          AREA     LEAKAGE     INSTCNT            ELAPSE       MEM
Place-opt optimization Phase 61 Iter  8         0.00        0.00      0.00         0     104182.85  3434382.50        3669              0.02      2147

Place-opt optimization Phase 62 Iter  1         0.00        0.00      0.00         0     104182.85  3434382.50        3669              0.02      2147

Place-opt optimization Phase 63 Iter  1         0.00        0.00      0.00         0     104182.85  3434382.50        3669              0.02      2147
Corner Scaling is off, multiplier is 1.000000
Corner Scaling is off, multiplier is 1.000000
Information: Using default layer METAL4 (Current) (OPT-079)
new default layer same as orig default layer
Information: Using default layer METAL4 (Inferior) (OPT-079)
bmap: stepx = stepy = 252000
creating bmap
DB units per micron : 10000
Building neighbor and MV cache
INFO: New Levelizer turned on
Place-opt optimization Phase 63 Iter  2         0.00        0.00      0.00         0     104182.85  3434382.50        3669              0.02      2147
Place-opt optimization Phase 63 Iter  3         0.00        0.00      0.00         0     104209.46  3435225.00        3669              0.02      2147
Place-opt optimization Phase 63 Iter  4         0.00        0.00      0.00         0     104209.46  3435225.00        3669              0.02      2147

Information: Ending   place_opt / final_opto / Optimization (2) (FLW-8001)
Information: Time: 2026-09-18 20:21:22 / Session:  00:01:14 / Command:  00:00:49 / CPU:  00:01:37 / Memory: 2147 MB (FLW-8100)

Information: Starting place_opt / final_opto / Legalization (2) (FLW-8000)
Information: Time: 2026-09-18 20:21:22 / Session:  00:01:14 / Command:  00:00:49 / CPU:  00:01:37 / Memory: 2147 MB (FLW-8100)

START_FUNC : legalize_placement_pre_run_core CPU :    115 s ( 0.03 hr) ELAPSE :     74 s ( 0.02 hr) MEM-PEAK :  2147 Mb
END_FUNC : legalize_placement_pre_run_core CPU :    115 s ( 0.03 hr) ELAPSE :     74 s ( 0.02 hr) MEM-PEAK :  2147 Mb
START_FUNC: legalize_placement_run_core CPU:    130 s ( 0.04 hr) ELAPSE:     74 s ( 0.02 hr) MEM-PEAK:  2147 Mb Fri Sep 18 20:21:22 2026
Place-opt optimization Phase 66 Iter  1         0.00        0.00      0.00         0     104209.46  3435225.00        3671              0.02      2147
nplDplc2Placer::setParam(effort,1)
nplDplc2Placer::setParam(debug,0)
nplDplc2Placer::setParam(site_check,2)
nplDplc2Placer::setParam(app_firm_wgt,0)
Warning: Routing direction of metal layer POLY1 is neither "horizontal" nor "vertical".  PDC checks will not be performed on this layer. (PDC-003)
PDC app_options settings =========
	place.legalize.enable_prerouted_net_check: 1
	place.legalize.num_tracks_for_access_check: 1
	place.legalize.use_eol_spacing_for_access_check: 0
	place.legalize.allow_touch_track_for_access_check: 1
	place.legalize.reduce_conservatism_in_eol_check: 0
	place.legalize.preroute_shape_merge_distance: 0.0
	place.legalize.enable_non_preferred_direction_span_check: 0

Layer METAL1: cached 0 shapes out of 86 total shapes.
Layer METAL2: cached 34 shapes out of 34 total shapes.
Cached 1462 vias out of 1462 total vias.

Legalizing Top Level Design sar_digi_paper_core ... 
Information: Initializing classic cellmap without advanced rules enabled and without PDC enabled
Information: The following app options are used in cellmap
        place.legalize.enable_color_aware_placement : false
        place.legalize.use_nll_query_cm : false
        place.legalize.enable_advanced_legalizer : false
        place.legalize.enable_prerouted_net_check : true
        place.legalize.enable_advanced_prerouted_net_check : false
        place.legalize.always_continue : true
        place.legalize.limit_legality_checks : false
        place.common.pnet_aware_density : 1.0000
        place.common.pnet_aware_min_width : 0.0000
        place.common.pnet_aware_layers : {}
        place.common.use_placement_model : false
        place.common.enable_advanced_placement_model : true
        cts.placement.cell_spacing_rule_style : maximum
Total 0.0124 seconds to build cellmap data
Information: Creating classic rule checker.
Warning: Routing direction of metal layer POLY1 is neither "horizontal" nor "vertical".  PDC checks will not be performed on this layer. (PDC-003)
=====> Processed 115 ref cells (0 fillers) from library

Bounds/Regions In This Design:
        Area    Num Cells  Exclusive Name
 (square um)
      184066         3671        Yes DEFAULT_VA

Starting legalizer.
Warning: Exclusive bound 'DEFAULT' has no cells.
Optimizing Exclusive Bound 'DEFAULT_VA' (2/2)
    Done Exclusive Bound 'DEFAULT_VA' (2/2) (0 sec)
Legalization complete (0 total sec)

****************************************
  Report : Placement Attempts
  Site   : unit
****************************************

number of cells:                   3671
number of references:               115
number of site rows:                 85
number of locations attempted:    77033
number of locations failed:        5807  (7.5%)

Legality of references at locations:
76 references had failures.

Worst 10 references by total failures:
 CELLS       UNFLIPPED                       FLIPPED                REFERENCE NAME
         ATTEMPTS  FAILURES            ATTEMPTS  FAILURES           
   316       4348       541 ( 12.4%)       2400       324 ( 13.5%)  NAND2XL
   150       2294       400 ( 17.4%)       1127       234 ( 20.8%)  OAI21XL
   208       3280       392 ( 12.0%)       1470       214 ( 14.6%)  DFFSX1
   129       1901       309 ( 16.3%)        504       101 ( 20.0%)  AOI22XL
    61        927       122 ( 13.2%)        543        71 ( 13.1%)  AOI21XL
    23        384       105 ( 27.3%)        264        78 ( 29.5%)  OAI211XL
    24        384       114 ( 29.7%)        184        69 ( 37.5%)  OAI21X1
    51        816       119 ( 14.6%)        376        57 ( 15.2%)  AOI21X1
    42        664        97 ( 14.6%)        360        63 ( 17.5%)  AOI22X1
    21        344        96 ( 27.9%)        200        50 ( 25.0%)  DFFSX2

Worst 10 references by failure rate:
 CELLS       UNFLIPPED                       FLIPPED                REFERENCE NAME
         ATTEMPTS  FAILURES            ATTEMPTS  FAILURES           
     3         48        18 ( 37.5%)         32        17 ( 53.1%)  OAI211X1
    24        384       114 ( 29.7%)        184        69 ( 37.5%)  OAI21X1
    15        248        87 ( 35.1%)        136        33 ( 24.3%)  CMPR32X1
     9        144        39 ( 27.1%)         88        29 ( 33.0%)  OAI22X2
     7        112        31 ( 27.7%)         40        12 ( 30.0%)  ADDFX1
    23        384       105 ( 27.3%)        264        78 ( 29.5%)  OAI211XL
    21        344        96 ( 27.9%)        200        50 ( 25.0%)  DFFSX2
     1         16         4 ( 25.0%)          0         0 (  0.0%)  NOR2BX2
     6         96        24 ( 25.0%)          0         0 (  0.0%)  CLKBUFX4
     1         16         4 ( 25.0%)          0         0 (  0.0%)  ADDFHXL

Legality of references in rows:
0 references had row failures.

****************************************
  Report : Cell Displacements
****************************************

number of cells aggregated:        3671 (31328 total sites)
avg row height over cells:        5.040 um
rms cell displacement:            0.033 um ( 0.01 row height)
rms weighted cell displacement:   0.033 um ( 0.01 row height)
max cell displacement:            1.320 um ( 0.26 row height)
avg cell displacement:            0.001 um ( 0.00 row height)
avg weighted cell displacement:   0.001 um ( 0.00 row height)
number of cells moved:                6
number of large displacements:        0
large displacement threshold:     3.000 row height

Displacements of worst 10 cells:
Cell: u_calib_ctrl/ZBUF_32_inst_1081 (BUFX1)
  Input location: (219.12,146.16)
  Legal location: (217.8,146.16)
  Displacement:   1.320 um ( 0.26 row height)
Cell: u_calib_ctrl/ZBUF_5_inst_1080 (BUFXL)
  Input location: (182.82,141.12)
  Legal location: (184.14,141.12)
  Displacement:   1.320 um ( 0.26 row height)
Cell: u_calib_ctrl/clk_gate_shadow_weights_reg[8]/latch (TLATNXL)
  Input location: (211.2,146.16)
  Legal location: (210.54,146.16)
  Displacement:   0.660 um ( 0.13 row height)
Cell: u_calib_ctrl/clk_gate_shadow_weights_reg[13]/latch (TLATNXL)
  Input location: (232.32,146.16)
  Legal location: (232.98,146.16)
  Displacement:   0.660 um ( 0.13 row height)
Cell: u_calib_ctrl/HFSINV_835_550 (INVX8)
  Input location: (180.84,141.12)
  Legal location: (180.18,141.12)
  Displacement:   0.660 um ( 0.13 row height)
Cell: u_calib_ctrl/calc_result_r_reg[13] (DFFSXL)
  Input location: (219.78,146.16)
  Legal location: (220.44,146.16)
  Displacement:   0.660 um ( 0.13 row height)
Cell: u_calib_ctrl/U1771 (ADDFX1)
  Input location: (388.08,176.4)
  Legal location: (388.08,176.4)
  Displacement:   0.000 um ( 0.00 row height)
Cell: u_calib_ctrl/U1805 (ADDFX1)
  Input location: (388.74,181.44)
  Legal location: (388.74,181.44)
  Displacement:   0.000 um ( 0.00 row height)
Cell: u_calib_ctrl/U1582 (ADDFX2)
  Input location: (370.92,277.2)
  Legal location: (370.92,277.2)
  Displacement:   0.000 um ( 0.00 row height)
Cell: u_calib_ctrl/U1532 (ADDFXL)
  Input location: (377.52,332.64)
  Legal location: (377.52,332.64)
  Displacement:   0.000 um ( 0.00 row height)

Information: The net parasitics of block sar_digi_paper_core are cleared. (TIM-123)
Information: The stitching and editing of coupling caps is turned OFF for design 'sar16_pnr_paper_core:sar_digi_paper_core.design'. (TIM-125)
Information: Design Average RC for design sar_digi_paper_core  (NEX-011)
Information: r = 0.279036 ohm/um, via_r = 4.999999 ohm/cut, c = 0.480058 ff/um, cc = 0.000000 ff/um (X dir) (NEX-017)
Information: r = 0.240639 ohm/um, via_r = 5.000000 ohm/cut, c = 0.197162 ff/um, cc = 0.000000 ff/um (Y dir) (NEX-017)
Information: The RC mode used is VR for design 'sar_digi_paper_core'. (NEX-022)
Information: Update timing completed net estimation for all the timing graph nets (TIM-111)
Information: Net estimation statistics: timing graph nets = 3823, routed nets = 0, across physical hierarchy nets = 0, parasitics cached nets = 3823, delay annotated nets = 0, parasitics annotated nets = 0, multi-voltage nets = 0. (TIM-112)
END_FUNC: legalize_placement_run_core CPU:    131 s ( 0.04 hr) ELAPSE:     75 s ( 0.02 hr) MEM-PEAK:  2147 Mb Fri Sep 18 20:21:22 2026

Information: Ending   place_opt / final_opto / Legalization (2) (FLW-8001)
Information: Time: 2026-09-18 20:21:22 / Session:  00:01:14 / Command:  00:00:50 / CPU:  00:01:38 / Memory: 2147 MB (FLW-8100)

Information: Initializing classic cellmap without advanced rules enabled and without PDC enabled
Information: The following app options are used in cellmap
        place.legalize.enable_color_aware_placement : false
        place.legalize.use_nll_query_cm : false
        place.legalize.enable_advanced_legalizer : false
        place.legalize.enable_prerouted_net_check : true
        place.legalize.enable_advanced_prerouted_net_check : false
        place.legalize.always_continue : true
        place.legalize.limit_legality_checks : false
        place.common.pnet_aware_density : 1.0000
        place.common.pnet_aware_min_width : 0.0000
        place.common.pnet_aware_layers : {}
        place.common.use_placement_model : false
        place.common.enable_advanced_placement_model : true
        cts.placement.cell_spacing_rule_style : maximum
Total 0.0062 seconds to build cellmap data
INFO: creating 29(r) x 29(c) GridCells YDim 15.12 XDim 15.12
INFO: number of GridCells (sar_digi_paper_core): 841
INFO: creating 29(r) x 29(c) GridCells YDim 15.12 XDim 15.12
INFO: number of GridCells (sar_digi_paper_core): 841
Total 0.0274 seconds to load 3671 cell instances into cellmap
Moveable cells: 3671; Application fixed cells: 0; Macro cells: 0; User fixed cells: 0
Average cell width 5.6324, cell height 5.0400, cell area 28.3872 for total 3671 placed and application fixed cells
Place-opt optimization Phase 68 Iter  1         0.00        0.00      0.00        28     104209.46  3435225.00        3671              0.02      2147

Place-opt optimization Phase 69 Iter  1         0.00        0.00      0.00        28     104209.46  3435225.00        3671              0.02      2147

Information: Ending   place_opt / final_opto (FLW-8001)
Information: Time: 2026-09-18 20:21:22 / Session:  00:01:14 / Command:  00:00:50 / CPU:  00:01:38 / Memory: 2147 MB (FLW-8100)
Number of Site types in the design = 1
Setting up Chip Core
Chip Core shape: (0 0) (4296600 4284000)
Number of VARs = 1
Number of unique PDs = 1
Number of Power Domains = 1
Number of Voltage Areas = 1
Number of supply Nets = 2
Number of used supplies = 0
Blocked VAs: 
INFO: Running FTB cleanup in end of npo flow.
Enable dominated scenarios

Place-opt optimization complete                 0.00        0.00      0.00        28     104209.46  3435225.00        3671              0.02      2147
Co-efficient Ratio Summary:
4.193421605155  6.578038173730  2.479639287277  7.744187540401  0.485050000353  3.179565833784  5.567214754587  2.894454587461  6.565921217397  9.017937505874  3.520379650933  9.874551982345  6.078409764085  2.744234041123  8.318156004907
9.699225026083  2.464623950064  1.382370221226  9.387184029619  3.142429406669  0.968752789964  6.613180723294  4.146578993224  7.876358918646  2.191135103696  0.389433991094  2.711260826375  3.840736864440  3.750232753169  7.663499242299
6.212201167950  7.759678473967  7.862243056717  0.402387977150  0.032845095897  0.596111512371  4.701287396892  7.205135712169  8.278351398792  1.183725190997  3.750135258244  5.878721114116  7.173170185364  9.669845699761  7.591428747087
7.632106393266  7.679078063326  9.831314288630  1.878805817928  3.230072343539  1.226270037326  7.050450494780  2.403928373631  6.139852544588  4.100210066110  1.536259289655  4.580338690619  5.624154608820  7.826883953678  4.759174818263
5.409027926377  2.609823652834  0.626142538674  6.381676652919  9.187474022495  0.513656796621  5.027570618562  6.119813546103  6.181472312135  1.581675365776  7.748506622107  9.594154406302  2.041003187119  3.921196567338  0.650429082345
9.472458902409  3.368484394994  4.897111549020  6.860149244452  2.000104051691  9.095345907689  2.197041709512  0.915900167443  5.466092308454  8.142690055883  4.969658065224  8.254055731113  3.504156505451  1.682742712888  7.173474118510
9.939562708373  3.617852772683  8.946772637652  1.169969532707  4.529946656262  3.090979409795  5.580726136993  1.131397863510  0.721709625282  7.515947417690  0.994322074371  1.027572061419  5.811883166269  5.826754283342  4.349324692435
0.216216918317  9.612142422527  7.311156782104  0.823519141628  0.356161286693  8.022019569284  2.603132585844  5.024802651363  1.359359521381  5.407563451201  2.158131492518  1.275831766044  0.417034813533  1.833896865081  6.448598137188
4.848373112548  2.936801055033  8.671494124225  4.212305316610  9.007627270112  3.308107178452  5.607471109985  8.514753040423  2.764679116123  9.324216938770  1.804087604997  2.310912494584  0.754949630179  1.961444111696  2.781334941418
3.355375155650  9.437909893602  9.136702642545  9.020209208464  9.978471495117  7.467457734047  3.171274721421  9.815930140044  4.331417863223  0.413524984361  3.647880498619  7.462050607665  1.902181524529  5.623420959547  7.269394608696
3.367403103784  7.093641515702  7.411336156476  6.944246976650  5.239565921087  4.802189647382  3.894401463832  4.531620819342  1.605158883047  8.173730247963  9.521441549418  7.550762773432  0.000617917956  5.833707256721  4.754518889445
4.387461656592  1.217863901793  7.505874310467  0.800933986343  9.509851607812  3.964085274420  8.341123831811  5.604917369922  5.026086453418  3.950064138237  0.564978338718  4.039970385236  9.406923696875  2.789987361318  0.723225014657
8.793224787635  8.918112219113  5.103696096373  4.141094270014  8.443881384045  0.064440375020  6.053169766345  8.842209021220  1.167953982913  8.473967786224  3.399469440238  7.987411074278  5.095151659611  1.512394170128  7.396823320513
5.512169827835  1.398268118372  5.190997333443  6.408244586760  9.731622717389  4.385364966981  9.999761759148  7.347097163210  6.393269974953  8.063326983131  4.521382587880  5.827289394091  2.343893722627  0.037349405045  0.494711840392
8.173631613985  2.544054410021  0.066110127471  8.589655457074  6.653063562487  8.808820782685  7.253678475913  3.418273940902  7.926370477938  3.652834062614  2.871326038167  6.662270989731  4.022759651365  6.796644202757  0.618593211981
3.446103618147  2.312107158167  5.365776748604  1.822107958456  2.469756204172  7.387119392116  0.867338065048  8.682355347245  8.902402543894  4.394994489711  1.882772086014  9.254713271004  4.051955509534  5.907602919704  1.709543691590
0.067443546609  2.308426814269  0.055883460719  3.265224824446  3.794567350487  0.705451168271  6.012888717343  3.718520393956  2.708376578731  2.772683894677  2.970304516996  9.542068423988  6.656526909097  9.409718258072  6.136924713139
7.763510072170  9.625254751594  7.417690064932  2.209371101703  1.043513581151  9.666269582673  0.883342434938  3.292447421621  6.918310905195  2.422527731115  6.025856482351  9.151989006600  1.286957402201  9.569207960313  2.585875102480
2.551363135935  9.521353540756  3.451201280412  3.477518126530  0.052200041776  0.313533183387  2.465081644855  7.737190884837  3.112541237561  1.055033867149  4.467977821230  5.326971971756  7.270476930810  7.178475260747  1.109916451474
3.640423276467  6.979434932421  6.938770155119  9.989997230050  8.202625075468  5.030179196142  1.411696278130  3.341420735537  5.155653987671  9.893602913670  2.985297302020  9.218725968831  1.495471346745  7.734060017127  4.721452581592
0.740044433141  4.637138041352  4.984361330991  0.198619745279  8.206103190282  7.924529562340  7.259547726936  3.008608736740  3.103787743245  1.515702741133  6.499128094424  6.986911594940  5.921341080218  9.647305089440  1.463863053161
0.419342160515  5.657803817373  0.247963928727  7.774418754040  1.048505000035  3.317956583378  4.556721475458  7.289457838746  1.656595165667  3.901793750587  4.653119480093  3.996604921979  1.607176996408  5.274443534112  3.831842160490
7.969922502608  3.246462395006  4.138237022122  6.938718402961  9.314242940666  9.096875278996  4.661318072329  4.414657879322  4.787635891811  2.219113510369  6.347920039109  4.280545894388  1.384318906444  0.375053605316  9.766376484229
9.621220116795  0.775967847396  7.786224305671  7.040238797715  0.003284509589  7.059611151237  1.470128739689  2.720513551216  9.827835139826  8.118372519099  7.684090265824  4.596291923162  2.717652338536  4.966914999976  1.759179334708
7.763210639326  6.767907806332  6.983131428863  0.187880581792  8.323007234353  9.122627003732  6.705045049478  0.240392917363  1.613985273408  4.410021006611  0.477578973965  5.467582631868  3.562750780882  0.782618725367  8.475944941826
3.540902792637  7.260982365283  4.062614253867  4.638167665291  9.918747402249  5.051365679662  1.502757061856  2.611981444610  3.618147250213  7.158167536577  6.098701207210  7.968964212437  6.204445638711  9.392149086733  8.065079468234
5.947245890240  9.336848439499  4.489711154902  0.686014924445  2.200010405169  1.909534590768  9.219704170951  2.091590106744  3.546609259845  6.814269005588  3.710816441522  4.834954345918  7.350750970545  1.168204601288  8.717374971851
0.993956270837  3.361785277268  3.894677263765  2.116996953270  7.452994665626  2.309097940979  5.558072613699  3.113139876351  0.072170981528  4.751594741769  0.314039345937  1.111211170813  3.581424866626  9.582606088334  2.434969929243
5.021621691831  7.961214242252  7.731115678210  4.082351914162  8.035616128669  3.802201956928  4.260313258584  4.502480355136  3.135935971138  3.540756345120  1.525305362751  8.136956938714  0.041032931353  3.183303246508  1.644886373718
8.484837311254  8.293680105503  3.867149412422  5.421230531661  0.900762727011  2.330810717845  2.560747110998  5.851474464042  3.276467616946  4.932421693877  0.499068963999  7.240472761668  5.075724403017  9.196168141169  6.278161934141
8.335537515565  0.943790989360  2.913670264254  5.902020920846  4.997847149511  7.746745773404  7.317127472142  1.981592174004  4.433141482716  8.041352498436  1.673218884861  9.755685773516  3.190548692452  9.562366725954  7.726967900869
6.336740310378  4.709364151570  2.741133615647  6.694424697665  0.523956592108  7.480218964738  2.389440146383  2.453161141934  2.160515584783  3.817373024796  3.261044542441  8.764456057756  5.000391231795  6.583394455672  1.475489328944
5.438746165659  2.121786390179  3.750587431046  7.080093398634  3.950985160781  2.396408527442  0.834112383181  1.560490896992  2.502608343649  2.395006413823  7.365449468871  8.412377884320  2.940922809687  5.278912466131  8.072350041465
7.879322478763  5.891811221911  3.510369609637  3.414109427001  4.844388138404  5.006444037502  0.605316976634  5.884229062122  0.116795096599  7.847396778622  4.648998579023  8.707121953224  4.509845605961  1.151253147012  8.739610872051
3.551216982783  5.139826811837  2.519099733344  3.640824458676  0.973162271738  9.438536496698  1.999976175914  8.734708876321  0.639326695793  7.806332698313  1.761180883788  0.591108785206  7.234619812262  7.003758670504  5.049409624039
2.817363161398  5.254405441002  1.006611012747  1.858965545707  4.665306356248  7.880882078268  5.725367847591  3.341826454090  2.792637745091  2.365283406261  4.596184238816  7.675607844770  7.402505405136  5.679688150275  7.061887861198
1.344610361814  7.231210715816  7.536577674860  4.182210795845  6.246975620417  2.738711939211  6.086733806504  8.868234894724  5.890240964626  8.439499448971  1.497229833601  4.934851173907  0.405425090953  4.590784921970  4.170982809159
0.006744354660  9.230842681426  9.005588346071  9.326522482444  6.379456735048  7.070545116827  1.601288871734  3.371851399395  6.270837367110  5.277268389467  7.506082086699  6.963686698195  4.665982130909  7.940995555807  2.613620911313
9.776351007217  0.962525475159  4.741769006493  2.220937110170  3.104351358115  1.966626958267  3.088334243493  8.329243802162  1.691831727163  4.242252773111  5.911537273235  1.924578756467  6.128925280220  1.956944426031  3.258515050248
0.255136313593  5.952135354075  6.345120128041  2.347751812653  0.005220004177  6.031353318338  7.246508164485  5.773718148483  7.311254850300  0.105503386714  9.755749317123  0.541077943972  2.727377133081  0.717861256074  7.110929185147
4.364042327646  7.697943493242  1.693877015511  9.998999723005  0.820262507546  8.503017919614  2.141169627813  0.334141933553  7.515565013337  0.989360291367  0.507682740202  0.930254674830  7.149877674674  5.773420731712  7.472173798159
2.074004443314  1.463713804135  2.498436133099  1.019861974527  9.820610319028  2.792452956234  0.725954772693  6.300869733674  0.310378499994  4.151570274113  3.958075819442  4.607073237441  6.592464648021  8.964754238944  0.146314845316
1.041934216051  5.565780381737  3.024796392872  7.777441875404  0.104850500003  5.331795658337  8.455672147545  8.728944643874  6.165659231136  6.390179375058  7.774474958009  3.308042570144  5.160047139640  8.527468083411  2.383112756049
0.796992250260  8.324646239500  6.413823702212  2.693871840296  1.931424294066  6.909687527899  6.466131807232  9.441465787932  2.478763589181  1.221911351036  9.942159841410  9.437421320422  8.138761600644  4.037528260531  6.976665188422
9.962122011679  5.077596784739  6.778622430567  1.704023879771  5.000328450958  9.705961115123  7.147012873968  9.272051355121  6.982783513982  6.811837251909  9.076866864082  4.468096933300  2.271095043853  6.496614399997  6.175945473470
8.776321063932  6.676790780633  2.698313142886  3.018788058179  2.832300723435  3.912262700373  2.670504504947  8.024039281736  3.161398525440  5.441002100661  1.355269685896  5.555127302524  6.356505888088  2.078284772536  7.847522934182
6.354090279263  7.726098236528  3.406261425386  7.463816766529  1.991874740224  9.505136567966  2.150275706185  6.261198134461  0.361814723121  0.715816753657  7.917382918221  0.705265560681  5.620774373871  1.939237808673  3.806535486823
4.594724589024  0.933684843949  9.448971115490  2.068601492444  5.220001040516  9.190953459076  8.921970417095  1.209159000674  4.354660923084  2.681426900558  8.689593432652  2.492864573939  6.735305807054  5.116843360128  8.871765937185
1.099395627083  7.336178527726  8.389467726376  5.211699695327  0.745299466562  6.230909794097  9.555807261369  9.311313977635  1.007217096252  5.475159474176  9.349915722093  7.120590256429  1.358472296662  6.958283508833  4.243424432924
3.502162169183  1.796121424225  2.773111567821  0.408235191416  2.803561612866  9.380220195692  8.426031325858  4.450248025513  6.313593595213  5.354075634512  0.461563734775  1.822073946516  0.004434703135  3.318354924650  8.164416177371
8.848483731125  4.829368010550  3.386714941242  2.542123053166  1.090076272701  1.233081071784  5.256074711099  8.585147436404  2.327646769794  3.493242169387  7.358033499899  9.733425928010  2.507803950301  7.919630414116  9.627844633414

Place-opt final QoR
___________________
Scenario Mapping Table
1: default

Pathgroup Mapping Table
1: **default**
2: **async_default**
3: **clock_gating_default**
4: **in2reg_default**
5: **reg2out_default**
6: **in2out_default**
7: clk
8: dec_clk

-------------------------------------------------------------------------------------------------------------------------------------------------------------
PATHGROUP QOR 
-------------------------------------------------------------------------------------------------------------------------------------------------------------
Scene  PG      WNS        TNS    NSV      WHV        THV    NHV
    1   1   0.0000     0.0000      0   0.0000     0.0000      0
    1   2   0.0000     0.0000      0   0.0000     0.0000      0
    1   3   0.0000     0.0000      0   0.0000     0.0000      0
    1   4   0.0000     0.0000      0   0.0000     0.0000      0
    1   5   0.0000     0.0000      0   0.0000     0.0000      0
    1   6   0.0000     0.0000      0   0.0000     0.0000      0
    1   7   0.0000     0.0000      0   0.1853     0.6803      6
    1   8   0.0000     0.0000      0   0.0000     0.0000      0
----------------------------------------------------------------------------------------------------------------------------------------------------------------------
SCENARIO QOR 
----------------------------------------------------------------------------------------------------------------------------------------------------------------------
Scene  PG      WNS        TNS   R2RTNS    NSV      WHV        THV    NHV  MaxTrnV   MaxTranC  MaxCapV    Leakage
    1   *   0.0000     0.0000   0.0000      0   0.1853     0.6803      6        0     0.0000        0 3435225.00
----------------------------------------------------------------------------------------------------------------------------------------------------------------------
DESIGN QOR 
----------------------------------------------------------------------------------------------------------------------------------------------------------------------
Scene  PG      WNS        TNS   R2RTNS    NSV      WHV        THV    NHV  MaxTrnV   MaxTranC  MaxCapV    Leakage         Area    InstCnt     BufCnt     InvCnt
    *   *   0.0000     0.0000   0.0000      0   0.1853     0.6803      6        0     0.0000        0 3435225.00    104209.46       3671        262        316
----------------------------------------------------------------------------------------------------------------------------------------------------------------------

Place-opt final QoR Summary         WNS        TNS   R2RTNS    NSV      WHV        THV    NHV  MaxTrnV  MaxCapV    Leakage         Area    InstCnt
Place-opt final QoR Summary      0.0000     0.0000   0.0000      0   0.1853     0.6803      6        0        0 3435225.00    104209.46       3671

Place-opt command complete                CPU:   119 s (  0.03 hr )  ELAPSE:    76 s (  0.02 hr )  MEM-PEAK:  2147 MB
Place-opt command statistics  CPU=80 sec (0.02 hr) ELAPSED=27 sec (0.01 hr) MEM-PEAK=2.097 GB
Information: Running auto PG connection. (NDM-099)
Information: Ending   'place_opt' (FLW-8001)
Information: Time: 2026-09-18 20:21:24 / Session:  00:01:16 / Command:  00:00:51 / CPU:  00:01:40 / Memory: 2147 MB (FLW-8100)
#### STAGE OK: place_opt
0
# --- clock tree --------------------------------------------------------------
stage "clock_opt"

##############################################################
##  STAGE: clock_opt
##############################################################
run "clock_opt"               {clock_opt}
Information: Starting 'clock_opt' (FLW-8000)
Information: Time: 2026-09-18 20:21:24 / Session:  00:01:16 / Command:  00:00:00 / CPU:  00:00:00 / Memory: 2147 MB (FLW-8100)
INFO: Running medium effort clock_opt flow.
INFO: clock_opt is running in balanced flow mode.
INFO: Total Power Aware Optimization Enabled (Dynamic + Leakage)
INFO: clock_opt is running with flow.common.io_priority high.
Number of Site types in the design = 1
Setting up Chip Core
Chip Core shape: (0 0) (4296600 4284000)
Number of VARs = 1
Number of unique PDs = 1
Number of Power Domains = 1
Number of Voltage Areas = 1
Number of supply Nets = 2
Number of used supplies = 0
Blocked VAs: 
TEST: runCore upFront-init
TEST: runCore upFront-end
INFO: run stage build_clock (init -> end)
TEST: runCore bldClkInit-init


----------------------------------------------------------------------------------------------------------
Information: Starting clock_opt / build_clock (FLW-8000)
Information: Time: 2026-09-18 20:21:24 / Session:  00:01:16 / Command:  00:00:00 / CPU:  00:00:00 / Memory: 2147 MB (FLW-8100)
----------------------------------------------------------------------------------------------------------

Information: Starting clock_opt / build_clock / Trial CTS (FLW-8000)
Information: Time: 2026-09-18 20:21:24 / Session:  00:01:16 / Command:  00:00:00 / CPU:  00:00:00 / Memory: 2147 MB (FLW-8100)
Running clock synthesis step.
Info: Enabling GR in trial CTO
Information: The value of option cts.compile.enable_cell_relocation has been overridden to "leaf_only" to support latency-driven placement. (CTS-973)
************************************************************
* CTS STEP: Design Initialization for Trial Synthesis
************************************************************
Information: All clock objects will be converted from ideal to propagated clock during CTS. (CTS-105)
Information: CTS will work on the following scenarios. (CTS-101)
   default	(Mode: default; Corner: default)
Information: CTS will work on all clocks in active scenarios, including 2 master clocks and 0 generated clocks. (CTS-107)
Output units used in this log:
   Time        : 1.00ns
   Resistance  : 1.00kOhm
   Capacitance : 1.00pF
   Power       : 1.00pW
   Length      : 1.00um
Information: Clock derating is enabled

CTS related app options set by user:
   cts.common.copy_balance_points_to_missing_modes = true
   cts.compile.enable_local_skew = true
   cts.optimize.enable_global_route = true
   cts.optimize.enable_local_skew = true

Buffer/Inverter reference list for clock tree synthesis:
   sar16_smic18_6lm_v4/BUFX1
   sar16_smic18_6lm_v4/BUFX12
   sar16_smic18_6lm_v4/BUFX16
   sar16_smic18_6lm_v4/BUFX2
   sar16_smic18_6lm_v4/BUFX20
   sar16_smic18_6lm_v4/BUFX3
   sar16_smic18_6lm_v4/BUFX4
   sar16_smic18_6lm_v4/BUFX8
   sar16_smic18_6lm_v4/BUFXL
   sar16_smic18_6lm_v4/CLKBUFX1
   sar16_smic18_6lm_v4/CLKBUFX12
   sar16_smic18_6lm_v4/CLKBUFX16
   sar16_smic18_6lm_v4/CLKBUFX2
   sar16_smic18_6lm_v4/CLKBUFX20
   sar16_smic18_6lm_v4/CLKBUFX3
   sar16_smic18_6lm_v4/CLKBUFX4
   sar16_smic18_6lm_v4/CLKBUFX8
   sar16_smic18_6lm_v4/CLKBUFXL
   sar16_smic18_6lm_v4/DLY1X1
   sar16_smic18_6lm_v4/DLY2X1
   sar16_smic18_6lm_v4/DLY3X1
   sar16_smic18_6lm_v4/DLY4X1
   sar16_smic18_6lm_v4/CLKINVX1
   sar16_smic18_6lm_v4/CLKINVX12
   sar16_smic18_6lm_v4/CLKINVX16
   sar16_smic18_6lm_v4/CLKINVX2
   sar16_smic18_6lm_v4/CLKINVX20
   sar16_smic18_6lm_v4/CLKINVX3
   sar16_smic18_6lm_v4/CLKINVX4
   sar16_smic18_6lm_v4/CLKINVX8
   sar16_smic18_6lm_v4/CLKINVXL
   sar16_smic18_6lm_v4/INVX1
   sar16_smic18_6lm_v4/INVX12
   sar16_smic18_6lm_v4/INVX16
   sar16_smic18_6lm_v4/INVX2
   sar16_smic18_6lm_v4/INVX20
   sar16_smic18_6lm_v4/INVX3
   sar16_smic18_6lm_v4/INVX4
   sar16_smic18_6lm_v4/INVX8
   sar16_smic18_6lm_v4/INVXL
There is no CTS reference for ICG cells
Information: 'default' is identified as primary corner for initial clock tree building. (CTS-103)
Number of Site types in the design = 1
Setting up Chip Core
Chip Core shape: (0 0) (4296600 4284000)
Number of VARs = 1
Number of unique PDs = 1
Number of Power Domains = 1
Number of Voltage Areas = 1
Number of supply Nets = 2
Number of used supplies = 0
Blocked VAs: 
Warning: No clock routing rule is specified. (CTS-038)

Clock cell spacing rule list:
   No clock cell spacing rule is found.
Information: The run time for design initialization is 0 hr : 0 min : 0.05 sec, cpu time is 0 hr : 0 min : 0.05 sec. (CTS-104)
************************************************************
* CTS STEP: Existing Clock Tree Removal
************************************************************

No buffer or inverter has been removed.
Information: The run time for existing clock tree removal is 0 hr : 0 min : 0.00 sec, cpu time is 0 hr : 0 min : 0.00 sec. (CTS-104)
************************************************************
* CTS STEP: Clock Tree Initialization
************************************************************
Drc Mode Option: auto
Information: Initializing classic cellmap without advanced rules enabled and with PDC enabled
Information: The following app options are used in cellmap
        place.legalize.enable_color_aware_placement : false
        place.legalize.use_nll_query_cm : false
        place.legalize.enable_advanced_legalizer : false
        place.legalize.enable_prerouted_net_check : true
        place.legalize.enable_advanced_prerouted_net_check : false
        place.legalize.always_continue : true
        place.legalize.limit_legality_checks : false
        place.common.pnet_aware_density : 1.0000
        place.common.pnet_aware_min_width : 0.0000
        place.common.pnet_aware_layers : {}
        place.common.use_placement_model : false
        place.common.enable_advanced_placement_model : true
        cts.placement.cell_spacing_rule_style : maximum
Information: Creating classic rule checker.
Warning: Routing direction of metal layer POLY1 is neither "horizontal" nor "vertical".  PDC checks will not be performed on this layer. (PDC-003)
PDC app_options settings =========
	place.legalize.enable_prerouted_net_check: 1
	place.legalize.num_tracks_for_access_check: 1
	place.legalize.use_eol_spacing_for_access_check: 0
	place.legalize.allow_touch_track_for_access_check: 1
	place.legalize.reduce_conservatism_in_eol_check: 0
	place.legalize.preroute_shape_merge_distance: 0.0
	place.legalize.enable_non_preferred_direction_span_check: 0

Layer METAL1: cached 0 shapes out of 86 total shapes.
Layer METAL2: cached 34 shapes out of 34 total shapes.
Cached 1462 vias out of 1462 total vias.
Total 0.0166 seconds to build cellmap data
INFO: creating 17(r) x 18(c) GridCells YDim 25.2 XDim 25.2
INFO: number of GridCells (sar_digi_paper_core): 306
INFO: creating 17(r) x 18(c) GridCells YDim 25.2 XDim 25.2
INFO: number of GridCells (sar_digi_paper_core): 306
Total 0.0422 seconds to load 3671 cell instances into cellmap
Moveable cells: 3671; Application fixed cells: 0; Macro cells: 0; User fixed cells: 0
Average cell width 5.6324, cell height 5.0400, cell area 28.3872 for total 3671 placed and application fixed cells
Information: Legalizer's PDC rule check is enabled
Information: Legalizer's advanced rule check is enabled

Start Auto-Exception Derivations...
 No internal pin was found.
 No conflict pin was found.
 No macro pin was found for clock balance point settings.
 No macro pin was found for disabling self arcs.
Info: 1051 sinks and boundary insts are collected
Information: The run time for clock tree initialization is 0 hr : 0 min : 0.08 sec, cpu time is 0 hr : 0 min : 0.08 sec. (CTS-104)
Setting target skew for clock: clk (mode default corner default) as 1.500000
Setting target skew for clock: dec_clk (mode default corner default) as 0.450000
Drc Mode Option: auto
Corner Scaling is off, multiplier is 1.000000
Automatic Zbuf-CTS Mode: total_powerInformation: Running Max-CTS
Enable multi-thread Tasks, number of thread is 8
Info: run cts with the following settings: _runCts 1 _runCto 1 _runSnapClockSinks 1
Information: The stitching and editing of coupling caps is turned OFF for design 'sar16_pnr_paper_core:sar_digi_paper_core.design'. (TIM-125)
Information: Update timing completed net estimation for all the timing graph nets (TIM-111)
Information: Net estimation statistics: timing graph nets = 3823, routed nets = 0, across physical hierarchy nets = 0, parasitics cached nets = 42, delay annotated nets = 0, parasitics annotated nets = 0, multi-voltage nets = 0. (TIM-112)
************************************************************
* CTS STEP: Clock Cell Relocation
************************************************************
Warning: No clock routing rules were specified. Use set_clock_routing_rules to specify routing rules for accurate clock latency estimation. (OPT-902)
Information: Relocated the clock cell 'u_calib_ctrl/clk_gate_shadow_weights_reg[0]/main_gate' from (168.96, 176.40) to (142.56, 257.04). (CTS-106)
Information: Relocated the clock cell 'u_calib_ctrl/clk_gate_shadow_weights_reg[1]/main_gate' from (128.70, 166.32) to (71.28, 257.04). (CTS-106)
Information: Relocated the clock cell 'u_calib_ctrl/clk_gate_shadow_weights_reg[2]/main_gate' from (168.96, 186.48) to (127.38, 267.12). (CTS-106)
Information: Relocated the clock cell 'u_calib_ctrl/clk_gate_shadow_weights_reg[3]/main_gate' from (133.98, 136.08) to (83.16, 257.04). (CTS-106)
Information: Relocated the clock cell 'u_calib_ctrl/clk_gate_shadow_weights_reg[4]/main_gate' from (131.34, 136.08) to (77.22, 156.24). (CTS-106)
Information: Relocated the clock cell 'u_calib_ctrl/clk_gate_shadow_weights_reg[5]/main_gate' from (141.90, 105.84) to (72.60, 176.40). (CTS-106)
Information: Relocated the clock cell 'u_calib_ctrl/clk_gate_shadow_weights_reg[6]/main_gate' from (170.28, 156.24) to (124.08, 287.28). (CTS-106)
Information: Relocated the clock cell 'u_calib_ctrl/clk_gate_shadow_weights_reg[7]/main_gate' from (133.32, 146.16) to (73.92, 236.88). (CTS-106)
Information: Relocated the clock cell 'u_calib_ctrl/clk_gate_shadow_weights_reg[8]/main_gate' from (210.54, 156.24) to (192.06, 297.36). (CTS-106)
Information: Relocated the clock cell 'u_calib_ctrl/clk_gate_shadow_weights_reg[9]/main_gate' from (126.06, 166.32) to (63.36, 257.04). (CTS-106)
Information: Relocated the clock cell 'u_calib_ctrl/clk_gate_shadow_weights_reg[10]/main_gate' from (206.58, 156.24) to (179.52, 287.28). (CTS-106)
Information: Relocated the clock cell 'u_calib_ctrl/clk_gate_shadow_weights_reg[11]/main_gate' from (128.04, 146.16) to (66.66, 236.88). (CTS-106)
Information: Relocated the clock cell 'u_calib_ctrl/clk_gate_shadow_weights_reg[12]/main_gate' from (144.54, 105.84) to (73.92, 186.48). (CTS-106)
Information: Relocated the clock cell 'u_calib_ctrl/clk_gate_shadow_weights_reg[13]/main_gate' from (166.98, 206.64) to (120.12, 297.36). (CTS-106)
Information: Relocated the clock cell 'u_calib_ctrl/clk_gate_shadow_weights_reg[14]/main_gate' from (141.90, 105.84) to (67.32, 176.40). (CTS-106)
Information: Relocated the clock cell 'u_calib_ctrl/clk_gate_shadow_weights_reg[15]/main_gate' from (170.28, 156.24) to (115.50, 287.28). (CTS-106)
Information: Relocated the clock cell 'u_calib_ctrl/clk_gate_shadow_weights_reg[16]/main_gate' from (235.62, 206.64) to (231.66, 297.36). (CTS-106)
Information: Relocated the clock cell 'u_calib_ctrl/clk_gate_shadow_weights_reg[17]/main_gate' from (241.56, 206.64) to (228.36, 297.36). (CTS-106)
Information: Relocated the clock cell 'u_calib_ctrl/clk_gate_shadow_weights_reg[18]/main_gate' from (248.16, 196.56) to (242.88, 297.36). (CTS-106)
Information: Relocated the clock cell 'u_calib_ctrl/clk_gate_shadow_weights_reg[19]/main_gate' from (227.04, 216.72) to (208.56, 297.36). (CTS-106)
Information: Relocated the clock cell 'u_calib_ctrl/clk_gate_calib_done_reg/main_gate' from (283.80, 85.68) to (292.38, 85.68). (CTS-106)
Information: Relocated the clock cell 'u_calib_ctrl/clk_gate_target_bit_reg/main_gate' from (279.18, 115.92) to (315.48, 126.00). (CTS-106)
Information: Relocated the clock cell 'u_calib_ctrl/clk_gate_avg_cnt_reg/main_gate' from (364.98, 146.16) to (352.44, 186.48). (CTS-106)
Information: Relocated the clock cell 'u_calib_ctrl/clk_gate_accumulator_reg/main_gate' from (374.88, 196.56) to (378.84, 307.44). (CTS-106)
Information: Relocated the clock cell 'u_calib_ctrl/clk_gate_sar_ptr_reg/main_gate' from (209.22, 95.76) to (198.66, 85.68). (CTS-106)
Information: Relocated the clock cell 'u_calib_ctrl/clk_gate_wait_cnt_reg/main_gate' from (211.86, 85.68) to (174.90, 55.44). (CTS-106)
Information: Relocated the clock cell 'u_calib_ctrl/clk_gate_w_wr_addr_reg/main_gate' from (167.64, 216.72) to (167.64, 267.12). (CTS-106)
Information: Relocated the clock cell 'u_calib_ctrl/clk_gate_w_wr_data_reg/main_gate' from (167.64, 216.72) to (147.18, 367.92). (CTS-106)
Information: Relocated the clock cell 'u_calib_ctrl/clk_gate_meas_val_p_reg/main_gate' from (374.88, 196.56) to (368.28, 277.20). (CTS-106)
Information: Relocated the clock cell 'u_calib_ctrl/clk_gate_meas_val_n_reg/main_gate' from (376.86, 166.32) to (367.62, 267.12). (CTS-106)
Information: Relocated the clock cell 'u_calib_ctrl/clk_gate_calc_cnt_reg/main_gate' from (207.90, 115.92) to (191.40, 115.92). (CTS-106)
Information: Relocated the clock cell 'u_calib_ctrl/clk_gate_avg_rounded_r_reg/main_gate' from (301.62, 156.24) to (287.10, 196.56). (CTS-106)
Information: Relocated the clock cell 'u_calib_ctrl/clk_gate_avg_rounded_r_reg_0/main_gate' from (285.78, 146.16) to (293.70, 216.72). (CTS-106)
Information: Relocated the clock cell 'u_calib_ctrl/clk_gate_calc_result_r_reg/main_gate' from (246.18, 146.16) to (248.16, 236.88). (CTS-106)
Information: Relocated the clock cell 'u_calib_ctrl/clk_gate_temp_acc_reg_0/main_gate' from (300.30, 206.64) to (296.34, 297.36). (CTS-106)
Information: Relocated the clock cell 'u_srm_residue/clk_gate_cap_ones_reg/main_gate' from (337.26, 65.52) to (326.04, 55.44). (CTS-106)
Information: Relocated the clock cell 'u_srm_residue/clk_gate_stall_cnt_reg/main_gate' from (351.12, 95.76) to (368.94, 85.68). (CTS-106)
Information: Relocated the clock cell 'u_srm_residue/clk_gate_residue_q_small_reg/main_gate' from (313.50, 75.60) to (285.12, 65.52). (CTS-106)
Information: Relocated the clock cell 'u_srm_residue/clk_gate_dec_ones_reg/main_gate' from (406.56, 15.12) to (389.40, 15.12). (CTS-106)
Information: Relocated the clock cell 'u_srm_residue/clk_gate_dec_total_reg/main_gate' from (405.24, 15.12) to (396.00, 35.28). (CTS-106)
A total of 40 clock cells have been relocated
Information: The run time for clock cell relocation is 0 hr : 0 min : 0.33 sec, cpu time is 0 hr : 0 min : 0.36 sec. (CTS-104)
Information: The run time for netlink placement is 0 hr : 0 min : 0.00 sec, cpu time is 0 hr : 0 min : 0.00 sec. (CTS-104)
************************************************************
* CTS STEP: Gate-By-Gate Clock Tree Synthesis
************************************************************
Design rule constraints:
     max fanout  = 1000000
Computing criticality for all echelons
Warning: No clock routing rules were specified. Use set_clock_routing_rules to specify routing rules for accurate clock latency estimation. (OPT-902)
Num of echelons 2
  Level 0 Num Nodes: 40
  Level 1 Num Nodes: 2
Processing Echelon 1
Processing parameter set (max_tran 0.800000 max_cap 0.600000)
Information: timingScenario CTS_DRC_OFF_SCEN0 timingCorner default.  Using corner default for worst leakage corner. Using corner default for worst dynamic corner. (OPT-078)
Information: Using default layer METAL4 (Current) (OPT-079)
new default layer same as orig default layer
Information: Using default layer METAL4 (Inferior) (OPT-079)
Information: Nominal = 0.1347885  Design MT = 0.760000  Target = 0.5572000  MaxRC = 0.294590 Fast Target = 0.272318 (OPT-081)
Using layer METAL4 for buffering distances in roi (originally METAL4)
bmap: stepx = stepy = 252000
creating bmap
DB units per micron : 10000
Core Area = 18 X 17 ()
Building neighbor and MV cache
   10% ...   20% ...   30% ...   40% ...   50% ...   60% ...   70% ...   80% ...   90% ...  100% ...Number of Drivers Sized: 8 [20.00%]

-------------------------------------------------------------
 Echelon 1 gate by gate clock synthesis
 Gate level 2 clock tree synthesis
 Driving pin = u_calib_ctrl/clk_gate_shadow_weights_reg[0]/main_gate/Y
 Clocks: 
     clk (default)
 Design rule constraints:
     max transition = 0.800000
     max capacitance = 0.600000
 Number of Sinks = 30
 Number of Gates = 0
 Number of Loads = 30
 Added 1 Repeaters (B: 1 I: 0). Built 1 Repeater Levels for driver u_calib_ctrl/clk_gate_shadow_weights_reg[0]/main_gate/Y
 Phase delay: (max r/f: 0.457268/nan  min r/f: 0.457268/nan) : u_calib_ctrl/clk_gate_shadow_weights_reg[0]/main_gate/B
-------------------------------------------------------------
 Echelon 1 gate by gate clock synthesis
 Gate level 2 clock tree synthesis
 Driving pin = u_calib_ctrl/clk_gate_shadow_weights_reg[1]/main_gate/Y
 Clocks: 
     clk (default)
 Design rule constraints:
     max transition = 0.800000
     max capacitance = 0.600000
 Number of Sinks = 30
 Number of Gates = 0
 Number of Loads = 30
 Added 1 Repeaters (B: 1 I: 0). Built 1 Repeater Levels for driver u_calib_ctrl/clk_gate_shadow_weights_reg[1]/main_gate/Y
 Phase delay: (max r/f: 0.490074/nan  min r/f: 0.490074/nan) : u_calib_ctrl/clk_gate_shadow_weights_reg[1]/main_gate/B
-------------------------------------------------------------
 Echelon 1 gate by gate clock synthesis
 Gate level 2 clock tree synthesis
 Driving pin = u_calib_ctrl/clk_gate_shadow_weights_reg[2]/main_gate/Y
 Clocks: 
     clk (default)
 Design rule constraints:
     max transition = 0.800000
     max capacitance = 0.600000
 Number of Sinks = 30
 Number of Gates = 0
 Number of Loads = 30
 Added 1 Repeaters (B: 1 I: 0). Built 1 Repeater Levels for driver u_calib_ctrl/clk_gate_shadow_weights_reg[2]/main_gate/Y
 Phase delay: (max r/f: 0.460224/nan  min r/f: 0.460224/nan) : u_calib_ctrl/clk_gate_shadow_weights_reg[2]/main_gate/B
-------------------------------------------------------------
 Echelon 1 gate by gate clock synthesis
 Gate level 2 clock tree synthesis
 Driving pin = u_calib_ctrl/clk_gate_shadow_weights_reg[3]/main_gate/Y
 Clocks: 
     clk (default)
 Design rule constraints:
     max transition = 0.800000
     max capacitance = 0.600000
 Number of Sinks = 30
 Number of Gates = 0
 Number of Loads = 30
 Added 1 Repeaters (B: 1 I: 0). Built 1 Repeater Levels for driver u_calib_ctrl/clk_gate_shadow_weights_reg[3]/main_gate/Y
 Phase delay: (max r/f: 0.475960/nan  min r/f: 0.475960/nan) : u_calib_ctrl/clk_gate_shadow_weights_reg[3]/main_gate/B
-------------------------------------------------------------
 Echelon 1 gate by gate clock synthesis
 Gate level 2 clock tree synthesis
 Driving pin = u_calib_ctrl/clk_gate_shadow_weights_reg[4]/main_gate/Y
 Clocks: 
     clk (default)
 Design rule constraints:
     max transition = 0.800000
     max capacitance = 0.600000
 Number of Sinks = 30
 Number of Gates = 0
 Number of Loads = 30
 Added 1 Repeaters (B: 1 I: 0). Built 1 Repeater Levels for driver u_calib_ctrl/clk_gate_shadow_weights_reg[4]/main_gate/Y
 Phase delay: (max r/f: 0.483208/nan  min r/f: 0.483208/nan) : u_calib_ctrl/clk_gate_shadow_weights_reg[4]/main_gate/B
-------------------------------------------------------------
 Echelon 1 gate by gate clock synthesis
 Gate level 2 clock tree synthesis
 Driving pin = u_calib_ctrl/clk_gate_shadow_weights_reg[5]/main_gate/Y
 Clocks: 
     clk (default)
 Design rule constraints:
     max transition = 0.800000
     max capacitance = 0.600000
 Number of Sinks = 30
 Number of Gates = 0
 Number of Loads = 30
 Added 1 Repeaters (B: 1 I: 0). Built 1 Repeater Levels for driver u_calib_ctrl/clk_gate_shadow_weights_reg[5]/main_gate/Y
 Phase delay: (max r/f: 0.455704/nan  min r/f: 0.455704/nan) : u_calib_ctrl/clk_gate_shadow_weights_reg[5]/main_gate/B
-------------------------------------------------------------
 Echelon 1 gate by gate clock synthesis
 Gate level 2 clock tree synthesis
 Driving pin = u_calib_ctrl/clk_gate_shadow_weights_reg[6]/main_gate/Y
 Clocks: 
     clk (default)
 Design rule constraints:
     max transition = 0.800000
     max capacitance = 0.600000
 Number of Sinks = 30
 Number of Gates = 0
 Number of Loads = 30
 Added 1 Repeaters (B: 1 I: 0). Built 1 Repeater Levels for driver u_calib_ctrl/clk_gate_shadow_weights_reg[6]/main_gate/Y
 Phase delay: (max r/f: 0.457554/nan  min r/f: 0.457554/nan) : u_calib_ctrl/clk_gate_shadow_weights_reg[6]/main_gate/B
-------------------------------------------------------------
 Echelon 1 gate by gate clock synthesis
 Gate level 2 clock tree synthesis
 Driving pin = u_calib_ctrl/clk_gate_shadow_weights_reg[7]/main_gate/Y
 Clocks: 
     clk (default)
 Design rule constraints:
     max transition = 0.800000
     max capacitance = 0.600000
 Number of Sinks = 30
 Number of Gates = 0
 Number of Loads = 30
 Added 1 Repeaters (B: 1 I: 0). Built 1 Repeater Levels for driver u_calib_ctrl/clk_gate_shadow_weights_reg[7]/main_gate/Y
 Phase delay: (max r/f: 0.466499/nan  min r/f: 0.466499/nan) : u_calib_ctrl/clk_gate_shadow_weights_reg[7]/main_gate/B
-------------------------------------------------------------
 Echelon 1 gate by gate clock synthesis
 Gate level 2 clock tree synthesis
 Driving pin = u_calib_ctrl/clk_gate_shadow_weights_reg[8]/main_gate/Y
 Clocks: 
     clk (default)
 Design rule constraints:
     max transition = 0.800000
     max capacitance = 0.600000
 Number of Sinks = 30
 Number of Gates = 0
 Number of Loads = 30
 Added 1 Repeaters (B: 1 I: 0). Built 1 Repeater Levels for driver u_calib_ctrl/clk_gate_shadow_weights_reg[8]/main_gate/Y
 Phase delay: (max r/f: 0.446415/nan  min r/f: 0.446415/nan) : u_calib_ctrl/clk_gate_shadow_weights_reg[8]/main_gate/B
-------------------------------------------------------------
 Echelon 1 gate by gate clock synthesis
 Gate level 2 clock tree synthesis
 Driving pin = u_calib_ctrl/clk_gate_shadow_weights_reg[9]/main_gate/Y
 Clocks: 
     clk (default)
 Design rule constraints:
     max transition = 0.800000
     max capacitance = 0.600000
 Number of Sinks = 30
 Number of Gates = 0
 Number of Loads = 30
 Added 1 Repeaters (B: 1 I: 0). Built 1 Repeater Levels for driver u_calib_ctrl/clk_gate_shadow_weights_reg[9]/main_gate/Y
 Phase delay: (max r/f: 0.454731/nan  min r/f: 0.454731/nan) : u_calib_ctrl/clk_gate_shadow_weights_reg[9]/main_gate/B
-------------------------------------------------------------
 Echelon 1 gate by gate clock synthesis
 Gate level 2 clock tree synthesis
 Driving pin = u_calib_ctrl/clk_gate_shadow_weights_reg[10]/main_gate/Y
 Clocks: 
     clk (default)
 Design rule constraints:
     max transition = 0.800000
     max capacitance = 0.600000
 Number of Sinks = 30
 Number of Gates = 0
 Number of Loads = 30
 Driver sized from AND2X2 to AND2X4
 Added 0 Repeaters (B: 0 I: 0). Built 0 Repeater Levels for driver u_calib_ctrl/clk_gate_shadow_weights_reg[10]/main_gate/Y
 Phase delay: (max r/f: 0.445747/nan  min r/f: 0.445747/nan) : u_calib_ctrl/clk_gate_shadow_weights_reg[10]/main_gate/B
-------------------------------------------------------------
 Echelon 1 gate by gate clock synthesis
 Gate level 2 clock tree synthesis
 Driving pin = u_calib_ctrl/clk_gate_shadow_weights_reg[11]/main_gate/Y
 Clocks: 
     clk (default)
 Design rule constraints:
     max transition = 0.800000
     max capacitance = 0.600000
 Number of Sinks = 30
 Number of Gates = 0
 Number of Loads = 30
 Added 1 Repeaters (B: 1 I: 0). Built 1 Repeater Levels for driver u_calib_ctrl/clk_gate_shadow_weights_reg[11]/main_gate/Y
 Phase delay: (max r/f: 0.461006/nan  min r/f: 0.461006/nan) : u_calib_ctrl/clk_gate_shadow_weights_reg[11]/main_gate/B
-------------------------------------------------------------
 Echelon 1 gate by gate clock synthesis
 Gate level 2 clock tree synthesis
 Driving pin = u_calib_ctrl/clk_gate_shadow_weights_reg[12]/main_gate/Y
 Clocks: 
     clk (default)
 Design rule constraints:
     max transition = 0.800000
     max capacitance = 0.600000
 Number of Sinks = 30
 Number of Gates = 0
 Number of Loads = 30
 Added 1 Repeaters (B: 1 I: 0). Built 1 Repeater Levels for driver u_calib_ctrl/clk_gate_shadow_weights_reg[12]/main_gate/Y
 Phase delay: (max r/f: 0.452976/nan  min r/f: 0.452976/nan) : u_calib_ctrl/clk_gate_shadow_weights_reg[12]/main_gate/B
-------------------------------------------------------------
 Echelon 1 gate by gate clock synthesis
 Gate level 2 clock tree synthesis
 Driving pin = u_calib_ctrl/clk_gate_shadow_weights_reg[13]/main_gate/Y
 Clocks: 
     clk (default)
 Design rule constraints:
     max transition = 0.800000
     max capacitance = 0.600000
 Number of Sinks = 30
 Number of Gates = 0
 Number of Loads = 30
 Added 1 Repeaters (B: 1 I: 0). Built 1 Repeater Levels for driver u_calib_ctrl/clk_gate_shadow_weights_reg[13]/main_gate/Y
 Phase delay: (max r/f: 0.462837/nan  min r/f: 0.462837/nan) : u_calib_ctrl/clk_gate_shadow_weights_reg[13]/main_gate/B
-------------------------------------------------------------
 Echelon 1 gate by gate clock synthesis
 Gate level 2 clock tree synthesis
 Driving pin = u_calib_ctrl/clk_gate_shadow_weights_reg[14]/main_gate/Y
 Clocks: 
     clk (default)
 Design rule constraints:
     max transition = 0.800000
     max capacitance = 0.600000
 Number of Sinks = 30
 Number of Gates = 0
 Number of Loads = 30
 Added 1 Repeaters (B: 1 I: 0). Built 1 Repeater Levels for driver u_calib_ctrl/clk_gate_shadow_weights_reg[14]/main_gate/Y
 Phase delay: (max r/f: 0.458431/nan  min r/f: 0.458431/nan) : u_calib_ctrl/clk_gate_shadow_weights_reg[14]/main_gate/B
-------------------------------------------------------------
 Echelon 1 gate by gate clock synthesis
 Gate level 2 clock tree synthesis
 Driving pin = u_calib_ctrl/clk_gate_shadow_weights_reg[15]/main_gate/Y
 Clocks: 
     clk (default)
 Design rule constraints:
     max transition = 0.800000
     max capacitance = 0.600000
 Number of Sinks = 30
 Number of Gates = 0
 Number of Loads = 30
 Added 1 Repeaters (B: 1 I: 0). Built 1 Repeater Levels for driver u_calib_ctrl/clk_gate_shadow_weights_reg[15]/main_gate/Y
 Phase delay: (max r/f: 0.471458/nan  min r/f: 0.471458/nan) : u_calib_ctrl/clk_gate_shadow_weights_reg[15]/main_gate/B
-------------------------------------------------------------
 Echelon 1 gate by gate clock synthesis
 Gate level 2 clock tree synthesis
 Driving pin = u_calib_ctrl/clk_gate_shadow_weights_reg[16]/main_gate/Y
 Clocks: 
     clk (default)
 Design rule constraints:
     max transition = 0.800000
     max capacitance = 0.600000
 Number of Sinks = 30
 Number of Gates = 0
 Number of Loads = 30
 Added 1 Repeaters (B: 1 I: 0). Built 1 Repeater Levels for driver u_calib_ctrl/clk_gate_shadow_weights_reg[16]/main_gate/Y
 Phase delay: (max r/f: 0.435390/nan  min r/f: 0.435390/nan) : u_calib_ctrl/clk_gate_shadow_weights_reg[16]/main_gate/B
-------------------------------------------------------------
 Echelon 1 gate by gate clock synthesis
 Gate level 2 clock tree synthesis
 Driving pin = u_calib_ctrl/clk_gate_shadow_weights_reg[17]/main_gate/Y
 Clocks: 
     clk (default)
 Design rule constraints:
     max transition = 0.800000
     max capacitance = 0.600000
 Number of Sinks = 30
 Number of Gates = 0
 Number of Loads = 30
 Added 1 Repeaters (B: 1 I: 0). Built 1 Repeater Levels for driver u_calib_ctrl/clk_gate_shadow_weights_reg[17]/main_gate/Y
 Phase delay: (max r/f: 0.461483/nan  min r/f: 0.461483/nan) : u_calib_ctrl/clk_gate_shadow_weights_reg[17]/main_gate/B
-------------------------------------------------------------
 Echelon 1 gate by gate clock synthesis
 Gate level 2 clock tree synthesis
 Driving pin = u_calib_ctrl/clk_gate_shadow_weights_reg[18]/main_gate/Y
 Clocks: 
     clk (default)
 Design rule constraints:
     max transition = 0.800000
     max capacitance = 0.600000
 Number of Sinks = 30
 Number of Gates = 0
 Number of Loads = 30
 Added 1 Repeaters (B: 1 I: 0). Built 1 Repeater Levels for driver u_calib_ctrl/clk_gate_shadow_weights_reg[18]/main_gate/Y
 Phase delay: (max r/f: 0.440617/nan  min r/f: 0.440617/nan) : u_calib_ctrl/clk_gate_shadow_weights_reg[18]/main_gate/B
-------------------------------------------------------------
 Echelon 1 gate by gate clock synthesis
 Gate level 2 clock tree synthesis
 Driving pin = u_calib_ctrl/clk_gate_shadow_weights_reg[19]/main_gate/Y
 Clocks: 
     clk (default)
 Design rule constraints:
     max transition = 0.800000
     max capacitance = 0.600000
 Number of Sinks = 30
 Number of Gates = 0
 Number of Loads = 30
 Added 1 Repeaters (B: 1 I: 0). Built 1 Repeater Levels for driver u_calib_ctrl/clk_gate_shadow_weights_reg[19]/main_gate/Y
 Phase delay: (max r/f: 0.438519/nan  min r/f: 0.438519/nan) : u_calib_ctrl/clk_gate_shadow_weights_reg[19]/main_gate/B
-------------------------------------------------------------
 Echelon 1 gate by gate clock synthesis
 Gate level 2 clock tree synthesis
 Driving pin = u_calib_ctrl/clk_gate_calib_done_reg/main_gate/Y
 Clocks: 
     clk (default)
 Design rule constraints:
     max transition = 0.800000
     max capacitance = 0.600000
 Number of Sinks = 3
 Number of Gates = 0
 Number of Loads = 3
 Added 0 Repeaters (B: 0 I: 0). Built 0 Repeater Levels for driver u_calib_ctrl/clk_gate_calib_done_reg/main_gate/Y
 Phase delay: (max r/f: 0.221386/nan  min r/f: 0.221386/nan) : u_calib_ctrl/clk_gate_calib_done_reg/main_gate/B
-------------------------------------------------------------
 Echelon 1 gate by gate clock synthesis
 Gate level 2 clock tree synthesis
 Driving pin = u_calib_ctrl/clk_gate_target_bit_reg/main_gate/Y
 Clocks: 
     clk (default)
 Design rule constraints:
     max transition = 0.800000
     max capacitance = 0.600000
 Number of Sinks = 24
 Number of Gates = 0
 Number of Loads = 24
 Driver sized from AND2X2 to AND2X4
 Added 0 Repeaters (B: 0 I: 0). Built 0 Repeater Levels for driver u_calib_ctrl/clk_gate_target_bit_reg/main_gate/Y
 Phase delay: (max r/f: 0.420589/nan  min r/f: 0.420589/nan) : u_calib_ctrl/clk_gate_target_bit_reg/main_gate/B
-------------------------------------------------------------
 Echelon 1 gate by gate clock synthesis
 Gate level 2 clock tree synthesis
 Driving pin = u_calib_ctrl/clk_gate_avg_cnt_reg/main_gate/Y
 Clocks: 
     clk (default)
 Design rule constraints:
     max transition = 0.800000
     max capacitance = 0.600000
 Number of Sinks = 20
 Number of Gates = 0
 Number of Loads = 20
 Driver sized from AND2X2 to AND2X4
 Added 0 Repeaters (B: 0 I: 0). Built 0 Repeater Levels for driver u_calib_ctrl/clk_gate_avg_cnt_reg/main_gate/Y
 Phase delay: (max r/f: 0.314541/nan  min r/f: 0.314541/nan) : u_calib_ctrl/clk_gate_avg_cnt_reg/main_gate/B
-------------------------------------------------------------
 Echelon 1 gate by gate clock synthesis
 Gate level 2 clock tree synthesis
 Driving pin = u_calib_ctrl/clk_gate_accumulator_reg/main_gate/Y
 Clocks: 
     clk (default)
 Design rule constraints:
     max transition = 0.800000
     max capacitance = 0.600000
 Number of Sinks = 21
 Number of Gates = 0
 Number of Loads = 21
 Driver sized from AND2X2 to AND2X4
 Added 0 Repeaters (B: 0 I: 0). Built 0 Repeater Levels for driver u_calib_ctrl/clk_gate_accumulator_reg/main_gate/Y
 Phase delay: (max r/f: 0.314884/nan  min r/f: 0.314884/nan) : u_calib_ctrl/clk_gate_accumulator_reg/main_gate/B
-------------------------------------------------------------
 Echelon 1 gate by gate clock synthesis
 Gate level 2 clock tree synthesis
 Driving pin = u_calib_ctrl/clk_gate_sar_ptr_reg/main_gate/Y
 Clocks: 
     clk (default)
 Design rule constraints:
     max transition = 0.800000
     max capacitance = 0.600000
 Number of Sinks = 5
 Number of Gates = 0
 Number of Loads = 5
 Added 0 Repeaters (B: 0 I: 0). Built 0 Repeater Levels for driver u_calib_ctrl/clk_gate_sar_ptr_reg/main_gate/Y
 Phase delay: (max r/f: 0.258141/nan  min r/f: 0.258141/nan) : u_calib_ctrl/clk_gate_sar_ptr_reg/main_gate/B
-------------------------------------------------------------
 Echelon 1 gate by gate clock synthesis
 Gate level 2 clock tree synthesis
 Driving pin = u_calib_ctrl/clk_gate_wait_cnt_reg/main_gate/Y
 Clocks: 
     clk (default)
 Design rule constraints:
     max transition = 0.800000
     max capacitance = 0.600000
 Number of Sinks = 24
 Number of Gates = 0
 Number of Loads = 24
 Added 1 Repeaters (B: 1 I: 0). Built 1 Repeater Levels for driver u_calib_ctrl/clk_gate_wait_cnt_reg/main_gate/Y
 Phase delay: (max r/f: 0.426331/nan  min r/f: 0.426331/nan) : u_calib_ctrl/clk_gate_wait_cnt_reg/main_gate/B
-------------------------------------------------------------
 Echelon 1 gate by gate clock synthesis
 Gate level 2 clock tree synthesis
 Driving pin = u_calib_ctrl/clk_gate_w_wr_addr_reg/main_gate/Y
 Clocks: 
     clk (default)
 Design rule constraints:
     max transition = 0.800000
     max capacitance = 0.600000
 Number of Sinks = 18
 Number of Gates = 0
 Number of Loads = 18
 Driver sized from AND2X2 to AND2X4
 Added 0 Repeaters (B: 0 I: 0). Built 0 Repeater Levels for driver u_calib_ctrl/clk_gate_w_wr_addr_reg/main_gate/Y
 Phase delay: (max r/f: 0.319366/nan  min r/f: 0.319366/nan) : u_calib_ctrl/clk_gate_w_wr_addr_reg/main_gate/B
-------------------------------------------------------------
 Echelon 1 gate by gate clock synthesis
 Gate level 2 clock tree synthesis
 Driving pin = u_calib_ctrl/clk_gate_w_wr_data_reg/main_gate/Y
 Clocks: 
     clk (default)
 Design rule constraints:
     max transition = 0.800000
     max capacitance = 0.600000
 Number of Sinks = 17
 Number of Gates = 0
 Number of Loads = 17
 Driver sized from AND2X2 to AND2X4
 Added 0 Repeaters (B: 0 I: 0). Built 0 Repeater Levels for driver u_calib_ctrl/clk_gate_w_wr_data_reg/main_gate/Y
 Phase delay: (max r/f: 0.330868/nan  min r/f: 0.330868/nan) : u_calib_ctrl/clk_gate_w_wr_data_reg/main_gate/B
-------------------------------------------------------------
 Echelon 1 gate by gate clock synthesis
 Gate level 2 clock tree synthesis
 Driving pin = u_calib_ctrl/clk_gate_meas_val_p_reg/main_gate/Y
 Clocks: 
     clk (default)
 Design rule constraints:
     max transition = 0.800000
     max capacitance = 0.600000
 Number of Sinks = 30
 Number of Gates = 0
 Number of Loads = 30
 Added 1 Repeaters (B: 1 I: 0). Built 1 Repeater Levels for driver u_calib_ctrl/clk_gate_meas_val_p_reg/main_gate/Y
 Phase delay: (max r/f: 0.421047/nan  min r/f: 0.421047/nan) : u_calib_ctrl/clk_gate_meas_val_p_reg/main_gate/B
-------------------------------------------------------------
 Echelon 1 gate by gate clock synthesis
 Gate level 2 clock tree synthesis
 Driving pin = u_calib_ctrl/clk_gate_meas_val_n_reg/main_gate/Y
 Clocks: 
     clk (default)
 Design rule constraints:
     max transition = 0.800000
     max capacitance = 0.600000
 Number of Sinks = 30
 Number of Gates = 0
 Number of Loads = 30
 Added 1 Repeaters (B: 1 I: 0). Built 1 Repeater Levels for driver u_calib_ctrl/clk_gate_meas_val_n_reg/main_gate/Y
 Phase delay: (max r/f: 0.423012/nan  min r/f: 0.423012/nan) : u_calib_ctrl/clk_gate_meas_val_n_reg/main_gate/B
-------------------------------------------------------------
 Echelon 1 gate by gate clock synthesis
 Gate level 2 clock tree synthesis
 Driving pin = u_calib_ctrl/clk_gate_calc_cnt_reg/main_gate/Y
 Clocks: 
     clk (default)
 Design rule constraints:
     max transition = 0.800000
     max capacitance = 0.600000
 Number of Sinks = 5
 Number of Gates = 0
 Number of Loads = 5
 Added 0 Repeaters (B: 0 I: 0). Built 0 Repeater Levels for driver u_calib_ctrl/clk_gate_calc_cnt_reg/main_gate/Y
 Phase delay: (max r/f: 0.279522/nan  min r/f: 0.279522/nan) : u_calib_ctrl/clk_gate_calc_cnt_reg/main_gate/B
-------------------------------------------------------------
 Echelon 1 gate by gate clock synthesis
 Gate level 2 clock tree synthesis
 Driving pin = u_calib_ctrl/clk_gate_avg_rounded_r_reg/main_gate/Y
 Clocks: 
     clk (default)
 Design rule constraints:
     max transition = 0.800000
     max capacitance = 0.600000
 Number of Sinks = 18
 Number of Gates = 0
 Number of Loads = 18
 Added 0 Repeaters (B: 0 I: 0). Built 0 Repeater Levels for driver u_calib_ctrl/clk_gate_avg_rounded_r_reg/main_gate/Y
 Phase delay: (max r/f: 0.492554/nan  min r/f: 0.492554/nan) : u_calib_ctrl/clk_gate_avg_rounded_r_reg/main_gate/B
-------------------------------------------------------------
 Echelon 1 gate by gate clock synthesis
 Gate level 2 clock tree synthesis
 Driving pin = u_calib_ctrl/clk_gate_avg_rounded_r_reg_0/main_gate/Y
 Clocks: 
     clk (default)
 Design rule constraints:
     max transition = 0.800000
     max capacitance = 0.600000
 Number of Sinks = 18
 Number of Gates = 0
 Number of Loads = 18
 Driver sized from AND2X2 to AND2X4
 Added 0 Repeaters (B: 0 I: 0). Built 0 Repeater Levels for driver u_calib_ctrl/clk_gate_avg_rounded_r_reg_0/main_gate/Y
 Phase delay: (max r/f: 0.426502/nan  min r/f: 0.426502/nan) : u_calib_ctrl/clk_gate_avg_rounded_r_reg_0/main_gate/B
-------------------------------------------------------------
 Echelon 1 gate by gate clock synthesis
 Gate level 2 clock tree synthesis
 Driving pin = u_calib_ctrl/clk_gate_calc_result_r_reg/main_gate/Y
 Clocks: 
     clk (default)
 Design rule constraints:
     max transition = 0.800000
     max capacitance = 0.600000
 Number of Sinks = 30
 Number of Gates = 0
 Number of Loads = 30
 Added 1 Repeaters (B: 1 I: 0). Built 1 Repeater Levels for driver u_calib_ctrl/clk_gate_calc_result_r_reg/main_gate/Y
 Phase delay: (max r/f: 0.443497/nan  min r/f: 0.443497/nan) : u_calib_ctrl/clk_gate_calc_result_r_reg/main_gate/B
-------------------------------------------------------------
 Echelon 1 gate by gate clock synthesis
 Gate level 2 clock tree synthesis
 Driving pin = u_calib_ctrl/clk_gate_temp_acc_reg_0/main_gate/Y
 Clocks: 
     clk (default)
 Design rule constraints:
     max transition = 0.800000
     max capacitance = 0.600000
 Number of Sinks = 30
 Number of Gates = 0
 Number of Loads = 30
 Added 1 Repeaters (B: 1 I: 0). Built 1 Repeater Levels for driver u_calib_ctrl/clk_gate_temp_acc_reg_0/main_gate/Y
 Phase delay: (max r/f: 0.441074/nan  min r/f: 0.441074/nan) : u_calib_ctrl/clk_gate_temp_acc_reg_0/main_gate/B
-------------------------------------------------------------
 Echelon 1 gate by gate clock synthesis
 Gate level 2 clock tree synthesis
 Driving pin = u_srm_residue/clk_gate_cap_ones_reg/main_gate/Y
 Clocks: 
     clk (default)
 Design rule constraints:
     max transition = 0.800000
     max capacitance = 0.600000
 Number of Sinks = 11
 Number of Gates = 0
 Number of Loads = 11
 Added 0 Repeaters (B: 0 I: 0). Built 0 Repeater Levels for driver u_srm_residue/clk_gate_cap_ones_reg/main_gate/Y
 Phase delay: (max r/f: 0.361748/nan  min r/f: 0.361748/nan) : u_srm_residue/clk_gate_cap_ones_reg/main_gate/B
-------------------------------------------------------------
 Echelon 1 gate by gate clock synthesis
 Gate level 2 clock tree synthesis
 Driving pin = u_srm_residue/clk_gate_stall_cnt_reg/main_gate/Y
 Clocks: 
     clk (default)
 Design rule constraints:
     max transition = 0.800000
     max capacitance = 0.600000
 Number of Sinks = 9
 Number of Gates = 0
 Number of Loads = 9
 Added 0 Repeaters (B: 0 I: 0). Built 0 Repeater Levels for driver u_srm_residue/clk_gate_stall_cnt_reg/main_gate/Y
 Phase delay: (max r/f: 0.317688/nan  min r/f: 0.317688/nan) : u_srm_residue/clk_gate_stall_cnt_reg/main_gate/B
-------------------------------------------------------------
 Echelon 1 gate by gate clock synthesis
 Gate level 2 clock tree synthesis
 Driving pin = u_srm_residue/clk_gate_residue_q_small_reg/main_gate/Y
 Clocks: 
     clk (default)
 Design rule constraints:
     max transition = 0.800000
     max capacitance = 0.600000
 Number of Sinks = 21
 Number of Gates = 0
 Number of Loads = 21
 Driver sized from AND2X1 to AND2X4
 Added 0 Repeaters (B: 0 I: 0). Built 0 Repeater Levels for driver u_srm_residue/clk_gate_residue_q_small_reg/main_gate/Y
 Phase delay: (max r/f: 0.360851/nan  min r/f: 0.360851/nan) : u_srm_residue/clk_gate_residue_q_small_reg/main_gate/B
-------------------------------------------------------------
 Echelon 1 gate by gate clock synthesis
 Gate level 2 clock tree synthesis
 Driving pin = u_srm_residue/clk_gate_dec_ones_reg/main_gate/Y
 Clocks: 
     dec_clk (default)
 Design rule constraints:
     max transition = 0.800000
     max capacitance = 0.600000
 Number of Sinks = 5
 Number of Gates = 0
 Number of Loads = 5
 Added 0 Repeaters (B: 0 I: 0). Built 0 Repeater Levels for driver u_srm_residue/clk_gate_dec_ones_reg/main_gate/Y
 Phase delay: (max r/f: 0.378761/nan  min r/f: 0.378761/nan) : u_srm_residue/clk_gate_dec_ones_reg/main_gate/B
-------------------------------------------------------------
 Echelon 1 gate by gate clock synthesis
 Gate level 2 clock tree synthesis
 Driving pin = u_srm_residue/clk_gate_dec_total_reg/main_gate/Y
 Clocks: 
     dec_clk (default)
 Design rule constraints:
     max transition = 0.800000
     max capacitance = 0.600000
 Number of Sinks = 7
 Number of Gates = 0
 Number of Loads = 7
 Added 0 Repeaters (B: 0 I: 0). Built 0 Repeater Levels for driver u_srm_residue/clk_gate_dec_total_reg/main_gate/Y
 Phase delay: (max r/f: 0.289478/nan  min r/f: 0.289478/nan) : u_srm_residue/clk_gate_dec_total_reg/main_gate/B
Processing Echelon 2
Recomputing criticality for non-critical echelon 2
Processing parameter set (max_tran 0.800000 max_cap 0.600000)
Using layer METAL4 for buffering distances in roi (originally METAL4)
   10% ...   20% ...Number of Drivers Sized: 0 [0.00%]

-------------------------------------------------------------
 Echelon 2 gate by gate clock synthesis
 Gate level 1 clock tree synthesis
 Driving pin = clk
 Clocks: 
     clk (default)
 Design rule constraints:
     max transition = 0.800000
     max capacitance = 0.600000
 Number of Sinks = 100
 Number of Gates = 38
 Number of Loads = 138
 Loads with existing phase delay = 38
   1. Phase delay = (max r/f: 0.492554/__  min r/f: 0.492554/__) : u_calib_ctrl/clk_gate_avg_rounded_r_reg/main_gate/B
   2. Phase delay = (max r/f: 0.490074/__  min r/f: 0.490074/__) : u_calib_ctrl/clk_gate_shadow_weights_reg[1]/main_gate/B
   3. Phase delay = (max r/f: 0.483208/__  min r/f: 0.483208/__) : u_calib_ctrl/clk_gate_shadow_weights_reg[4]/main_gate/B
   4. Phase delay = (max r/f: 0.475960/__  min r/f: 0.475960/__) : u_calib_ctrl/clk_gate_shadow_weights_reg[3]/main_gate/B
   5. Phase delay = (max r/f: 0.471458/__  min r/f: 0.471458/__) : u_calib_ctrl/clk_gate_shadow_weights_reg[15]/main_gate/B
   6. Phase delay = (max r/f: 0.466499/__  min r/f: 0.466499/__) : u_calib_ctrl/clk_gate_shadow_weights_reg[7]/main_gate/B
   7. Phase delay = (max r/f: 0.462837/__  min r/f: 0.462837/__) : u_calib_ctrl/clk_gate_shadow_weights_reg[13]/main_gate/B
   8. Phase delay = (max r/f: 0.461483/__  min r/f: 0.461483/__) : u_calib_ctrl/clk_gate_shadow_weights_reg[17]/main_gate/B
   9. Phase delay = (max r/f: 0.461006/__  min r/f: 0.461006/__) : u_calib_ctrl/clk_gate_shadow_weights_reg[11]/main_gate/B
  10. Phase delay = (max r/f: 0.460224/__  min r/f: 0.460224/__) : u_calib_ctrl/clk_gate_shadow_weights_reg[2]/main_gate/B
  11. Phase delay = (max r/f: 0.458431/__  min r/f: 0.458431/__) : u_calib_ctrl/clk_gate_shadow_weights_reg[14]/main_gate/B
  12. Phase delay = (max r/f: 0.457554/__  min r/f: 0.457554/__) : u_calib_ctrl/clk_gate_shadow_weights_reg[6]/main_gate/B
  13. Phase delay = (max r/f: 0.457268/__  min r/f: 0.457268/__) : u_calib_ctrl/clk_gate_shadow_weights_reg[0]/main_gate/B
  14. Phase delay = (max r/f: 0.455704/__  min r/f: 0.455704/__) : u_calib_ctrl/clk_gate_shadow_weights_reg[5]/main_gate/B
  15. Phase delay = (max r/f: 0.454731/__  min r/f: 0.454731/__) : u_calib_ctrl/clk_gate_shadow_weights_reg[9]/main_gate/B
  16. Phase delay = (max r/f: 0.452976/__  min r/f: 0.452976/__) : u_calib_ctrl/clk_gate_shadow_weights_reg[12]/main_gate/B
  17. Phase delay = (max r/f: 0.446415/__  min r/f: 0.446415/__) : u_calib_ctrl/clk_gate_shadow_weights_reg[8]/main_gate/B
  18. Phase delay = (max r/f: 0.445747/__  min r/f: 0.445747/__) : u_calib_ctrl/clk_gate_shadow_weights_reg[10]/main_gate/B
  19. Phase delay = (max r/f: 0.443497/__  min r/f: 0.443497/__) : u_calib_ctrl/clk_gate_calc_result_r_reg/main_gate/B
  20. Phase delay = (max r/f: 0.441074/__  min r/f: 0.441074/__) : u_calib_ctrl/clk_gate_temp_acc_reg_0/main_gate/B
  21. Phase delay = (max r/f: 0.440617/__  min r/f: 0.440617/__) : u_calib_ctrl/clk_gate_shadow_weights_reg[18]/main_gate/B
  22. Phase delay = (max r/f: 0.438519/__  min r/f: 0.438519/__) : u_calib_ctrl/clk_gate_shadow_weights_reg[19]/main_gate/B
  23. Phase delay = (max r/f: 0.435390/__  min r/f: 0.435390/__) : u_calib_ctrl/clk_gate_shadow_weights_reg[16]/main_gate/B
  24. Phase delay = (max r/f: 0.426502/__  min r/f: 0.426502/__) : u_calib_ctrl/clk_gate_avg_rounded_r_reg_0/main_gate/B
  25. Phase delay = (max r/f: 0.426331/__  min r/f: 0.426331/__) : u_calib_ctrl/clk_gate_wait_cnt_reg/main_gate/B
  26. Phase delay = (max r/f: 0.423012/__  min r/f: 0.423012/__) : u_calib_ctrl/clk_gate_meas_val_n_reg/main_gate/B
  27. Phase delay = (max r/f: 0.421047/__  min r/f: 0.421047/__) : u_calib_ctrl/clk_gate_meas_val_p_reg/main_gate/B
  28. Phase delay = (max r/f: 0.420589/__  min r/f: 0.420589/__) : u_calib_ctrl/clk_gate_target_bit_reg/main_gate/B
  29. Phase delay = (max r/f: 0.361748/__  min r/f: 0.361748/__) : u_srm_residue/clk_gate_cap_ones_reg/main_gate/B
  30. Phase delay = (max r/f: 0.360851/__  min r/f: 0.360851/__) : u_srm_residue/clk_gate_residue_q_small_reg/main_gate/B
  31. Phase delay = (max r/f: 0.330868/__  min r/f: 0.330868/__) : u_calib_ctrl/clk_gate_w_wr_data_reg/main_gate/B
  32. Phase delay = (max r/f: 0.319366/__  min r/f: 0.319366/__) : u_calib_ctrl/clk_gate_w_wr_addr_reg/main_gate/B
  33. Phase delay = (max r/f: 0.317688/__  min r/f: 0.317688/__) : u_srm_residue/clk_gate_stall_cnt_reg/main_gate/B
  34. Phase delay = (max r/f: 0.314884/__  min r/f: 0.314884/__) : u_calib_ctrl/clk_gate_accumulator_reg/main_gate/B
  35. Phase delay = (max r/f: 0.314541/__  min r/f: 0.314541/__) : u_calib_ctrl/clk_gate_avg_cnt_reg/main_gate/B
  36. Phase delay = (max r/f: 0.279522/__  min r/f: 0.279522/__) : u_calib_ctrl/clk_gate_calc_cnt_reg/main_gate/B
  37. Phase delay = (max r/f: 0.258141/__  min r/f: 0.258141/__) : u_calib_ctrl/clk_gate_sar_ptr_reg/main_gate/B
  38. Phase delay = (max r/f: 0.221386/__  min r/f: 0.221386/__) : u_calib_ctrl/clk_gate_calib_done_reg/main_gate/B
 Added 6 Repeaters (B: 6 I: 0). Built 2 Repeater Levels for driver clk
 Phase delay: (max r/f: 0.677452/0.358029  min r/f: 0.677452/0.358029) : clk
-------------------------------------------------------------
 Echelon 2 gate by gate clock synthesis
 Gate level 1 clock tree synthesis
 Driving pin = dec_clk
 Clocks: 
     dec_clk (default)
 Design rule constraints:
     max transition = 0.800000
     max capacitance = 0.600000
 Number of Sinks = 5
 Number of Gates = 2
 Number of Loads = 7
 Loads with existing phase delay = 2
  1. Phase delay = (max r/f: 0.378761/__  min r/f: 0.378761/__) : u_srm_residue/clk_gate_dec_ones_reg/main_gate/B
  2. Phase delay = (max r/f: 0.289478/__  min r/f: 0.289478/__) : u_srm_residue/clk_gate_dec_total_reg/main_gate/B
 Added 0 Repeaters (B: 0 I: 0). Built 0 Repeater Levels for driver dec_clk
 Phase delay: (max r/f: 0.379238/0.000248  min r/f: 0.379238/0.000248) : dec_clk
Information: The run time for gate-by-gate clock tree synthesis is 0 hr : 0 min : 1.45 sec, cpu time is 0 hr : 0 min : 2.64 sec. (CTS-104)
************************************************************
* CTS STEP: Latency Bottleneck Analysis
************************************************************
The longest paths are reported for the primary corner.

Information: Latency Bottleneck Path for clock 'clk' and skew group 'default' in mode 'default' for clock root 'clk': (CTS-141)
(1) clk [Location: (421.74, 0.36)] [Pre-CTS Fanout: 138] [Phase Delay: (Rise: 0.677452, Fall: 0.358029)]
 (2) u_calib_ctrl/clk_gate_shadow_weights_reg[1]/main_gate/Y [Location: (73.55, 259.56)] [Pre-CTS Fanout: 30] [Phase Delay: (Rise: 0.237732, Fall: nan)]
  (3) u_calib_ctrl/shadow_weights_reg[1][2]/CK [Location: (18.02, 360.68)] [SINK PIN]

Information: Latency Bottleneck Path for clock 'dec_clk' and skew group 'default' in mode 'default' for clock root 'dec_clk': (CTS-141)
(1) dec_clk [Location: (411.18, 0.36)] [Pre-CTS Fanout: 7] [Phase Delay: (Rise: 0.379238, Fall: 0.000248)]
 (2) u_srm_residue/clk_gate_dec_ones_reg/main_gate/Y [Location: (391.69, 17.74)] [Pre-CTS Fanout: 5] [Phase Delay: (Rise: 0.000305, Fall: nan)]
  (3) u_srm_residue/dec_ones_reg[3]/CK [Location: (376.20, 7.87)] [SINK PIN]

Information: The run time for Latency Bottleneck Analysis is 0 hr : 0 min : 0.00 sec, cpu time is 0 hr : 0 min : 0.00 sec. (CTS-104)
************************************************************
* CTS STEP: DRC Fixing Beyond Exceptions
************************************************************
Warning: No clock routing rules were specified. Use set_clock_routing_rules to specify routing rules for accurate clock latency estimation. (OPT-902)
Design rule constraints:
     max fanout  = 1000000
Num of echelons 0
Information: The run time for DRC fixing beyond exceptions is 0 hr : 0 min : 0.28 sec, cpu time is 0 hr : 0 min : 0.27 sec. (CTS-104)
There are 30 buffers and 0 inverters added (total area 1184.20) by Clock Tree Synthesis.
Information: 0 out of 70 clock cells have been moved due to NDR or via ladder related legalization rules.
Info: Clock cell and register co-legalization is disabled since advanced legalizer is disabled.
==============================Displacement Report for clock sink==============================
Clock sink moved: 58 out of 1051, orientation changed without moving: 182
Clock sink displacement max = 15.120000 um, average = 0.295833 um
Clock sink with large displacement: 0 (Threshold: 15.120000 um)
Largest displacement cells:
Clock sink inst 'u_calib_ctrl/shadow_weights_reg[3][16]' snapped from (75.24, 262.08) (MX) to (75.24, 277.20) (R0) displacement = 15.120000 um.
Clock sink inst 'u_calib_ctrl/shadow_weights_reg[7][20]' snapped from (82.50, 176.40) (R0) to (89.10, 181.44) (MX) displacement = 11.640000 um.
Clock sink inst 'u_calib_ctrl/shadow_weights_reg[2][16]' snapped from (108.90, 277.20) (MY) to (115.50, 272.16) (MX) displacement = 11.640000 um.
Clock sink inst 'u_calib_ctrl/shadow_weights_reg[12][19]' snapped from (62.70, 181.44) (MX) to (51.48, 181.44) (MX) displacement = 11.220000 um.
Clock sink inst 'u_calib_ctrl/shadow_weights_reg[11][12]' snapped from (75.24, 257.04) (R0) to (75.90, 267.12) (R0) displacement = 10.740000 um.
Clock sink inst 'u_calib_ctrl/shadow_weights_reg[1][20]' snapped from (69.30, 176.40) (R0) to (64.02, 181.44) (MX) displacement = 10.320000 um.
Clock sink inst 'u_calib_ctrl/shadow_weights_reg[5][17]' snapped from (48.84, 181.44) (MX) to (48.84, 191.52) (MX) displacement = 10.080000 um.
Clock sink inst 'u_calib_ctrl/calc_result_r_reg[8]' snapped from (217.80, 292.32) (R180) to (217.80, 282.24) (MX) displacement = 10.080000 um.
Clock sink inst 'u_calib_ctrl/shadow_weights_reg[11][17]' snapped from (62.04, 257.04) (R0) to (66.66, 262.08) (MX) displacement = 9.660000 um.
Clock sink inst 'u_calib_ctrl/shadow_weights_reg[14][22]' snapped from (60.72, 171.36) (MX) to (52.80, 171.36) (MX) displacement = 7.920000 um.
==============================================================================================
Information: The run time for snapping registers is 0 hr : 0 min : 0.05 sec, cpu time is 0 hr : 0 min : 0.05 sec. (CTS-104)
Cell Min-Routing-Layer = METAL1
Cell Max-Routing-Layer = METAL6
Turn off antenna since no rule is specified
Information: Option route.detail.force_end_on_preferred_grid will be ignored since none of the layers have preferred grid. (ZRT-703)
Info: number of net_type_blockage: 0 
Information: Via ladder engine would be activated for pattern must join connection in certain commands. Please refer to man-page for the command list. (ZRT-619)
Warning: Port  VSS at {{165.660,427.305} {178.200,428.800}} is out of boundary. Cannot be routed. (ZRT-720)
Warning: Port  VSS at {{305.580,427.825} {310.860,428.800}} is out of boundary. Cannot be routed. (ZRT-720)
Warning: Port  VDD at {{382.140,-0.400} {390.720,0.950}} is out of boundary. Cannot be routed. (ZRT-720)
Warning: Port  VSS at {{276.540,427.825} {281.820,428.800}} is out of boundary. Cannot be routed. (ZRT-720)
Warning: Port  VSS at {{292.380,426.945} {295.020,428.800}} is out of boundary. Cannot be routed. (ZRT-720)
Warning: Port  VDD at {{215.160,-0.400} {221.100,1.275}} is out of boundary. Cannot be routed. (ZRT-720)
Warning: Port  VDD at {{225.720,-0.400} {231.660,1.275}} is out of boundary. Cannot be routed. (ZRT-720)
Warning: Port  VDD at {{209.220,-0.400} {213.180,0.575}} is out of boundary. Cannot be routed. (ZRT-720)
Warning: Port  VSS at {{297.000,427.825} {299.640,428.800}} is out of boundary. Cannot be routed. (ZRT-720)
Warning: Port  VSS at {{287.100,427.825} {289.740,428.800}} is out of boundary. Cannot be routed. (ZRT-720)
Skipping 30 ectangle_only route guides because they don't cover the design boundary in the layer's  preferred direction.
Information: When applicable Min-max layer allow_pin_connection mode will allow paths of length 6.70 outside the layer range. (ZRT-707)
Information: When applicable Min-max layer allow_pin_connection mode will allow paths of length 6.70 outside the layer range on clock nets. (ZRT-718)
Information: When applicable layer based tapering will taper up to 0.00 in distance from the pin. (ZRT-706)
Warning: Standard cell pin OAI22XL/Y has no valid via regions. (ZRT-044)
Warning: Standard cell pin AOI21XL/Y has no valid via regions. (ZRT-044)
Warning: Standard cell pin NOR4BX1/C has no valid via regions. (ZRT-044)
Warning: Standard cell pin NOR4BX1/D has no valid via regions. (ZRT-044)
Warning: Standard cell pin OAI21XL/Y has no valid via regions. (ZRT-044)
Warning: Standard cell pin OAI22X1/Y has no valid via regions. (ZRT-044)
Warning: Standard cell pin NAND3X1/A has no valid via regions. (ZRT-044)
Warning: Standard cell pin OAI31X1/Y has no valid via regions. (ZRT-044)
Warning: Standard cell pin NOR3XL/A has no valid via regions. (ZRT-044)
Warning: Standard cell pin OAI2BB1XL/Y has no valid via regions. (ZRT-044)
Warning: Standard cell pin AOI222X4/B1 has no valid via regions. (ZRT-044)
Warning: Standard cell pin AND2XL/Y has no valid via regions. (ZRT-044)
Warning: Standard cell pin ADDFXL/B has no valid via regions. (ZRT-044)
Warning: Standard cell pin AOI222X1/Y has no valid via regions. (ZRT-044)
Warning: Standard cell pin NAND4X1/A has no valid via regions. (ZRT-044)
Warning: Standard cell pin XNOR2X1/B has no valid via regions. (ZRT-044)
Warning: Standard cell pin XNOR2X1/Y has no valid via regions. (ZRT-044)
Warning: Standard cell pin NOR3BX1/AN has no valid via regions. (ZRT-044)
Warning: Standard cell pin NOR2X4/A has no valid via regions. (ZRT-044)
Warning: Standard cell pin AOI32XL/Y has no valid via regions. (ZRT-044)
Warning: Standard cell pin NOR2X4/B has no valid via regions. (ZRT-044)
Warning: Standard cell pin NOR2BX2/Y has no valid via regions. (ZRT-044)
Warning: Standard cell pin INVX12/A has no valid via regions. (ZRT-044)
Warning: Standard cell pin DFFSXL/Q has no valid via regions. (ZRT-044)
Warning: Standard cell pin NAND2X2/B has no valid via regions. (ZRT-044)
Warning: Standard cell pin NAND2X2/Y has no valid via regions. (ZRT-044)
Warning: Standard cell pin ADDHXL/CO has no valid via regions. (ZRT-044)
Warning: Standard cell pin ADDHXL/S has no valid via regions. (ZRT-044)
Warning: Standard cell pin XOR2X1/B has no valid via regions. (ZRT-044)
Warning: Standard cell pin XOR2X1/Y has no valid via regions. (ZRT-044)
Warning: Standard cell pin NAND4X2/A has no valid via regions. (ZRT-044)
Warning: Standard cell pin NAND4X2/D has no valid via regions. (ZRT-044)
Warning: Standard cell pin OAI2BB1X1/Y has no valid via regions. (ZRT-044)
Warning: Standard cell pin AOI22X2/A1 has no valid via regions. (ZRT-044)
Warning: Standard cell pin AOI22X2/Y has no valid via regions. (ZRT-044)
Warning: Standard cell pin OAI2BB1X2/Y has no valid via regions. (ZRT-044)
Warning: Standard cell pin XOR2XL/B has no valid via regions. (ZRT-044)
Warning: Standard cell pin XOR2XL/Y has no valid via regions. (ZRT-044)
Warning: Standard cell pin ADDFX1/B has no valid via regions. (ZRT-044)
Warning: Standard cell pin TLATNXL/QN has no valid via regions. (ZRT-044)
Warning: Standard cell pin OAI31XL/A0 has no valid via regions. (ZRT-044)
Warning: Standard cell pin NAND2XL/Y has no valid via regions. (ZRT-044)
Warning: Standard cell pin OAI31XL/Y has no valid via regions. (ZRT-044)
Warning: Standard cell pin XNOR2XL/B has no valid via regions. (ZRT-044)
Warning: Standard cell pin XNOR2XL/Y has no valid via regions. (ZRT-044)
Warning: Standard cell pin CLKBUFXL/Y has no valid via regions. (ZRT-044)
Warning: Standard cell pin NOR4X1/B has no valid via regions. (ZRT-044)
Warning: Standard cell pin NOR3BX2/AN has no valid via regions. (ZRT-044)
Warning: Standard cell pin NOR3BX2/B has no valid via regions. (ZRT-044)
Warning: Standard cell pin NOR3BX2/Y has no valid via regions. (ZRT-044)
Warning: Standard cell pin NOR4BXL/C has no valid via regions. (ZRT-044)
Warning: Standard cell pin NOR4BXL/D has no valid via regions. (ZRT-044)
Warning: Standard cell pin AOI211XL/Y has no valid via regions. (ZRT-044)
Warning: Standard cell pin BUFX2/Y has no valid via regions. (ZRT-044)
Warning: Standard cell pin AOI2BB1X1/Y has no valid via regions. (ZRT-044)
Warning: Standard cell pin CMPR32X1/B has no valid via regions. (ZRT-044)
Warning: Standard cell pin DLY2X1/Y has no valid via regions. (ZRT-044)
Warning: Standard cell pin AND4X2/C has no valid via regions. (ZRT-044)
Warning: Standard cell pin DLY3X1/Y has no valid via regions. (ZRT-044)
Warning: Standard cell pin DLY4X1/Y has no valid via regions. (ZRT-044)
Warning: Standard cell pin AOI21X1/A0 has no valid via regions. (ZRT-044)
Warning: Standard cell pin AOI21X1/B0 has no valid via regions. (ZRT-044)
Warning: Standard cell pin ADDFHX1/CI has no valid via regions. (ZRT-044)
Warning: Standard cell pin AOI2BB1XL/Y has no valid via regions. (ZRT-044)
Warning: Standard cell pin ADDFHX1/CO has no valid via regions. (ZRT-044)
Warning: Standard cell pin ADDFHX1/S has no valid via regions. (ZRT-044)
Warning: Standard cell pin CMPR22X1/CO has no valid via regions. (ZRT-044)
Warning: Standard cell pin NOR3X1/A has no valid via regions. (ZRT-044)
Warning: Standard cell pin AOI22XL/Y has no valid via regions. (ZRT-044)
Warning: Standard cell pin NAND3XL/A has no valid via regions. (ZRT-044)
Warning: Standard cell pin AOI31XL/Y has no valid via regions. (ZRT-044)
Warning: Standard cell pin AOI2BB1X2/B0 has no valid via regions. (ZRT-044)
Warning: Standard cell pin AOI2BB2X1/B0 has no valid via regions. (ZRT-044)
Warning: Standard cell pin NAND4XL/B has no valid via regions. (ZRT-044)
Warning: Standard cell pin NAND4XL/C has no valid via regions. (ZRT-044)
Warning: Standard cell pin NAND4XL/D has no valid via regions. (ZRT-044)
Warning: Standard cell pin AOI2BB2XL/Y has no valid via regions. (ZRT-044)
Warning: Standard cell pin DFFSX1/CK has no valid via regions. (ZRT-044)
Warning: Standard cell pin AOI211X1/B0 has no valid via regions. (ZRT-044)
Warning: Standard cell pin ADDFX2/B has no valid via regions. (ZRT-044)
Warning: Cell u_calib_ctrl/clk_gate_wait_cnt_reg/main_gate is placed overlapping with other cells at {{174.900 55.440} {177.540 60.480}}. (ZRT-763)
Warning: Cell u_calib_ctrl/calc_cnt_reg[3] is placed overlapping with other cells at {{185.460 120.960} {199.320 126.000}}. (ZRT-763)
Warning: Cell u_calib_ctrl/shadow_weights_reg[7][9] is placed overlapping with other cells at {{40.260 257.040} {52.800 262.080}}. (ZRT-763)
Warning: Cell u_calib_ctrl/ZCTSBUF_247_1371 is placed overlapping with other cells at {{145.200 257.040} {153.780 262.080}}. (ZRT-763)
Warning: Cell u_calib_ctrl/shadow_weights_reg[10][17] is placed overlapping with other cells at {{185.460 302.400} {198.000 307.440}}. (ZRT-763)
Warning: Cell u_calib_ctrl/clk_gate_temp_acc_reg_0/main_gate is placed overlapping with other cells at {{296.340 297.360} {298.980 302.400}}. (ZRT-763)
CTO: setting route_reuse..
************************************************************
* CTS STEP: Clock Net Global Routing
************************************************************
Performing initial clock net global routing ...
Loading parastics information to the router ...
parastics information loaded to the router.
[End of Loading Timing] Elapsed real time: 0:00:00 
[End of Loading Timing] Elapsed cpu  time: sys=0:00:00 usr=0:00:00 total=0:00:00
Information: The net parasitics of block sar_digi_paper_core are cleared. (TIM-123)
Total number of global routed clock nets: 72
Information: The run time for clock net global routing is 0 hr : 0 min : 0.31 sec, cpu time is 0 hr : 0 min : 0.36 sec. (CTS-104)
Information: The stitching and editing of coupling caps is turned OFF for design 'sar16_pnr_paper_core:sar_digi_paper_core.design'. (TIM-125)
Information: Design sar_digi_paper_core has 3855 nets, 72 global routed, 0 detail routed. (NEX-024)
Information: The RC mode used is CTO for design 'sar_digi_paper_core'. (NEX-022)
Information: Update timing completed net estimation for all the timing graph nets (TIM-111)
Information: Net estimation statistics: timing graph nets = 3853, routed nets = 72, across physical hierarchy nets = 0, parasitics cached nets = 72, delay annotated nets = 0, parasitics annotated nets = 0, multi-voltage nets = 0. (TIM-112)
Information: The netlist change observers are disabled for incremental timing updates. (TIM-119)
Information: The netlist change observers are disabled for incremental extraction. (TIM-126)
CTSSC route status detected: clock (VR 0, GR 2214, DR 0), data (VR 3781, GR 0, DR 0); stage = auto, isPostRoute = FALSE
Information: 'default' is identified as primary corner for initial clock tree building. (CTS-103)
Cell Min-Routing-Layer = METAL1
Cell Max-Routing-Layer = METAL6
Turn off antenna since no rule is specified
Information: Option route.detail.force_end_on_preferred_grid will be ignored since none of the layers have preferred grid. (ZRT-703)
Info: number of net_type_blockage: 0 
Information: Via ladder engine would be activated for pattern must join connection in certain commands. Please refer to man-page for the command list. (ZRT-619)
Warning: Port  VSS at {{165.660,427.305} {178.200,428.800}} is out of boundary. Cannot be routed. (ZRT-720)
Warning: Port  VSS at {{305.580,427.825} {310.860,428.800}} is out of boundary. Cannot be routed. (ZRT-720)
Warning: Port  VDD at {{382.140,-0.400} {390.720,0.950}} is out of boundary. Cannot be routed. (ZRT-720)
Warning: Port  VSS at {{276.540,427.825} {281.820,428.800}} is out of boundary. Cannot be routed. (ZRT-720)
Warning: Port  VSS at {{292.380,426.945} {295.020,428.800}} is out of boundary. Cannot be routed. (ZRT-720)
Warning: Port  VDD at {{215.160,-0.400} {221.100,1.275}} is out of boundary. Cannot be routed. (ZRT-720)
Warning: Port  VDD at {{225.720,-0.400} {231.660,1.275}} is out of boundary. Cannot be routed. (ZRT-720)
Warning: Port  VDD at {{209.220,-0.400} {213.180,0.575}} is out of boundary. Cannot be routed. (ZRT-720)
Warning: Port  VSS at {{297.000,427.825} {299.640,428.800}} is out of boundary. Cannot be routed. (ZRT-720)
Warning: Port  VSS at {{287.100,427.825} {289.740,428.800}} is out of boundary. Cannot be routed. (ZRT-720)
Skipping 30 ectangle_only route guides because they don't cover the design boundary in the layer's  preferred direction.
Information: When applicable Min-max layer allow_pin_connection mode will allow paths of length 6.70 outside the layer range. (ZRT-707)
Information: When applicable Min-max layer allow_pin_connection mode will allow paths of length 6.70 outside the layer range on clock nets. (ZRT-718)
Information: When applicable layer based tapering will taper up to 0.00 in distance from the pin. (ZRT-706)
Warning: Standard cell pin OAI22XL/Y has no valid via regions. (ZRT-044)
Warning: Standard cell pin AOI21XL/Y has no valid via regions. (ZRT-044)
Warning: Standard cell pin NOR4BX1/C has no valid via regions. (ZRT-044)
Warning: Standard cell pin OAI21XL/Y has no valid via regions. (ZRT-044)
Warning: Standard cell pin NOR4BX1/D has no valid via regions. (ZRT-044)
Warning: Standard cell pin AOI222X4/B1 has no valid via regions. (ZRT-044)
Warning: Standard cell pin OAI22X1/Y has no valid via regions. (ZRT-044)
Warning: Standard cell pin NAND3X1/A has no valid via regions. (ZRT-044)
Warning: Standard cell pin AOI222X1/Y has no valid via regions. (ZRT-044)
Warning: Standard cell pin OAI31X1/Y has no valid via regions. (ZRT-044)
Warning: Standard cell pin NOR3XL/A has no valid via regions. (ZRT-044)
Warning: Standard cell pin AOI32XL/Y has no valid via regions. (ZRT-044)
Warning: Standard cell pin OAI2BB1XL/Y has no valid via regions. (ZRT-044)
Warning: Standard cell pin INVX12/A has no valid via regions. (ZRT-044)
Warning: Standard cell pin DFFSXL/Q has no valid via regions. (ZRT-044)
Warning: Standard cell pin ADDFXL/B has no valid via regions. (ZRT-044)
Warning: Standard cell pin AND2XL/Y has no valid via regions. (ZRT-044)
Warning: Standard cell pin NAND4X1/A has no valid via regions. (ZRT-044)
Warning: Standard cell pin NOR3BX1/AN has no valid via regions. (ZRT-044)
Warning: Standard cell pin XNOR2X1/B has no valid via regions. (ZRT-044)
Warning: Standard cell pin CLKBUFXL/Y has no valid via regions. (ZRT-044)
Warning: Standard cell pin XNOR2X1/Y has no valid via regions. (ZRT-044)
Warning: Standard cell pin NAND4X2/A has no valid via regions. (ZRT-044)
Warning: Standard cell pin NAND4X2/D has no valid via regions. (ZRT-044)
Warning: Standard cell pin AOI22X2/A1 has no valid via regions. (ZRT-044)
Warning: Standard cell pin NOR2X4/A has no valid via regions. (ZRT-044)
Warning: Standard cell pin AOI22X2/Y has no valid via regions. (ZRT-044)
Warning: Standard cell pin NOR2X4/B has no valid via regions. (ZRT-044)
Warning: Standard cell pin DLY2X1/Y has no valid via regions. (ZRT-044)
Warning: Standard cell pin DLY3X1/Y has no valid via regions. (ZRT-044)
Warning: Standard cell pin ADDFX1/B has no valid via regions. (ZRT-044)
Warning: Standard cell pin NOR2BX2/Y has no valid via regions. (ZRT-044)
Warning: Standard cell pin DLY4X1/Y has no valid via regions. (ZRT-044)
Warning: Standard cell pin NAND2X2/B has no valid via regions. (ZRT-044)
Warning: Standard cell pin OAI31XL/A0 has no valid via regions. (ZRT-044)
Warning: Standard cell pin NAND2X2/Y has no valid via regions. (ZRT-044)
Warning: Standard cell pin OAI31XL/Y has no valid via regions. (ZRT-044)
Warning: Standard cell pin ADDHXL/CO has no valid via regions. (ZRT-044)
Warning: Standard cell pin NOR4X1/B has no valid via regions. (ZRT-044)
Warning: Standard cell pin ADDHXL/S has no valid via regions. (ZRT-044)
Warning: Standard cell pin NOR4BXL/C has no valid via regions. (ZRT-044)
Warning: Standard cell pin NOR4BXL/D has no valid via regions. (ZRT-044)
Warning: Standard cell pin AOI211XL/Y has no valid via regions. (ZRT-044)
Warning: Standard cell pin XOR2X1/B has no valid via regions. (ZRT-044)
Warning: Standard cell pin CMPR32X1/B has no valid via regions. (ZRT-044)
Warning: Standard cell pin XOR2X1/Y has no valid via regions. (ZRT-044)
Warning: Standard cell pin AND4X2/C has no valid via regions. (ZRT-044)
Warning: Standard cell pin OAI2BB1X1/Y has no valid via regions. (ZRT-044)
Warning: Standard cell pin OAI2BB1X2/Y has no valid via regions. (ZRT-044)
Warning: Standard cell pin ADDFHX1/CI has no valid via regions. (ZRT-044)
Warning: Standard cell pin XOR2XL/B has no valid via regions. (ZRT-044)
Warning: Standard cell pin ADDFHX1/CO has no valid via regions. (ZRT-044)
Warning: Standard cell pin XOR2XL/Y has no valid via regions. (ZRT-044)
Warning: Standard cell pin ADDFHX1/S has no valid via regions. (ZRT-044)
Warning: Standard cell pin AOI22XL/Y has no valid via regions. (ZRT-044)
Warning: Standard cell pin TLATNXL/QN has no valid via regions. (ZRT-044)
Warning: Standard cell pin AOI31XL/Y has no valid via regions. (ZRT-044)
Warning: Standard cell pin NAND2XL/Y has no valid via regions. (ZRT-044)
Warning: Standard cell pin AOI2BB2X1/B0 has no valid via regions. (ZRT-044)
Warning: Standard cell pin XNOR2XL/B has no valid via regions. (ZRT-044)
Warning: Standard cell pin XNOR2XL/Y has no valid via regions. (ZRT-044)
Warning: Standard cell pin NAND4XL/B has no valid via regions. (ZRT-044)
Warning: Standard cell pin NAND4XL/C has no valid via regions. (ZRT-044)
Warning: Standard cell pin NAND4XL/D has no valid via regions. (ZRT-044)
Warning: Standard cell pin NOR3BX2/AN has no valid via regions. (ZRT-044)
Warning: Standard cell pin NOR3BX2/B has no valid via regions. (ZRT-044)
Warning: Standard cell pin NOR3BX2/Y has no valid via regions. (ZRT-044)
Warning: Standard cell pin AOI2BB2XL/Y has no valid via regions. (ZRT-044)
Warning: Standard cell pin BUFX2/Y has no valid via regions. (ZRT-044)
Warning: Standard cell pin AOI2BB1X1/Y has no valid via regions. (ZRT-044)
Warning: Standard cell pin DFFSX1/CK has no valid via regions. (ZRT-044)
Warning: Standard cell pin AOI211X1/B0 has no valid via regions. (ZRT-044)
Warning: Standard cell pin AOI21X1/A0 has no valid via regions. (ZRT-044)
Warning: Standard cell pin AOI21X1/B0 has no valid via regions. (ZRT-044)
Warning: Standard cell pin AOI2BB1XL/Y has no valid via regions. (ZRT-044)
Warning: Standard cell pin ADDFX2/B has no valid via regions. (ZRT-044)
Warning: Standard cell pin CMPR22X1/CO has no valid via regions. (ZRT-044)
Warning: Standard cell pin NOR3X1/A has no valid via regions. (ZRT-044)
Warning: Standard cell pin NAND3XL/A has no valid via regions. (ZRT-044)
Warning: Standard cell pin AOI2BB1X2/B0 has no valid via regions. (ZRT-044)
Warning: Cell u_calib_ctrl/clk_gate_wait_cnt_reg/main_gate is placed overlapping with other cells at {{174.900 55.440} {177.540 60.480}}. (ZRT-763)
Warning: Cell u_calib_ctrl/calc_cnt_reg[3] is placed overlapping with other cells at {{185.460 120.960} {199.320 126.000}}. (ZRT-763)
Warning: Cell u_calib_ctrl/overrange_bits_reg[9] is placed overlapping with other cells at {{337.920 146.160} {351.780 151.200}}. (ZRT-763)
Warning: Cell u_calib_ctrl/shadow_weights_reg[7][9] is placed overlapping with other cells at {{40.260 257.040} {52.800 262.080}}. (ZRT-763)
Warning: Cell u_calib_ctrl/ZCTSBUF_247_1371 is placed overlapping with other cells at {{145.200 257.040} {153.780 262.080}}. (ZRT-763)
Warning: Cell u_calib_ctrl/shadow_weights_reg[10][17] is placed overlapping with other cells at {{185.460 302.400} {198.000 307.440}}. (ZRT-763)
Warning: Cell u_calib_ctrl/clk_gate_temp_acc_reg_0/main_gate is placed overlapping with other cells at {{296.340 297.360} {298.980 302.400}}. (ZRT-763)
GR Routing Service: Started IMRD 
GR Routing Service: ndmAttrDef 'usr_tmng_crit' created with default value 0 
GR Routing Service: ndmAttrDef 'rted_by_minDly' created with default value 0 
GR Routing Service: ndmAttrDef 'port_subnet_crit_blkConn' created with default value 0 
GR Routing Service: ndmAttrDef 'port_subnet_crit_blkPort' created with default value 0 
Loading timing information to the router ...
Design  Scenario default (Mode default Corner default)
Timing information loaded to the router.
GR Routing Service: Setting costIdx to 3 
GR Routing Service: rebuildCongmap: itr = 3 
Number of partitions: 1 (1 x 1)
Size of partitions: 85 gCells x 85 gCells
Average gCell capacity  2.24	 on layer (1)	 METAL1
Average gCell capacity  6.67	 on layer (2)	 METAL2
Average gCell capacity  8.98	 on layer (3)	 METAL3
Average gCell capacity  7.65	 on layer (4)	 METAL4
Average gCell capacity  8.25	 on layer (5)	 METAL5
Average gCell capacity  5.31	 on layer (6)	 METAL6
Average number of tracks per gCell 9.01	 on layer (1)	 METAL1
Average number of tracks per gCell 7.67	 on layer (2)	 METAL2
Average number of tracks per gCell 9.01	 on layer (3)	 METAL3
Average number of tracks per gCell 7.67	 on layer (4)	 METAL4
Average number of tracks per gCell 8.27	 on layer (5)	 METAL5
Average number of tracks per gCell 5.33	 on layer (6)	 METAL6
Number of gCells = 43350
Number of partitions: 1 (1 x 1)
Size of partitions: 85 gCells x 85 gCells
[updNetsDmd] Elapsed real time: 0:00:00 
[updNetsDmd] Elapsed cpu  time: sys=0:00:00 usr=0:00:00 total=0:00:00
Created 8 thread routing service with costIdx = 3. (tbbMode 0)
GR Routing Service: Setting costIdx to 1 
rtapi Thread-server 5: startup 
rtapi Thread-server 1: startup 
rtapi Thread-server 0: startup 
rtapi Thread-server 3: startup 
rtapi Thread-server 2: startup 
rtapi Thread-server 6: startup 
rtapi Thread-server 4: startup 
rtapi Thread-server 7: startup 

************************************************************
* CTS STEP: Initial DRC fixing
************************************************************

[cto] Starting InitDrc.1
START_FUNC: cto:InitDrc.1      CPU:    139 s ( 0.04 hr) ELAPSE:     80 s ( 0.02 hr) MEM-PEAK:  2147 Mb Fri Sep 18 20:21:27 2026
start cto; name: sar_digi_paper_core; type: design; tot_drc_vio: 0; buf_ct: 30; buf_area: 1184.198400; cell_area: 1743.033600
start cto; name: default:clk; type: clock; latency: 0.611362; gskew: 0.468826; tot_drc_vio: 0; wtran: 0.000000; wcap: 0.000000; buf_ct: 30; buf_area: 1184.198400; cell_area: 1716.422400
start cto; name: default:dec_clk; type: clock; latency: 0.307426; gskew: 0.307198; tot_drc_vio: 0; wtran: 0.000000; wcap: 0.000000; buf_ct: 0; buf_area: 0.000000; cell_area: 26.611200
-------------------------------------------------------------
Optimizing clock tree DRC
clock: dec_clk mode: default root: dec_clk
clock: clk mode: default root: clk
Clock QoR Before DRC Optimization:
Clock: dec_clk, Mode: default, Root: dec_clk
Information: CTS QoR Pre Initial DRC Fixing: GlobalSkew = 0.3072; ID = 0.3074; NetsWithDRC = 0; Worst Tran/Cap cost = 0.0000/0.0000; ClockBufCount = 0; ClockBufArea = 0.0000; ClockCellArea = 26.6112; ClockWireLen = 230.7000; Clock = dec_clk; Mode = default; Corner = default; ClockRoot = dec_clk. (CTS-037)
Clock: clk, Mode: default, Root: clk
Information: CTS QoR Pre Initial DRC Fixing: GlobalSkew = 0.4688; ID = 0.6114; NetsWithDRC = 0; Worst Tran/Cap cost = 0.0000/0.0000; ClockBufCount = 30; ClockBufArea = 1184.1984; ClockCellArea = 1716.4224; ClockWireLen = 17305.8100; Clock = clk; Mode = default; Corner = default; ClockRoot = clk. (CTS-037)

Begin Pre-Opt Drc Fixing
Starting multithread based drc fixing Pre opt drc fixing
Iteration 1 (effort: high)
Iteration 2 (effort: high)

    Optimization Summary 		

-------------------------------------------------

	# Drivers Attempted               =          0
	# Skipped during isValid and estimate          =          0
	# Failed subgraph evaluation           =          0
	# Failed main graph committ          =          0
	# Successful main graph commit      =          0
	# NumCTCells changed               =          0


	# Total CPU time                  = 00h:00m:00s
	# Total elapsed time              = 00h:00m:00s
	# Flow total speed up             =     0.9675

-------------------------------------------------

HARNESS Summary: 
	Margin used: 0.005

Pre-Opt drc fixing cpu time 00:00:00.22u 00:00:00.00s 00:00:00.22e: 
Clock QoR After Pre-Opt Drc Fixing:
Clock: dec_clk, Mode: default, Root: dec_clk
Information: CTS QoR Post Initial DRC Fixing: GlobalSkew = 0.3072; ID = 0.3074; NetsWithDRC = 0; Worst Tran/Cap cost = 0.0000/0.0000; ClockBufCount = 0; ClockBufArea = 0.0000; ClockCellArea = 26.6112; ClockWireLen = 230.7000; Clock = dec_clk; Mode = default; Corner = default; ClockRoot = dec_clk. (CTS-037)
Clock: clk, Mode: default, Root: clk
Information: CTS QoR Post Initial DRC Fixing: GlobalSkew = 0.4688; ID = 0.6114; NetsWithDRC = 0; Worst Tran/Cap cost = 0.0000/0.0000; ClockBufCount = 30; ClockBufArea = 1184.1984; ClockCellArea = 1716.4224; ClockWireLen = 17305.8100; Clock = clk; Mode = default; Corner = default; ClockRoot = clk. (CTS-037)
The elapsed time for optimization of clock tree is 0 hr : 0 min : 0.24 sec, cpu time is 0 hr : 0 min : 0.28 sec.
Information: The run time for Initial DRC fixing is 0 hr : 0 min : 0.24 sec, cpu time is 0 hr : 0 min : 0.30 sec. (CTS-104)
END_FUNC: cto:InitDrc.1        CPU:    139 s ( 0.04 hr) ELAPSE:     80 s ( 0.02 hr) MEM-PEAK:  2147 Mb Fri Sep 18 20:21:27 2026
end cto:InitDrc.1; cpu_time: 139; elapsed_time: 80; curr_mem: 1310; peak_mem: 2147
[cto] Finished InitDrc.1: PASS

************************************************************
* CTS STEP: Path-based global latency and skew optimization
************************************************************

[cto] Starting GLS.1
START_FUNC: cto:GLS.1          CPU:    139 s ( 0.04 hr) ELAPSE:     80 s ( 0.02 hr) MEM-PEAK:  2147 Mb Fri Sep 18 20:21:27 2026
No corner selected from constraint nor user primary corner
Selecting clock dec_clk mode default corner:  default	
No corner selected from constraint nor user primary corner
Selecting clock clk mode default corner:  default	
-------------------------------------------------------------
Optimizing clock tree global latency and skew
clock: dec_clk mode: default root: dec_clk
clock: clk mode: default root: clk
Clock QoR Before Global latency and skew opt:
Clock: dec_clk, Mode: default, Root: dec_clk
Information: CTS QoR Pre Optimization: GlobalSkew = 0.3072; ID = 0.3074; NetsWithDRC = 0; Worst Tran/Cap cost = 0.0000/0.0000; ClockBufCount = 0; ClockBufArea = 0.0000; ClockCellArea = 26.6112; ClockWireLen = 230.7000; Clock = dec_clk; Mode = default; Corner = default; ClockRoot = dec_clk. (CTS-037)
Clock: clk, Mode: default, Root: clk
Information: CTS QoR Pre Optimization: GlobalSkew = 0.4688; ID = 0.6114; NetsWithDRC = 0; Worst Tran/Cap cost = 0.0000/0.0000; ClockBufCount = 30; ClockBufArea = 1184.1984; ClockCellArea = 1716.4224; ClockWireLen = 17305.8100; Clock = clk; Mode = default; Corner = default; ClockRoot = clk. (CTS-037)

Begin Global Latency and Skew Optimization
Starting multithread based global latency and skew optimization
START_FUNC: CTSSC GLS phase    CPU:    140 s ( 0.04 hr) ELAPSE:     80 s ( 0.02 hr) MEM-PEAK:  2147 Mb Fri Sep 18 20:21:27 2026

    Optimization Summary 		

-------------------------------------------------

	# Drivers Attempted               =          7
	# Skipped during isValid and estimate          =          0
	# Failed subgraph evaluation           =          5
	# Failed main graph committ          =          0
	# Successful main graph commit      =          2
	# Subgraph evaluation success rate in percent =     0.2857
	# Sg2Main acceptance ratio in percent      =     1.0000
	# NumCTCells changed               =          2

	# Accepted      buffering moves =        2

	# Total CPU time                  = 00h:00m:00s
	# Total elapsed time              = 00h:00m:00s
	# Flow total speed up             =     1.7045
	# Commit CPU time                 = 00h:00m:00s
	# Commit elapsed time             = 00h:00m:00s
	# Commit speed up                 =     3.0584
	# Generator CPU time              = 00h:00m:00s
	# Generator elapsed time          = 00h:00m:00s
	# Generator speed up              =     3.9475
	# Sg CPU time                     = 00h:00m:00s
	# Sg elapsed time                 = 00h:00m:00s
	# Sg speed up                     =     1.5986
	# The rest of flow speed up       =     1.6610

-------------------------------------------------


    Optimization Summary 		

-------------------------------------------------

	# Drivers Attempted               =          0
	# Skipped during isValid and estimate          =          0
	# Failed subgraph evaluation           =          0
	# Failed main graph committ          =          0
	# Successful main graph commit      =          0
	# NumCTCells changed               =          0


	# Total CPU time                  = 00h:00m:00s
	# Total elapsed time              = 00h:00m:00s
	# Flow total speed up             =     2.0722

-------------------------------------------------

END_FUNC: CTSSC GLS phase      CPU:    140 s ( 0.04 hr) ELAPSE:     80 s ( 0.02 hr) MEM-PEAK:  2147 Mb Fri Sep 18 20:21:28 2026
Global latency and skew opt cpu time 00:00:00.50u 00:00:00.00s 00:00:00.29e: 
Clock QoR After Global latency and skew opt:
Clock: dec_clk, Mode: default, Root: dec_clk
Information: CTS QoR Post Network Flow Optimization: GlobalSkew = 0.1867; ID = 0.3071; NetsWithDRC = 0; Worst Tran/Cap cost = 0.0000/0.0000; ClockBufCount = 1; ClockBufArea = 23.2848; ClockCellArea = 49.8960; ClockWireLen = 251.4250; Clock = dec_clk; Mode = default; Corner = default; ClockRoot = dec_clk. (CTS-037)
Longest path:
  (0) 0.0003		0.0000		u_srm_residue/clk_gate_dec_ones_reg/main_gate/B
  (1) 0.3067		0.3064		u_srm_residue/clk_gate_dec_ones_reg/main_gate/Y
  (2) 0.3071		0.0004		u_srm_residue/dec_ones_reg[3]/CK
Shortest path:
  (0) 0.0002		0.0000		u_srm_residue/ctosc_gls_inst_1717/A
  (1) 0.1202		0.1200		u_srm_residue/ctosc_gls_inst_1717/Y
  (2) 0.1204		0.0002		u_srm_residue/go_tgl_s1_reg/CK
Clock: clk, Mode: default, Root: clk
Information: CTS QoR Post Network Flow Optimization: GlobalSkew = 0.4687; ID = 0.6104; NetsWithDRC = 0; Worst Tran/Cap cost = 0.0000/0.0000; ClockBufCount = 31; ClockBufArea = 1217.4624; ClockCellArea = 1749.6864; ClockWireLen = 17485.8850; Clock = clk; Mode = default; Corner = default; ClockRoot = clk. (CTS-037)
Longest path:
  (0) 0.0094		0.0000		u_calib_ctrl/ZCTSBUF_1453_1391/A
  (1) 0.1721		0.1627		u_calib_ctrl/ZCTSBUF_1453_1391/Y
  (2) 0.1849		0.0128		u_calib_ctrl/clk_gate_shadow_weights_reg[13]/main_gate/B
  (3) 0.4097		0.2248		u_calib_ctrl/clk_gate_shadow_weights_reg[13]/main_gate/Y
  (4) 0.4097		0.0000		u_calib_ctrl/ZCTSBUF_251_1374/A
  (5) 0.6036		0.1939		u_calib_ctrl/ZCTSBUF_251_1374/Y
  (6) 0.6104		0.0068		u_calib_ctrl/shadow_weights_reg[13][22]/CK
Shortest path:
  (0) 0.0058		0.0000		ZCTSBUF_5981_1396/A
  (1) 0.1394		0.1336		ZCTSBUF_5981_1396/Y
  (2) 0.1417		0.0023		raw_code_valid_o_reg/CK
The elapsed time for optimization of clock tree is 0 hr : 0 min : 0.31 sec, cpu time is 0 hr : 0 min : 0.57 sec.
Information: The run time for Path-based global latency and skew optimization is 0 hr : 0 min : 0.31 sec, cpu time is 0 hr : 0 min : 0.57 sec. (CTS-104)
END_FUNC: cto:GLS.1            CPU:    140 s ( 0.04 hr) ELAPSE:     80 s ( 0.02 hr) MEM-PEAK:  2147 Mb Fri Sep 18 20:21:28 2026
end cto:GLS.1; cpu_time: 140; elapsed_time: 80; curr_mem: 1356; peak_mem: 2147
[cto] Finished GLS.1: PASS

************************************************************
* CTS STEP: Area recovery
************************************************************

[cto] Starting AR.1
START_FUNC: cto:AR.1           CPU:    140 s ( 0.04 hr) ELAPSE:     80 s ( 0.02 hr) MEM-PEAK:  2147 Mb Fri Sep 18 20:21:28 2026
No corner selected from constraint nor user primary corner
Selecting clock dec_clk mode default corner:  default	
No corner selected from constraint nor user primary corner
Selecting clock clk mode default corner:  default	
-------------------------------------------------------------
Optimizing clock tree area
clock: dec_clk mode: default root: dec_clk
clock: clk mode: default root: clk
Starting multithread based area recovery and subtree balancing
Iteration 2 (effort: low)

    Optimization Summary 		

-------------------------------------------------

	# Drivers Attempted               =        118
	# Skipped during isValid and estimate          =          0
	# Failed subgraph evaluation           =         82
	# Failed main graph committ          =          0
	# Successful main graph commit      =         36
	# Subgraph evaluation success rate in percent =     0.3051
	# Sg2Main acceptance ratio in percent      =     1.0000
	# NumCTCells changed               =        -12

	# Accepted        removal moves =       12
	# Accepted         sizing moves =       24

	# Total CPU time                  = 00h:00m:02s
	# Total elapsed time              = 00h:00m:00s
	# Flow total speed up             =     3.1145
	# Commit CPU time                 = 00h:00m:00s
	# Commit elapsed time             = 00h:00m:00s
	# Commit speed up                 =     3.0543
	# Generator CPU time              = 00h:00m:00s
	# Generator elapsed time          = 00h:00m:00s
	# Generator speed up              =     0.9734
	# Sg CPU time                     = 00h:00m:01s
	# Sg elapsed time                 = 00h:00m:00s
	# Sg speed up                     =     3.3103
	# The rest of flow speed up       =     3.1278

-------------------------------------------------

Clock QoR After Area Recovery and Subtree Balancing:
Clock: dec_clk, Mode: default, Root: dec_clk
Information: CTS QoR Post Area Recovery Resizing: GlobalSkew = 0.0851; ID = 0.3071; NetsWithDRC = 0; Worst Tran/Cap cost = 0.0000/0.0000; ClockBufCount = 1; ClockBufArea = 13.3056; ClockCellArea = 39.9168; ClockWireLen = 251.4250; Clock = dec_clk; Mode = default; Corner = default; ClockRoot = dec_clk. (CTS-037)
Clock: clk, Mode: default, Root: clk
Information: CTS QoR Post Area Recovery Resizing: GlobalSkew = 0.4565; ID = 0.6102; NetsWithDRC = 0; Worst Tran/Cap cost = 0.0000/0.0000; ClockBufCount = 19; ClockBufArea = 568.8144; ClockCellArea = 1124.3232; ClockWireLen = 17308.6250; Clock = clk; Mode = default; Corner = default; ClockRoot = clk. (CTS-037)
Area recovery and subtree balancing cpu time 00:00:02.12u 00:00:00.00s 00:00:00.71e: 
The elapsed time for optimization of clock tree is 0 hr : 0 min : 0.71 sec, cpu time is 0 hr : 0 min : 2.12 sec.
Information: The run time for Area recovery is 0 hr : 0 min : 0.71 sec, cpu time is 0 hr : 0 min : 2.12 sec. (CTS-104)
END_FUNC: cto:AR.1             CPU:    142 s ( 0.04 hr) ELAPSE:     81 s ( 0.02 hr) MEM-PEAK:  2147 Mb Fri Sep 18 20:21:28 2026
end cto:AR.1; cpu_time: 142; elapsed_time: 81; curr_mem: 1388; peak_mem: 2147
[cto] Finished AR.1: PASS

************************************************************
* CTS STEP: Final DRC fixing
************************************************************

[cto] Starting PostDrc.1
START_FUNC: cto:PostDrc.1      CPU:    142 s ( 0.04 hr) ELAPSE:     81 s ( 0.02 hr) MEM-PEAK:  2147 Mb Fri Sep 18 20:21:28 2026
-------------------------------------------------------------
Optimizing clock tree DRC
clock: dec_clk mode: default root: dec_clk
clock: clk mode: default root: clk
Clock QoR Before DRC Optimization:
Clock: dec_clk, Mode: default, Root: dec_clk
Information: CTS QoR Pre Final DRC Fixing: GlobalSkew = 0.0851; ID = 0.3071; NetsWithDRC = 0; Worst Tran/Cap cost = 0.0000/0.0000; ClockBufCount = 1; ClockBufArea = 13.3056; ClockCellArea = 39.9168; ClockWireLen = 251.4250; Clock = dec_clk; Mode = default; Corner = default; ClockRoot = dec_clk. (CTS-037)
Clock: clk, Mode: default, Root: clk
Information: CTS QoR Pre Final DRC Fixing: GlobalSkew = 0.4565; ID = 0.6102; NetsWithDRC = 0; Worst Tran/Cap cost = 0.0000/0.0000; ClockBufCount = 19; ClockBufArea = 568.8144; ClockCellArea = 1124.3232; ClockWireLen = 17308.6250; Clock = clk; Mode = default; Corner = default; ClockRoot = clk. (CTS-037)

Begin Post-Opt Drc Fixing
Starting multithread based drc fixing Post opt drc fixing
START_FUNC: CTSSC DRC phase    CPU:    142 s ( 0.04 hr) ELAPSE:     81 s ( 0.02 hr) MEM-PEAK:  2147 Mb Fri Sep 18 20:21:28 2026

    Optimization Summary 		

-------------------------------------------------

	# Drivers Attempted               =          0
	# Skipped during isValid and estimate          =          0
	# Failed subgraph evaluation           =          0
	# Failed main graph committ          =          0
	# Successful main graph commit      =          0
	# NumCTCells changed               =          0


	# Total CPU time                  = 00h:00m:00s
	# Total elapsed time              = 00h:00m:00s
	# Flow total speed up             =     0.9616

-------------------------------------------------

END_FUNC: CTSSC DRC phase      CPU:    142 s ( 0.04 hr) ELAPSE:     81 s ( 0.02 hr) MEM-PEAK:  2147 Mb Fri Sep 18 20:21:28 2026
Post-Opt drc fixing cpu time 00:00:00.01u 00:00:00.00s 00:00:00.01e: 
Clock QoR After Post-Opt Drc Fixing:
Clock: dec_clk, Mode: default, Root: dec_clk
Information: CTS QoR Post Final DRC Fixing: GlobalSkew = 0.0851; ID = 0.3071; NetsWithDRC = 0; Worst Tran/Cap cost = 0.0000/0.0000; ClockBufCount = 1; ClockBufArea = 13.3056; ClockCellArea = 39.9168; ClockWireLen = 251.4250; Clock = dec_clk; Mode = default; Corner = default; ClockRoot = dec_clk. (CTS-037)
Clock: clk, Mode: default, Root: clk
Information: CTS QoR Post Final DRC Fixing: GlobalSkew = 0.4565; ID = 0.6102; NetsWithDRC = 0; Worst Tran/Cap cost = 0.0000/0.0000; ClockBufCount = 19; ClockBufArea = 568.8144; ClockCellArea = 1124.3232; ClockWireLen = 17308.6250; Clock = clk; Mode = default; Corner = default; ClockRoot = clk. (CTS-037)
The elapsed time for optimization of clock tree is 0 hr : 0 min : 0.03 sec, cpu time is 0 hr : 0 min : 0.09 sec.
Information: The run time for Final DRC fixing is 0 hr : 0 min : 0.03 sec, cpu time is 0 hr : 0 min : 0.09 sec. (CTS-104)
END_FUNC: cto:PostDrc.1        CPU:    142 s ( 0.04 hr) ELAPSE:     81 s ( 0.02 hr) MEM-PEAK:  2147 Mb Fri Sep 18 20:21:28 2026
end cto:PostDrc.1; cpu_time: 142; elapsed_time: 81; curr_mem: 1388; peak_mem: 2147
[cto] Finished PostDrc.1: PASS
[cto] Starting CtoAppOptionReset.1
START_FUNC: cto:CtoAppOptionReset.1 CPU:    142 s ( 0.04 hr) ELAPSE:     81 s ( 0.02 hr) MEM-PEAK:  2147 Mb Fri Sep 18 20:21:28 2026
END_FUNC: cto:CtoAppOptionReset.1 CPU:    142 s ( 0.04 hr) ELAPSE:     81 s ( 0.02 hr) MEM-PEAK:  2147 Mb Fri Sep 18 20:21:28 2026
end cto:CtoAppOptionReset.1; cpu_time: 142; elapsed_time: 81; curr_mem: 1388; peak_mem: 2147
[cto] Finished CtoAppOptionReset.1: PASS

************************************************************
* CTS STEP: Local skew optimization
************************************************************

[cto] Starting SolverBasedCto.1
START_FUNC: cto:SolverBasedCto.1 CPU:    142 s ( 0.04 hr) ELAPSE:     81 s ( 0.02 hr) MEM-PEAK:  2147 Mb Fri Sep 18 20:21:28 2026
Information: The stitching and editing of coupling caps is turned OFF for design 'sar16_pnr_paper_core:sar_digi_paper_core.design'. (TIM-125)
Information: Update timing completed net estimation for all the timing graph nets (TIM-111)
Information: Net estimation statistics: timing graph nets = 3843, routed nets = 62, across physical hierarchy nets = 0, parasitics cached nets = 62, delay annotated nets = 0, parasitics annotated nets = 0, multi-voltage nets = 0. (TIM-112)

Mode:default          Latency(early)   Latency(late)
Clock        Updated   rise    fall    rise    fall   Corner
------------------------------------------------------------
clk          Yes     0.5822  0.2057  0.5822  0.2057   default
dec_clk      Yes     0.2455  0.2219  0.2455  0.2219   default

Information: The stitching and editing of coupling caps is turned OFF for design 'sar16_pnr_paper_core:sar_digi_paper_core.design'. (TIM-125)
Information: Design Average RC for design sar_digi_paper_core  (NEX-011)
Information: r = 0.279031 ohm/um, via_r = 5.000000 ohm/cut, c = 0.481803 ff/um, cc = 0.000000 ff/um (X dir) (NEX-017)
Information: r = 0.240639 ohm/um, via_r = 5.000000 ohm/cut, c = 0.197872 ff/um, cc = 0.000000 ff/um (Y dir) (NEX-017)
Information: Update timing completed net estimation for all the timing graph nets (TIM-111)
Information: Net estimation statistics: timing graph nets = 3843, routed nets = 62, across physical hierarchy nets = 0, parasitics cached nets = 3843, delay annotated nets = 0, parasitics annotated nets = 0, multi-voltage nets = 0. (TIM-112)
Clock: dec_clk, Mode: default, Root: dec_clk
Information: CTS QoR Pre Local Skew Optimization: GlobalSkew = nan; ID = nan; NetsWithDRC = 0; Worst Tran/Cap cost = 0.0000/0.0000; ClockBufCount = 1; ClockBufArea = 13.3056; ClockCellArea = 39.9168; ClockWireLen = 251.4250; Clock = dec_clk; Mode = default; Corner = default; ClockRoot = dec_clk. (CTS-037)
Clock: clk, Mode: default, Root: clk
Information: CTS QoR Pre Local Skew Optimization: GlobalSkew = nan; ID = nan; NetsWithDRC = 0; Worst Tran/Cap cost = 0.0000/0.0000; ClockBufCount = 19; ClockBufArea = 568.8144; ClockCellArea = 1124.3232; ClockWireLen = 17308.6250; Clock = clk; Mode = default; Corner = default; ClockRoot = clk. (CTS-037)
CCD MOO settings for (cto1, last_qor_strategy): 4 engines
    Engine R2R_TNS has 7 objectives, 3 enabled moves, iterationLimit = 1, solverType = CG_LP, estimateFanoutPower = 0, mergeIOWithR2R = 1, areaOnly = 0, useOldEngine = 0, preponeOpt = 1
                tns300Cutoff = 300, capAllowance = 1.600000, cgccdScaleBack = 5, powerccdScaleBack = 0, needTrialSeedGeneration = 0, drcMargin = 0.000000, commitOneByOne = 0
            R2R_TNS: priority 10, weight 10.000000, degradationPercentAllowed 0.010000, step back 0.090000, isTargeted 1, isMaximize 1
            HOLD_TNS: priority 20, weight 5.000000, degradationPercentAllowed 0.050000, step back 0.050000, isTargeted 1, isMaximize 1
            NONE_POWER: priority 30, weight 1.000000, degradationPercentAllowed 0.005000, step back 0.050000, isTargeted 1, isMaximize 0
            R2R_WNS: priority 50, weight 5.000000, degradationPercentAllowed 0.050000, step back 0.050000, isTargeted 1, isMaximize 1
            HOLD_WNS: priority 60, weight 5.000000, degradationPercentAllowed 0.050000, step back 0.050000, isTargeted 0, isMaximize 1
            IO_TNS: priority 70, weight 1.000000, degradationPercentAllowed 0.050000, step back 0.050000, isTargeted 0, isMaximize 1
            NONE_TOTAL_OFFSET: priority 99, weight 1.000000, degradationPercentAllowed nan, step back 0.050000, isTargeted 0, isMaximize 1
        Moves enabled: SIZE_CLOCK_TIMING, BUFFER_REMOVAL_CLOCK_TIMING, REPARENTING_CLOCK_TIMING, 
    Engine HOLD_TNS has 8 objectives, 2 enabled moves, iterationLimit = 1, solverType = CG_LP, estimateFanoutPower = 0, mergeIOWithR2R = 1, areaOnly = 0, useOldEngine = 0, preponeOpt = 0
                tns300Cutoff = 300, capAllowance = 1.600000, cgccdScaleBack = 5, powerccdScaleBack = 0, needTrialSeedGeneration = 0, drcMargin = 0.000000, commitOneByOne = 0
            HOLD_TNS: priority 10, weight 2.000000, degradationPercentAllowed 0.010000, step back 0.090000, isTargeted 1, isMaximize 1
            R2R_TNS: priority 20, weight 2.000000, degradationPercentAllowed 0.025000, step back 0.050000, isTargeted 1, isMaximize 1
            NONE_POWER: priority 30, weight 1.000000, degradationPercentAllowed 0.004000, step back 0.050000, isTargeted 1, isMaximize 0
            NONE_BUFFER_COUNT: priority 40, weight 5.000000, degradationPercentAllowed 0.005000, step back 0.100000, isTargeted 1, isMaximize 0
            R2R_WNS: priority 50, weight 1.000000, degradationPercentAllowed 0.010000, step back 0.050000, isTargeted 1, isMaximize 1
            HOLD_WNS: priority 60, weight 1.000000, degradationPercentAllowed 0.050000, step back 0.050000, isTargeted 0, isMaximize 1
            IO_TNS: priority 70, weight 1.000000, degradationPercentAllowed 0.050000, step back 0.050000, isTargeted 0, isMaximize 1
            NONE_TOTAL_OFFSET: priority 100, weight 1.000000, degradationPercentAllowed nan, step back 0.050000, isTargeted 0, isMaximize 1
        Moves enabled: SIZE_CLOCK_TIMING, BUFFER_CLOCK, 
    Engine R2R_TNS has 8 objectives, 2 enabled moves, iterationLimit = 1, solverType = CG_LP, estimateFanoutPower = 0, mergeIOWithR2R = 1, areaOnly = 0, useOldEngine = 0, preponeOpt = 0
                tns300Cutoff = 300, capAllowance = 1.600000, cgccdScaleBack = 5, powerccdScaleBack = 0, needTrialSeedGeneration = 1, drcMargin = 0.000000, commitOneByOne = 0
            R2R_TNS: priority 10, weight 10.000000, degradationPercentAllowed 0.010000, step back 0.090000, isTargeted 1, isMaximize 1
            HOLD_TNS: priority 20, weight 5.000000, degradationPercentAllowed 0.050000, step back 0.050000, isTargeted 1, isMaximize 1
            NONE_POWER: priority 30, weight 1.000000, degradationPercentAllowed 0.005000, step back 0.050000, isTargeted 1, isMaximize 0
            NONE_BUFFER_COUNT: priority 40, weight 5.000000, degradationPercentAllowed 0.005000, step back 0.100000, isTargeted 1, isMaximize 0
            R2R_WNS: priority 50, weight 5.000000, degradationPercentAllowed 0.050000, step back 0.050000, isTargeted 1, isMaximize 1
            HOLD_WNS: priority 60, weight 5.000000, degradationPercentAllowed 0.050000, step back 0.050000, isTargeted 0, isMaximize 1
            IO_TNS: priority 70, weight 1.000000, degradationPercentAllowed 0.050000, step back 0.050000, isTargeted 0, isMaximize 1
            NONE_TOTAL_OFFSET: priority 100, weight 1.000000, degradationPercentAllowed nan, step back 0.050000, isTargeted 0, isMaximize 1
          Objectives for trial seed generation: 
            R2R_TNS: priority 10, weight 10.000000, degradationPercentAllowed 0.010000, step back 0.070000, isTargeted 1, isMaximize 1
            NONE_BUFFER_COUNT: priority 20, weight 1.000000, degradationPercentAllowed 0.100000, step back 0.050000, isTargeted 1, isMaximize 0
            NONE_TOTAL_OFFSET: priority 30, weight 1.000000, degradationPercentAllowed nan, step back 0.050000, isTargeted 1, isMaximize 1
            R2R_WNS: priority 40, weight 5.000000, degradationPercentAllowed 0.010000, step back 0.050000, isTargeted 0, isMaximize 1
            HOLD_TNS: priority 50, weight 10.000000, degradationPercentAllowed 0.010000, step back 0.030000, isTargeted 0, isMaximize 1
            HOLD_WNS: priority 60, weight 1.000000, degradationPercentAllowed 0.010000, step back 0.030000, isTargeted 0, isMaximize 1
            IO_TNS: priority 70, weight 1.000000, degradationPercentAllowed 0.050000, step back 0.050000, isTargeted 0, isMaximize 1
        Moves enabled: SIZE_CLOCK_TIMING, BUFFER_CLOCK, 
    Engine NONE_POWER has 8 objectives, 2 enabled moves, iterationLimit = 1, solverType = CG_LP, estimateFanoutPower = 1, mergeIOWithR2R = 1, areaOnly = 0, useOldEngine = 0, preponeOpt = 0
                tns300Cutoff = 300, capAllowance = 100.000000, cgccdScaleBack = 5, powerccdScaleBack = 0, needTrialSeedGeneration = 0, drcMargin = 0.000000, commitOneByOne = 0
            NONE_POWER: priority 10, weight 20.000000, degradationPercentAllowed 0.005000, step back 0.050000, isTargeted 1, isMaximize 0
            NONE_BUFFER_COUNT: priority 20, weight 10.000000, degradationPercentAllowed 0.005000, step back 0.050000, isTargeted 1, isMaximize 0
            R2R_TNS: priority 30, weight 2.000000, degradationPercentAllowed 0.050000, step back 0.100000, isTargeted 1, isMaximize 1
            HOLD_TNS: priority 40, weight 1.000000, degradationPercentAllowed 0.000000, step back 0.050000, isTargeted 1, isMaximize 1
            R2R_WNS: priority 50, weight 1.000000, degradationPercentAllowed 0.005000, step back 0.050000, isTargeted 1, isMaximize 1
            HOLD_WNS: priority 60, weight 1.000000, degradationPercentAllowed 0.100000, step back 0.050000, isTargeted 0, isMaximize 1
            IO_TNS: priority 70, weight 1.000000, degradationPercentAllowed 0.050000, step back 0.050000, isTargeted 0, isMaximize 1
            NONE_TOTAL_OFFSET: priority 100, weight 1.000000, degradationPercentAllowed nan, step back 0.050000, isTargeted 0, isMaximize 1
        Moves enabled: SIZE_CLOCK_POWER, BUFFER_REMOVAL_CLOCK_POWER, 
DBG: ccdInfra::ccdInfra
Drc Mode Option: auto
CCD blasted path groups
DBG: ccdInfra::initAppOptions
DBG: ccdInfra::initCtsFixedBalancePins

CCD-Info: App options set by user
   No CCD app option is set.
CCD: using 8 threads
CTSSC route status detected: clock (VR 0, GR 2215, DR 0), data (VR 3781, GR 0, DR 0); stage = auto, isPostRoute = FALSE
Information: Activity propagation will be performed for scenario default.
Information: Doing activity propagation for mode 'default' and corner 'default' with effort level 'low'. (POW-024)
Information: Timer-derived activity data is cached on scenario default (POW-052)
Information: Running switching activity propagation with 8 threads!

 **** Information : No. of simulation cycles = 4 ****
Total power = 2.111094, Leakage = 0.003512, Internal = 1.133365, Switching = 0.974217
Information: 'default' is identified as primary corner for initial clock tree building. (CTS-103)

CCD: Initial QOR:
---------------------------------------------------------------------------------------------
 Design (setup) WNS = 0.282454, TNS = 0.000000, NVP = 0
 Design (hold) WNHS = -0.228279, TNHS = -0.605122, NHVP = 7

    Scenario default  WNS = 0.282454, TNS = 0.000000, NVP = 0
    Scenario default  WNHS = -0.228279, TNHS = -0.605122, NHVP = 7
---------------------------------------------------------------------------------------------
CCD-QoR: Timing: WNS = 0.282, TNS = 0.000, NVP = 0, UNWEIGHTED_TNS = 0.000, WNHS = -0.228, TNHS = -0.605, NHVP = 7, UNWEIGHTED_TNHS = -0.605, R2R(wns=0.389675, tns=0.000000, nvp=0)
 All scenarios used by CCD
    scenario 0: default , isDynamicPower, isLeakagePower, isMaxTran, isMaxCap
          mode: default, id = 0
          corner: default, id = 0
          isSetup: wns = 0.282454, unweighted tns = 0.000000
          isHold: wns = -0.228279, unweighted tns = -0.605122

Enable clock slack update

    Optimization Summary 		

-------------------------------------------------

  # Seeds generated                              1
  # Valid linear regressions                     1
  # Seeds with valid budget                      1
  # Seeds with accepted implementation           1
  # NumCTCells changed                           0

  # Number of cells sized                        1
  # Number of cells added                        0
  # Number of cells removed                      0
  # Number of cells relocated                    0
  # Number of cells flipped rotated              0

  # Total CPU time                               00h:00m:00s
  # Total elapsed time                           00h:00m:00s
  # Flow total speed up                          3.495687
  # Init lazy tns CPU time                       00h:00m:00s
  # Init lazy tns elapsed time                   00h:00m:00s
  # Init lazy tns speed up                       3.651112
  # Seed generation CPU time                     00h:00m:00s
  # Seed generation elapsed time                 00h:00m:00s
  # Seed generation speed up                     1.253735
  # Linear regression CPU time                   00h:00m:00s
  # Linear regression elapsed time               00h:00m:00s
  # Linear regression speed up                   2.463507
  # LP solver CPU time                           00h:00m:00s
  # LP solver elapsed time                       00h:00m:00s
  # LP solver speed up                           2.096407
  # Breakdown of elapsed runtime for solver:     
     Lazy model initializations:                 98.00%
     Prepare moo/get initial QOR:                0.63%
     Commit/annotate budget:                     0.00%
     Solve runtime: 1.29% of which 0.95% is incremental-LP runtime
     Other:                                      0.08%
  # Sg implementation CPU time                   00h:00m:00s
  # Sg implementation elapsed time               00h:00m:00s
  # Sg speed up                                  2.684495
  # Commit CPU time                              00h:00m:00s
  # Commit elapsed time                          00h:00m:00s
  # Commit speed up                              6.893900

-------------------------------------------------


CCD: After FMAX optimization:cto1_HOLD_TNS1
---------------------------------------------------------------------------------------------
 Design (setup) WNS = 0.282454, TNS = 0.000000, NVP = 0
 Design (hold) WNHS = -0.229099, TNHS = -0.413334, NHVP = 4

    Scenario default  WNS = 0.282454, TNS = 0.000000, NVP = 0
    Scenario default  WNHS = -0.229099, TNHS = -0.413334, NHVP = 4
---------------------------------------------------------------------------------------------
CCD-QoR: Timing: WNS = 0.282, TNS = 0.000, NVP = 0, UNWEIGHTED_TNS = 0.000, WNHS = -0.229, TNHS = -0.413, NHVP = 4, UNWEIGHTED_TNHS = -0.413, R2R(wns=0.389675, tns=0.000000, nvp=0)

    Optimization Summary 		

-------------------------------------------------

  # Seeds generated                              3
  # Valid linear regressions                     3
  # Seeds with valid budget                      2
  # Seeds with accepted implementation           2
  # NumCTCells changed                           0

  # Number of cells sized                        2
  # Number of cells added                        0
  # Number of cells removed                      0
  # Number of cells relocated                    0
  # Number of cells flipped rotated              0

  # Total CPU time                               00h:00m:00s
  # Total elapsed time                           00h:00m:00s
  # Flow total speed up                          3.633079
  # Init lazy tns CPU time                       00h:00m:00s
  # Init lazy tns elapsed time                   00h:00m:00s
  # Init lazy tns speed up                       5.132458
  # Seed generation CPU time                     00h:00m:00s
  # Seed generation elapsed time                 00h:00m:00s
  # Seed generation speed up                     2.947289
  # Linear regression CPU time                   00h:00m:00s
  # Linear regression elapsed time               00h:00m:00s
  # Linear regression speed up                   2.011538
  # LP solver CPU time                           00h:00m:00s
  # LP solver elapsed time                       00h:00m:00s
  # LP solver speed up                           1.871377
  # Breakdown of elapsed runtime for solver:     
     Lazy model initializations:                 91.92%
     Prepare moo/get initial QOR:                5.64%
     Commit/annotate budget:                     0.00%
     Solve runtime: 2.21% of which 1.37% is incremental-LP runtime
     Other:                                      0.23%
  # Sg implementation CPU time                   00h:00m:00s
  # Sg implementation elapsed time               00h:00m:00s
  # Sg speed up                                  1.892230
  # Commit CPU time                              00h:00m:00s
  # Commit elapsed time                          00h:00m:00s
  # Commit speed up                              6.855378

-------------------------------------------------


CCD: After FMAX optimization:cto1_NONE_POWER3
---------------------------------------------------------------------------------------------
 Design (setup) WNS = 0.282454, TNS = 0.000000, NVP = 0
 Design (hold) WNHS = -0.229233, TNHS = -0.410351, NHVP = 3

    Scenario default  WNS = 0.282454, TNS = 0.000000, NVP = 0
    Scenario default  WNHS = -0.229233, TNHS = -0.410351, NHVP = 3
---------------------------------------------------------------------------------------------
CCD-QoR: Timing: WNS = 0.282, TNS = 0.000, NVP = 0, UNWEIGHTED_TNS = 0.000, WNHS = -0.229, TNHS = -0.410, NHVP = 3, UNWEIGHTED_TNHS = -0.410, R2R(wns=0.389675, tns=0.000000, nvp=0)
Mark clock trees...
Marking clock synthesized attributes

Marking spacing rules

Clock cell spacing rule list:
   No clock cell spacing rule is found.
CCD unblasted path groups
Clock: dec_clk, Mode: default, Root: dec_clk
Information: CTS QoR Post Local Skew Optimization: GlobalSkew = nan; ID = nan; NetsWithDRC = 0; Worst Tran/Cap cost = 0.0000/0.0000; ClockBufCount = 1; ClockBufArea = 13.3056; ClockCellArea = 39.9168; ClockWireLen = 251.4250; Clock = dec_clk; Mode = default; Corner = default; ClockRoot = dec_clk. (CTS-037)
Clock: clk, Mode: default, Root: clk
Information: CTS QoR Post Local Skew Optimization: GlobalSkew = nan; ID = nan; NetsWithDRC = 0; Worst Tran/Cap cost = 0.0000/0.0000; ClockBufCount = 19; ClockBufArea = 545.5296; ClockCellArea = 1101.0385; ClockWireLen = 17308.6250; Clock = clk; Mode = default; Corner = default; ClockRoot = clk. (CTS-037)
Information: The run time for Local skew optimization is 0 hr : 0 min : 0.87 sec, cpu time is 0 hr : 0 min : 3.93 sec. (CTS-104)
END_FUNC: cto:SolverBasedCto.1 CPU:    146 s ( 0.04 hr) ELAPSE:     82 s ( 0.02 hr) MEM-PEAK:  2147 Mb Fri Sep 18 20:21:29 2026
end cto:SolverBasedCto.1; cpu_time: 146; elapsed_time: 82; curr_mem: 1396; peak_mem: 2147
[cto] Finished SolverBasedCto.1: PASS
rtapi Thread-server 4: shutdown 
rtapi Thread-server 5: shutdown 
rtapi Thread-server 6: shutdown 
rtapi Thread-server 1: shutdown 
rtapi Thread-server 2: shutdown 
rtapi Thread-server 7: shutdown 
rtapi Thread-server 3: shutdown 
rtapi Thread-server 0: shutdown 

No. startProblems      =   132 

No. doRoutes           =   172 
No. doUnroutes         =   164 
No. redoRoutes         =     4 
No. redoUnroutes       =     2 
No. undoRoutes         =   160 
No. undoUnroutes       =   140 
No. commitRoutes       =    16 
No. commitUnroutes     =    26 
No. uncommitRoutes     =     0 
No. uncommitUnroutes   =     0 
No. doRoute fails      =     0 
No. doUnroute fails    =     0 

No. viaLadderQueries   =     0 
No. doDelVias          =     0 
No. doAddVias          =     0 
No. redoDelVias        =     0 
No. redoAddVias        =     0 
No. undoDelVias        =     0 
No. undoAddVias        =     0 
No. commitChangeVias   =     0 
No. uncommitChangeVias =     0 
No. doDelVias fails    =     0 
No. doAddVias fails    =     0 

Updating congestion ...
Updating congestion ...
GR Routing Service: Wrote GR congmap to NDM 
Information: The netlist change observers are enabled for incremental timing updates. (TIM-120)
Information: The netlist change observers are enabled for incremental extraction. (TIM-127)
Information: The net parasitics of block sar_digi_paper_core are cleared. (TIM-123)
Cell Min-Routing-Layer = METAL1
Cell Max-Routing-Layer = METAL6
Turn off antenna since no rule is specified
Information: Option route.detail.force_end_on_preferred_grid will be ignored since none of the layers have preferred grid. (ZRT-703)
Info: number of net_type_blockage: 0 
Information: Via ladder engine would be activated for pattern must join connection in certain commands. Please refer to man-page for the command list. (ZRT-619)
Warning: Port  VSS at {{165.660,427.305} {178.200,428.800}} is out of boundary. Cannot be routed. (ZRT-720)
Warning: Port  VSS at {{305.580,427.825} {310.860,428.800}} is out of boundary. Cannot be routed. (ZRT-720)
Warning: Port  VDD at {{382.140,-0.400} {390.720,0.950}} is out of boundary. Cannot be routed. (ZRT-720)
Warning: Port  VSS at {{276.540,427.825} {281.820,428.800}} is out of boundary. Cannot be routed. (ZRT-720)
Warning: Port  VSS at {{292.380,426.945} {295.020,428.800}} is out of boundary. Cannot be routed. (ZRT-720)
Warning: Port  VDD at {{215.160,-0.400} {221.100,1.275}} is out of boundary. Cannot be routed. (ZRT-720)
Warning: Port  VDD at {{225.720,-0.400} {231.660,1.275}} is out of boundary. Cannot be routed. (ZRT-720)
Warning: Port  VDD at {{209.220,-0.400} {213.180,0.575}} is out of boundary. Cannot be routed. (ZRT-720)
Warning: Port  VSS at {{297.000,427.825} {299.640,428.800}} is out of boundary. Cannot be routed. (ZRT-720)
Warning: Port  VSS at {{287.100,427.825} {289.740,428.800}} is out of boundary. Cannot be routed. (ZRT-720)
Skipping 30 ectangle_only route guides because they don't cover the design boundary in the layer's  preferred direction.
Information: When applicable Min-max layer allow_pin_connection mode will allow paths of length 6.70 outside the layer range. (ZRT-707)
Information: When applicable Min-max layer allow_pin_connection mode will allow paths of length 6.70 outside the layer range on clock nets. (ZRT-718)
Information: When applicable layer based tapering will taper up to 0.00 in distance from the pin. (ZRT-706)
Warning: Standard cell pin OAI22XL/Y has no valid via regions. (ZRT-044)
Warning: Standard cell pin AOI222X4/B1 has no valid via regions. (ZRT-044)
Warning: Standard cell pin NOR4BX1/C has no valid via regions. (ZRT-044)
Warning: Standard cell pin NOR4BX1/D has no valid via regions. (ZRT-044)
Warning: Standard cell pin AOI222X1/Y has no valid via regions. (ZRT-044)
Warning: Standard cell pin OAI22X1/Y has no valid via regions. (ZRT-044)
Warning: Standard cell pin OAI31X1/Y has no valid via regions. (ZRT-044)
Warning: Standard cell pin AOI21XL/Y has no valid via regions. (ZRT-044)
Warning: Standard cell pin AOI32XL/Y has no valid via regions. (ZRT-044)
Warning: Standard cell pin OAI21XL/Y has no valid via regions. (ZRT-044)
Warning: Standard cell pin NAND3X1/A has no valid via regions. (ZRT-044)
Warning: Standard cell pin ADDFXL/B has no valid via regions. (ZRT-044)
Warning: Standard cell pin NOR3XL/A has no valid via regions. (ZRT-044)
Warning: Standard cell pin DFFSXL/Q has no valid via regions. (ZRT-044)
Warning: Standard cell pin NAND4X1/A has no valid via regions. (ZRT-044)
Warning: Standard cell pin OAI2BB1XL/Y has no valid via regions. (ZRT-044)
Warning: Standard cell pin NOR3BX1/AN has no valid via regions. (ZRT-044)
Warning: Standard cell pin AND2XL/Y has no valid via regions. (ZRT-044)
Warning: Standard cell pin XNOR2X1/B has no valid via regions. (ZRT-044)
Warning: Standard cell pin XNOR2X1/Y has no valid via regions. (ZRT-044)
Warning: Standard cell pin INVX12/A has no valid via regions. (ZRT-044)
Warning: Standard cell pin NOR2X4/A has no valid via regions. (ZRT-044)
Warning: Standard cell pin NAND4X2/A has no valid via regions. (ZRT-044)
Warning: Standard cell pin NOR2X4/B has no valid via regions. (ZRT-044)
Warning: Standard cell pin NAND4X2/D has no valid via regions. (ZRT-044)
Warning: Standard cell pin NOR2BX2/Y has no valid via regions. (ZRT-044)
Warning: Standard cell pin ADDHXL/CO has no valid via regions. (ZRT-044)
Warning: Standard cell pin AOI22X2/A1 has no valid via regions. (ZRT-044)
Warning: Standard cell pin ADDHXL/S has no valid via regions. (ZRT-044)
Warning: Standard cell pin AOI22X2/Y has no valid via regions. (ZRT-044)
Warning: Standard cell pin NAND2X2/B has no valid via regions. (ZRT-044)
Warning: Standard cell pin NAND2X2/Y has no valid via regions. (ZRT-044)
Warning: Standard cell pin CLKBUFXL/Y has no valid via regions. (ZRT-044)
Warning: Standard cell pin ADDFX1/B has no valid via regions. (ZRT-044)
Warning: Standard cell pin OAI2BB1X1/Y has no valid via regions. (ZRT-044)
Warning: Standard cell pin OAI31XL/A0 has no valid via regions. (ZRT-044)
Warning: Standard cell pin OAI2BB1X2/Y has no valid via regions. (ZRT-044)
Warning: Standard cell pin XOR2X1/B has no valid via regions. (ZRT-044)
Warning: Standard cell pin OAI31XL/Y has no valid via regions. (ZRT-044)
Warning: Standard cell pin XOR2X1/Y has no valid via regions. (ZRT-044)
Warning: Standard cell pin DLY2X1/Y has no valid via regions. (ZRT-044)
Warning: Standard cell pin DLY3X1/Y has no valid via regions. (ZRT-044)
Warning: Standard cell pin TLATNXL/QN has no valid via regions. (ZRT-044)
Warning: Standard cell pin XOR2XL/B has no valid via regions. (ZRT-044)
Warning: Standard cell pin NOR4X1/B has no valid via regions. (ZRT-044)
Warning: Standard cell pin XOR2XL/Y has no valid via regions. (ZRT-044)
Warning: Standard cell pin DLY4X1/Y has no valid via regions. (ZRT-044)
Warning: Standard cell pin NOR3BX2/AN has no valid via regions. (ZRT-044)
Warning: Standard cell pin NOR4BXL/C has no valid via regions. (ZRT-044)
Warning: Standard cell pin NOR3BX2/B has no valid via regions. (ZRT-044)
Warning: Standard cell pin NOR4BXL/D has no valid via regions. (ZRT-044)
Warning: Standard cell pin NOR3BX2/Y has no valid via regions. (ZRT-044)
Warning: Standard cell pin AOI211XL/Y has no valid via regions. (ZRT-044)
Warning: Standard cell pin AOI2BB1X1/Y has no valid via regions. (ZRT-044)
Warning: Standard cell pin NAND2XL/Y has no valid via regions. (ZRT-044)
Warning: Standard cell pin CMPR32X1/B has no valid via regions. (ZRT-044)
Warning: Standard cell pin XNOR2XL/B has no valid via regions. (ZRT-044)
Warning: Standard cell pin XNOR2XL/Y has no valid via regions. (ZRT-044)
Warning: Standard cell pin AND4X2/C has no valid via regions. (ZRT-044)
Warning: Standard cell pin AOI21X1/A0 has no valid via regions. (ZRT-044)
Warning: Standard cell pin AOI21X1/B0 has no valid via regions. (ZRT-044)
Warning: Standard cell pin AOI2BB1XL/Y has no valid via regions. (ZRT-044)
Warning: Standard cell pin ADDFHX1/CI has no valid via regions. (ZRT-044)
Warning: Standard cell pin CMPR22X1/CO has no valid via regions. (ZRT-044)
Warning: Standard cell pin BUFX2/Y has no valid via regions. (ZRT-044)
Warning: Standard cell pin ADDFHX1/CO has no valid via regions. (ZRT-044)
Warning: Standard cell pin ADDFHX1/S has no valid via regions. (ZRT-044)
Warning: Standard cell pin NOR3X1/A has no valid via regions. (ZRT-044)
Warning: Standard cell pin NAND3XL/A has no valid via regions. (ZRT-044)
Warning: Standard cell pin AOI22XL/Y has no valid via regions. (ZRT-044)
Warning: Standard cell pin AOI2BB1X2/B0 has no valid via regions. (ZRT-044)
Warning: Standard cell pin AOI31XL/Y has no valid via regions. (ZRT-044)
Warning: Standard cell pin AOI2BB2X1/B0 has no valid via regions. (ZRT-044)
Warning: Standard cell pin NAND4XL/B has no valid via regions. (ZRT-044)
Warning: Standard cell pin NAND4XL/C has no valid via regions. (ZRT-044)
Warning: Standard cell pin NAND4XL/D has no valid via regions. (ZRT-044)
Warning: Standard cell pin AOI2BB2XL/Y has no valid via regions. (ZRT-044)
Warning: Standard cell pin DFFSX1/CK has no valid via regions. (ZRT-044)
Warning: Standard cell pin AOI211X1/B0 has no valid via regions. (ZRT-044)
Warning: Standard cell pin ADDFX2/B has no valid via regions. (ZRT-044)
Warning: Cell u_calib_ctrl/clk_gate_wait_cnt_reg/main_gate is placed overlapping with other cells at {{174.900 55.440} {178.200 60.480}}. (ZRT-763)
Warning: Cell u_calib_ctrl/calc_cnt_reg[3] is placed overlapping with other cells at {{185.460 120.960} {199.320 126.000}}. (ZRT-763)
Warning: Cell u_calib_ctrl/shadow_weights_reg[7][9] is placed overlapping with other cells at {{40.260 257.040} {52.800 262.080}}. (ZRT-763)
Warning: Cell u_calib_ctrl/ZCTSBUF_247_1371 is placed overlapping with other cells at {{145.200 257.040} {151.140 262.080}}. (ZRT-763)
Warning: Cell u_calib_ctrl/shadow_weights_reg[10][17] is placed overlapping with other cells at {{185.460 302.400} {198.000 307.440}}. (ZRT-763)
Warning: Cell u_calib_ctrl/clk_gate_temp_acc_reg_0/main_gate is placed overlapping with other cells at {{296.340 297.360} {298.980 302.400}}. (ZRT-763)
Start Global Route ... 
[Init] Elapsed real time: 0:00:00 
[Init] Elapsed cpu  time: sys=0:00:00 usr=0:00:00 total=0:00:00
[Init] Stage (MB): Used    0  Alloctr    0  Proc    0 
[Init] Total (MB): Used   21  Alloctr   25  Proc 5973 
Printing options for 'route.common.*'
common.crosstalk_driven                                 :	 false               
common.verbose_level                                    :	 0                   

Printing options for 'route.global.*'
global.crosstalk_driven                                 :	 false               
global.timing_driven                                    :	 false               

Begin global routing.
Loading parastics information to the router ...
parastics information loaded to the router.
[End of Loading Timing] Elapsed real time: 0:00:00 
[End of Loading Timing] Elapsed cpu  time: sys=0:00:00 usr=0:00:00 total=0:00:00
Constructing data structure ...
Design statistics:
Design Bounding Box (0.00um,0.00um,429.66um,428.40um)
Number of routing layers = 6
layer METAL1, dir Hor, min width = 0.23um, min space = 0.23um pitch = 0.56um
layer METAL2, dir Ver, min width = 0.28um, min space = 0.28um pitch = 0.66um
layer METAL3, dir Hor, min width = 0.28um, min space = 0.28um pitch = 0.56um
layer METAL4, dir Ver, min width = 0.28um, min space = 0.28um pitch = 0.66um
layer METAL5, dir Hor, min width = 0.28um, min space = 0.28um pitch = 0.61um
layer METAL6, dir Ver, min width = 0.44um, min space = 0.46um pitch = 0.95um
Current Stage stats:
[End of Build Tech Data] Elapsed real time: 0:00:00 
[End of Build Tech Data] Elapsed cpu  time: sys=0:00:00 usr=0:00:00 total=0:00:00
[End of Build Tech Data] Stage (MB): Used    0  Alloctr    0  Proc    0 
[End of Build Tech Data] Total (MB): Used   25  Alloctr   29  Proc 5973 
Net statistics:
Total number of nets     = 3845
Number of nets to route  = 62
34 nets are partially connected,
 of which 0 are detail routed and 34 are global routed.
30 nets are fully connected,
 of which 2 are detail routed and 28 are global routed.
Current Stage stats:
[End of Build All Nets] Elapsed real time: 0:00:00 
[End of Build All Nets] Elapsed cpu  time: sys=0:00:00 usr=0:00:00 total=0:00:00
[End of Build All Nets] Stage (MB): Used    2  Alloctr    3  Proc    0 
[End of Build All Nets] Total (MB): Used   28  Alloctr   32  Proc 5973 
Net length statistics: 
Net Count(Ignore Fully Rted) 34, Total Half Perimeter Wire Length (HPWL) 7618 microns
HPWL   0 ~   50 microns: Net Count        6	Total HPWL           95 microns
HPWL  50 ~  100 microns: Net Count        2	Total HPWL          159 microns
HPWL 100 ~  200 microns: Net Count        2	Total HPWL          243 microns
HPWL 200 ~  300 microns: Net Count       14	Total HPWL         3685 microns
HPWL 300 ~  400 microns: Net Count        9	Total HPWL         3025 microns
HPWL 400 ~  500 microns: Net Count        1	Total HPWL          411 microns
HPWL 500 ~  600 microns: Net Count        0	Total HPWL            0 microns
HPWL 600 ~  700 microns: Net Count        0	Total HPWL            0 microns
HPWL 700 ~  800 microns: Net Count        0	Total HPWL            0 microns
HPWL 800 ~  900 microns: Net Count        0	Total HPWL            0 microns
HPWL 900 ~ 1000 microns: Net Count        0	Total HPWL            0 microns
HPWL     > 1000 microns: Net Count        0	Total HPWL            0 microns
Number of partitions: 1 (1 x 1)
Size of partitions: 85 gCells x 85 gCells
Average gCell capacity  2.25	 on layer (1)	 METAL1
Average gCell capacity  6.67	 on layer (2)	 METAL2
Average gCell capacity  8.98	 on layer (3)	 METAL3
Average gCell capacity  7.65	 on layer (4)	 METAL4
Average gCell capacity  8.25	 on layer (5)	 METAL5
Average gCell capacity  5.31	 on layer (6)	 METAL6
Average number of tracks per gCell 9.01	 on layer (1)	 METAL1
Average number of tracks per gCell 7.67	 on layer (2)	 METAL2
Average number of tracks per gCell 9.01	 on layer (3)	 METAL3
Average number of tracks per gCell 7.67	 on layer (4)	 METAL4
Average number of tracks per gCell 8.27	 on layer (5)	 METAL5
Average number of tracks per gCell 5.33	 on layer (6)	 METAL6
Number of gCells = 43350
Current Stage stats:
[End of Build Congestion Map] Elapsed real time: 0:00:00 
[End of Build Congestion Map] Elapsed cpu  time: sys=0:00:00 usr=0:00:00 total=0:00:00
[End of Build Congestion Map] Stage (MB): Used    1  Alloctr    1  Proc    0 
[End of Build Congestion Map] Total (MB): Used   30  Alloctr   34  Proc 5973 
Number of partitions: 1 (1 x 1)
Size of partitions: 85 gCells x 85 gCells
Current Stage stats:
[End of Add Nets Demand] Elapsed real time: 0:00:00 
[End of Add Nets Demand] Elapsed cpu  time: sys=0:00:00 usr=0:00:00 total=0:00:00
[End of Add Nets Demand] Stage (MB): Used    0  Alloctr    0  Proc    0 
[End of Add Nets Demand] Total (MB): Used   30  Alloctr   34  Proc 5973 
Number of user frozen nets = 0
Information: RC layer preference is turned on for this design. (ZRT-613)
Total stats:
[End of Build Data] Elapsed real time: 0:00:00 
[End of Build Data] Elapsed cpu  time: sys=0:00:00 usr=0:00:00 total=0:00:00
[End of Build Data] Stage (MB): Used    5  Alloctr    5  Proc    0 
[End of Build Data] Total (MB): Used   30  Alloctr   34  Proc 5973 
Number of partitions: 1 (1 x 1)
Size of partitions: 85 gCells x 85 gCells
Current Stage stats:
[End of Blocked Pin Detection] Elapsed real time: 0:00:00 
[End of Blocked Pin Detection] Elapsed cpu  time: sys=0:00:00 usr=0:00:00 total=0:00:00
[End of Blocked Pin Detection] Stage (MB): Used   68  Alloctr   68  Proc    0 
[End of Blocked Pin Detection] Total (MB): Used   98  Alloctr  102  Proc 5973 
Information: Using 8 threads for routing. (ZRT-444)
Information: Multiple gcell levels ON
Information: Buffer distance is estimated to be ~6372.0000um (1264 gCells)

Start GR phase 0
Number of partitions: 1 (1 x 1)
Size of partitions: 85 gCells x 85 gCells
[rtAllBotParts] Elapsed real time: 0:00:00 
[rtAllBotParts] Elapsed cpu  time: sys=0:00:00 usr=0:00:00 total=0:00:00
[rtTop] Elapsed real time: 0:00:00 
[rtTop] Elapsed cpu  time: sys=0:00:00 usr=0:00:00 total=0:00:00
Current Stage stats:
[End of Initial Routing] Elapsed real time: 0:00:00 
[End of Initial Routing] Elapsed cpu  time: sys=0:00:00 usr=0:00:00 total=0:00:00
[End of Initial Routing] Stage (MB): Used    0  Alloctr    0  Proc    0 
[End of Initial Routing] Total (MB): Used   98  Alloctr  102  Proc 5973 
Initial. Routing result:
Initial. Both Dirs: Dmd-Cap  =     0 Max = 0 GRCs =     0 (0.00%)
Initial. H routing: Dmd-Cap  =     0 Max = 0 (GRCs =  0) GRCs =     0 (0.00%)
Initial. V routing: Dmd-Cap  =     0 Max = 0 (GRCs =  0) GRCs =     0 (0.00%)
Initial. Both Dirs: Overflow =     0 Max = 0 GRCs =     0 (0.00%)
Initial. H routing: Overflow =     0 Max = 0 (GRCs =  0) GRCs =     0 (0.00%)
Initial. V routing: Overflow =     0 Max = 0 (GRCs =  0) GRCs =     0 (0.00%)
Initial. METAL1     Overflow =     0 Max = 0 (GRCs =  0) GRCs =     0 (0.00%)
Initial. METAL2     Overflow =     0 Max = 0 (GRCs =  0) GRCs =     0 (0.00%)
Initial. METAL3     Overflow =     0 Max = 0 (GRCs =  0) GRCs =     0 (0.00%)
Initial. METAL4     Overflow =     0 Max = 0 (GRCs =  0) GRCs =     0 (0.00%)
Initial. METAL5     Overflow =     0 Max = 0 (GRCs =  0) GRCs =     0 (0.00%)
Initial. METAL6     Overflow =     0 Max = 0 (GRCs =  0) GRCs =     0 (0.00%)

Initial. Total Wire Length = 16791.83
Initial. Layer METAL1 wire length = 25.08
Initial. Layer METAL2 wire length = 2495.39
Initial. Layer METAL3 wire length = 6663.96
Initial. Layer METAL4 wire length = 7376.90
Initial. Layer METAL5 wire length = 113.91
Initial. Layer METAL6 wire length = 116.60
Initial. Total Number of Contacts = 3220
Initial. Via via1 count = 1158
Initial. Via via2 count = 1106
Initial. Via via3 count = 942
Initial. Via via4 count = 12
Initial. Via via5 count = 2
Initial. completed.
[End of Whole Chip Routing] Elapsed real time: 0:00:00 
[End of Whole Chip Routing] Elapsed cpu  time: sys=0:00:00 usr=0:00:00 total=0:00:00
[End of Whole Chip Routing] Stage (MB): Used   73  Alloctr   73  Proc    0 
[End of Whole Chip Routing] Total (MB): Used   98  Alloctr  102  Proc 5973 

Information: Global Routing didn't terminate early. (ZRT-103)

Congestion utilization per direction:
Average vertical track utilization   =  3.57 %
Peak    vertical track utilization   = 33.33 %
Average horizontal track utilization =  2.35 %
Peak    horizontal track utilization = 29.41 %

[End of Global Routing] Elapsed real time: 0:00:00 
[End of Global Routing] Elapsed cpu  time: sys=0:00:00 usr=0:00:00 total=0:00:00
[End of Global Routing] Stage (MB): Used   72  Alloctr   72  Proc    0 
[End of Global Routing] Total (MB): Used   97  Alloctr  101  Proc 5973 
Updating congestion ...
Updating congestion ...
[End of dbOut] Elapsed real time: 0:00:00 
[End of dbOut] Elapsed cpu  time: sys=0:00:00 usr=0:00:00 total=0:00:00
[End of dbOut] Stage (MB): Used    0  Alloctr    0  Proc    0 
[End of dbOut] Total (MB): Used   53  Alloctr   57  Proc 5973 
Skip track assign
Skip detail route
Updating the database ...
There are 10 buffers reduced and 0 inverters added by Clock Tree Optimization.
************************************************************
* CTS STEP: Postlude
************************************************************
Info: 1051 sinks and boundary insts are set as application_fixed
Information: The run time for postlude is 0 hr : 0 min : 0.01 sec, cpu time is 0 hr : 0 min : 0.01 sec. (CTS-104)
************************************************************
* CTS STEP: Summary report
************************************************************
There are 62 flat clock tree nets.
There are 60 non-sink instances (total area 1140.96) on clock trees including 0 instances dont_touch.
Clock tree synthesize and optimization added 20 buffers and 0 inverters (total area 558.84).
13 buffers/inverters were inserted below 13 leaf level Gates.
 Compilation of clock trees finished successfully
 Run time for cts 00:00:12.77u 00:00:00.56s 00:00:05.67e: 

Summary of messages during CTS:
===============================================================
  Tag   Count  Type           Description
---------------------------------------------------------------
CTS-038    1  Warning  No clock routing rule is specified.

No clock balance group was found, so skip the balance
Info: clearing CTS-GR option
Info: clearinf CTO-GR option
Information: Ending   clock_opt / build_clock / Trial CTS (FLW-8001)
Information: Time: 2026-09-18 20:21:30 / Session:  00:01:22 / Command:  00:00:05 / CPU:  00:00:12 / Memory: 2147 MB (FLW-8100)

Information: The stitching and editing of coupling caps is turned OFF for design 'sar16_pnr_paper_core:sar_digi_paper_core.design'. (TIM-125)
Information: Design sar_digi_paper_core has 3845 nets, 62 global routed, 0 detail routed. (NEX-024)
Information: The RC mode used is CTO for design 'sar_digi_paper_core'. (NEX-022)
Information: Design Average RC for design sar_digi_paper_core  (NEX-011)
Information: r = 0.279036 ohm/um, via_r = 4.999999 ohm/cut, c = 0.481225 ff/um, cc = 0.000000 ff/um (X dir) (NEX-017)
Information: r = 0.240639 ohm/um, via_r = 5.000000 ohm/cut, c = 0.197639 ff/um, cc = 0.000000 ff/um (Y dir) (NEX-017)
Information: Update timing completed net estimation for all the timing graph nets (TIM-111)
Information: Net estimation statistics: timing graph nets = 3843, routed nets = 62, across physical hierarchy nets = 0, parasitics cached nets = 3843, delay annotated nets = 0, parasitics annotated nets = 0, multi-voltage nets = 0. (TIM-112)
Clock-opt command begin                   CPU:   132 s (  0.04 hr )  ELAPSE:    82 s (  0.02 hr )  MEM-PEAK:  2147 MB
Info: update em.

Clock-opt timing update complete          CPU:   132 s (  0.04 hr )  ELAPSE:    82 s (  0.02 hr )  MEM-PEAK:  2147 MB
INFO: Propagating Switching Activities
Information: Activity propagation will be performed for scenario default.
Information: Doing activity propagation for mode 'default' and corner 'default' with effort level 'medium'. (POW-024)
Information: Timer-derived activity data is cached on scenario default (POW-052)
Information: Running switching activity propagation with 8 threads!

 **** Information : No. of simulation cycles = 7 ****
INFO: Switching Activity propagation took     0.00001 sec
INFO: Propagating Switching Activity for all power flows 

Clock-opt initial QoR
_____________________
Scenario Mapping Table
1: default

Pathgroup Mapping Table
1: **default**
2: **async_default**
3: **clock_gating_default**
4: **in2reg_default**
5: **reg2out_default**
6: **in2out_default**
7: clk
8: dec_clk

-------------------------------------------------------------------------------------------------------------------------------------------------------------
PATHGROUP QOR 
-------------------------------------------------------------------------------------------------------------------------------------------------------------
Scene  PG      WNS        TNS    NSV      WHV        THV    NHV
    1   1   0.0000     0.0000      0   0.0000     0.0000      0
    1   2   0.0000     0.0000      0   0.0000     0.0000      0
    1   3   0.0000     0.0000      0   0.0000     0.0000      0
    1   4   0.0000     0.0000      0   0.0000     0.0000      0
    1   5   0.0000     0.0000      0   0.2290     0.4102      3
    1   6   0.0000     0.0000      0   0.0000     0.0000      0
    1   7   0.0000     0.0000      0   0.0000     0.0000      0
    1   8   0.0000     0.0000      0   0.0000     0.0000      0
----------------------------------------------------------------------------------------------------------------------------------------------------------------------
SCENARIO QOR 
----------------------------------------------------------------------------------------------------------------------------------------------------------------------
Scene  PG      WNS        TNS   R2RTNS    NSV      WHV        THV    NHV  MaxTrnV   MaxTranC  MaxCapV    Leakage
    1   *   0.0000     0.0000   0.0000      0   0.2290     0.4102      3       16     4.5227        0 3508119.00
----------------------------------------------------------------------------------------------------------------------------------------------------------------------
DESIGN QOR 
----------------------------------------------------------------------------------------------------------------------------------------------------------------------
Scene  PG      WNS        TNS   R2RTNS    NSV      WHV        THV    NHV  MaxTrnV   MaxTranC  MaxCapV    Leakage         Area    InstCnt     BufCnt     InvCnt
    *   *   0.0000     0.0000   0.0000      0   0.2290     0.4102      3       16     4.5227        0 3508119.00    104818.19       3691        282        316
----------------------------------------------------------------------------------------------------------------------------------------------------------------------

Clock-opt initial QoR Summary       WNS        TNS   R2RTNS    NSV      WHV        THV    NHV  MaxTrnV  MaxCapV    Leakage         Area    InstCnt
Clock-opt initial QoR Summary    0.0000     0.0000   0.0000      0   0.2290     0.4102      3       16        0 3508119.00    104818.19       3691
Information: The netlist change observers are disabled for incremental extraction. (TIM-126)
INFO: using 8 threads
Clock-opt initialization complete         CPU:   137 s (  0.04 hr )  ELAPSE:    83 s (  0.02 hr )  MEM-PEAK:  2147 MB
Clock-opt optimization summary            SETUP-COST    R2R-COST HOLD-COST LDRC-COST          AREA     LEAKAGE     INSTCNT            ELAPSE       MEM
Number of Site types in the design = 1
Setting up Chip Core
Chip Core shape: (0 0) (4296600 4284000)
Number of VARs = 1
Number of unique PDs = 1
Number of Power Domains = 1
Number of Voltage Areas = 1
Number of supply Nets = 2
Number of used supplies = 0
Blocked VAs: 

    Scenario default  WNS = 0.000000, TNS = 0.000000, NVP = 0
    Scenario default  WNHS = invalid, TNHS = 0.000000, NHVP = 0

     ELAPSED  WORST NEG TOTAL NEG              MAX       MAX     BUFFER    INVERTER   LVTH      LVTH      PEAK   
      TIME      SLACK     SLACK     AREA    TRAN COST CAP COST    COUNT     COUNT     COUNT    PERCENT   MEMORY  
    --------- --------- --------- --------- --------- --------- --------- --------- --------- --------- ---------
      0:01:23     0.000     0.000 1.048e+05     4.523     0.000       282       316         0     0.000      2147 

Information: The netlist change observers are enabled for incremental extraction. (TIM-127)

Information: Initializing classic cellmap without advanced rules enabled and without PDC enabled
Information: The following app options are used in cellmap
        place.legalize.enable_color_aware_placement : false
        place.legalize.use_nll_query_cm : false
        place.legalize.enable_advanced_legalizer : false
        place.legalize.enable_prerouted_net_check : true
        place.legalize.enable_advanced_prerouted_net_check : false
        place.legalize.always_continue : true
        place.legalize.limit_legality_checks : false
        place.common.pnet_aware_density : 1.0000
        place.common.pnet_aware_min_width : 0.0000
        place.common.pnet_aware_layers : {}
        place.common.use_placement_model : false
        place.common.enable_advanced_placement_model : true
        cts.placement.cell_spacing_rule_style : maximum
Total 0.0059 seconds to build cellmap data
INFO: creating 29(r) x 29(c) GridCells YDim 15.12 XDim 15.12
INFO: number of GridCells (sar_digi_paper_core): 841
INFO: creating 29(r) x 29(c) GridCells YDim 15.12 XDim 15.12
INFO: number of GridCells (sar_digi_paper_core): 841
Total 0.0282 seconds to load 3691 cell instances into cellmap
Moveable cells: 2580; Application fixed cells: 1111; Macro cells: 0; User fixed cells: 0
Average cell width 5.6346, cell height 5.0400, cell area 28.3983 for total 3691 placed and application fixed cells
Clock-opt optimization Phase 5 Iter  1          0.00        0.00      0.41        15     104818.19  3508119.00        3691              0.02      2147

APSINFO: No multi-Vth libcells found, turning off percentage LVT optimization flow
Clock-opt optimization Phase 6 Iter  1          0.00        0.00      0.41        15     104818.19  3508119.00        3691              0.02      2147
Corner Scaling is off, multiplier is 1.000000
Corner Scaling is off, multiplier is 1.000000
Information: Using default layer METAL4 (Current) (OPT-079)
new default layer same as orig default layer
Information: Using default layer METAL4 (Inferior) (OPT-079)
bmap: stepx = stepy = 252000
creating bmap
DB units per micron : 10000
Core Area = 18 X 17 ()
Building neighbor and MV cache
INFO: New Levelizer turned on
Clock-opt optimization Phase 6 Iter  2          0.00        0.00      0.41        15     104818.19  3508119.00        3691              0.02      2147
Clock-opt optimization Phase 6 Iter  3          0.00        0.00      0.41        15     104818.19  3508119.00        3691              0.02      2147
Clock-opt optimization Phase 6 Iter  4          0.00        0.00      0.41        15     104818.19  3508119.00        3691              0.02      2147

Layer name: METAL1, Mask name: metal1, Layer number: 61
Layer name: METAL2, Mask name: metal2, Layer number: 62
Layer name: METAL3, Mask name: metal3, Layer number: 63
Layer name: METAL4, Mask name: metal4, Layer number: 64
Layer name: METAL5, Mask name: metal5, Layer number: 65
Layer name: METAL6, Mask name: metal6, Layer number: 66
Convert timing mode ...
Clock-opt optimization Phase 7 Iter  1          0.00        0.00      0.41        15     105001.14  3517371.25        3704              0.02      2147
Clock-opt optimization Phase 7 Iter  2          0.00        0.00      0.41        15     105001.14  3517371.25        3704              0.02      2147
Clock-opt optimization Phase 7 Iter  3          0.00        0.00      0.41        15     105001.14  3517371.25        3704              0.02      2147
Clock-opt optimization Phase 7 Iter  4          0.00        0.00      0.41        15     105001.14  3517371.25        3704              0.02      2147
Corner Scaling is off, multiplier is 1.000000
Information: Using default layer METAL4 (Current) (OPT-079)
new default layer same as orig default layer
Information: Using default layer METAL4 (Inferior) (OPT-079)
bmap: stepx = stepy = 252000
creating bmap
DB units per micron : 10000
Core Area = 18 X 17 ()
Building neighbor and MV cache
Clock-opt optimization Phase 7 Iter  5          0.00        0.00      0.41        15     105001.14  3517371.25        3704              0.02      2147
Clock-opt optimization Phase 7 Iter  6          0.00        0.00      0.41        15     105001.14  3517371.25        3704              0.02      2147
Clock-opt optimization Phase 7 Iter  7          0.00        0.00      0.41        15     105001.14  3517371.25        3704              0.02      2147
Clock-opt optimization Phase 7 Iter  8          0.00        0.00      0.41        15     105001.14  3517371.25        3704              0.02      2147
Clock-opt optimization Phase 7 Iter  9          0.00        0.00      0.41        15     105001.14  3517371.25        3704              0.02      2147
Clock-opt optimization Phase 7 Iter 10          0.00        0.00      0.41        15     105001.14  3517371.25        3704              0.02      2147
Clock-opt optimization summary            SETUP-COST    R2R-COST HOLD-COST LDRC-COST          AREA     LEAKAGE     INSTCNT            ELAPSE       MEM
Clock-opt optimization Phase 7 Iter 11          0.00        0.00      0.41        15     105001.14  3517371.25        3704              0.02      2147
Clock-opt optimization Phase 7 Iter 12          0.00        0.00      0.41        15     105001.14  3517371.25        3704              0.02      2147
Clock-opt optimization Phase 7 Iter 13          0.00        0.00      0.41        15     105001.14  3517371.25        3704              0.02      2147
Clock-opt optimization Phase 7 Iter 14          0.00        0.00      0.41        15     105001.14  3517371.25        3704              0.02      2147
Clock-opt optimization Phase 7 Iter 15          0.00        0.00      0.41        15     105001.14  3517371.25        3704              0.02      2147
Clock-opt optimization Phase 7 Iter 16          0.00        0.00      0.41        15     105001.14  3517371.25        3704              0.02      2147
Clock-opt optimization Phase 7 Iter 17          0.00        0.00      0.41        15     105001.14  3517371.25        3704              0.02      2147
Clock-opt optimization Phase 7 Iter 18          0.00        0.00      0.41        15     105001.14  3517371.25        3704              0.02      2147
Clock-opt optimization Phase 7 Iter 19          0.00        0.00      0.41        15     105001.14  3517371.25        3704              0.02      2147

Clock-opt optimization Phase 8 Iter  1          0.00        0.00      0.41        15     105001.14  3517371.25        3704              0.02      2147

Information: Starting clock_opt / build_clock / CTS (FLW-8000)
Information: Time: 2026-09-18 20:21:31 / Session:  00:01:23 / Command:  00:00:07 / CPU:  00:00:20 / Memory: 2147 MB (FLW-8100)
Clock-opt optimization Phase 9 Iter  1          0.00        0.00      0.41        15     105001.14  3517371.25        3704              0.02      2147
Info: Enabling GR in final CTS
Info: Enabling GR in final CTO
************************************************************
* CTS STEP: Design Initialization for Clock Synthesis
************************************************************
Information: The stitching and editing of coupling caps is turned OFF for design 'sar16_pnr_paper_core:sar_digi_paper_core.design'. (TIM-125)
Information: Update timing completed net estimation for all the timing graph nets (TIM-111)
Information: Net estimation statistics: timing graph nets = 3856, routed nets = 62, across physical hierarchy nets = 0, parasitics cached nets = 62, delay annotated nets = 0, parasitics annotated nets = 0, multi-voltage nets = 0. (TIM-112)
Information: CTS will work on the following scenarios. (CTS-101)
   default	(Mode: default; Corner: default)
Information: CTS will work on all clocks in active scenarios, including 2 master clocks and 0 generated clocks. (CTS-107)
Output units used in this log:
   Time        : 1.00ns
   Resistance  : 1.00kOhm
   Capacitance : 1.00pF
   Power       : 1.00pW
   Length      : 1.00um
Information: Clock derating is enabled

CTS related app options set by user:
   cts.common.copy_balance_points_to_missing_modes = true
   cts.compile.enable_cell_relocation = none
   cts.compile.enable_global_route = true
   cts.compile.enable_local_skew = true
   cts.optimize.enable_global_route = true
   cts.optimize.enable_local_skew = true

Buffer/Inverter reference list for clock tree synthesis:
   sar16_smic18_6lm_v4/BUFX1
   sar16_smic18_6lm_v4/BUFX12
   sar16_smic18_6lm_v4/BUFX16
   sar16_smic18_6lm_v4/BUFX2
   sar16_smic18_6lm_v4/BUFX20
   sar16_smic18_6lm_v4/BUFX3
   sar16_smic18_6lm_v4/BUFX4
   sar16_smic18_6lm_v4/BUFX8
   sar16_smic18_6lm_v4/BUFXL
   sar16_smic18_6lm_v4/CLKBUFX1
   sar16_smic18_6lm_v4/CLKBUFX12
   sar16_smic18_6lm_v4/CLKBUFX16
   sar16_smic18_6lm_v4/CLKBUFX2
   sar16_smic18_6lm_v4/CLKBUFX20
   sar16_smic18_6lm_v4/CLKBUFX3
   sar16_smic18_6lm_v4/CLKBUFX4
   sar16_smic18_6lm_v4/CLKBUFX8
   sar16_smic18_6lm_v4/CLKBUFXL
   sar16_smic18_6lm_v4/DLY1X1
   sar16_smic18_6lm_v4/DLY2X1
   sar16_smic18_6lm_v4/DLY3X1
   sar16_smic18_6lm_v4/DLY4X1
   sar16_smic18_6lm_v4/CLKINVX1
   sar16_smic18_6lm_v4/CLKINVX12
   sar16_smic18_6lm_v4/CLKINVX16
   sar16_smic18_6lm_v4/CLKINVX2
   sar16_smic18_6lm_v4/CLKINVX20
   sar16_smic18_6lm_v4/CLKINVX3
   sar16_smic18_6lm_v4/CLKINVX4
   sar16_smic18_6lm_v4/CLKINVX8
   sar16_smic18_6lm_v4/CLKINVXL
   sar16_smic18_6lm_v4/INVX1
   sar16_smic18_6lm_v4/INVX12
   sar16_smic18_6lm_v4/INVX16
   sar16_smic18_6lm_v4/INVX2
   sar16_smic18_6lm_v4/INVX20
   sar16_smic18_6lm_v4/INVX3
   sar16_smic18_6lm_v4/INVX4
   sar16_smic18_6lm_v4/INVX8
   sar16_smic18_6lm_v4/INVXL
There is no CTS reference for ICG cells
Information: 'default' is identified as primary corner for initial clock tree building. (CTS-103)
Number of Site types in the design = 1
Setting up Chip Core
Chip Core shape: (0 0) (4296600 4284000)
Number of VARs = 1
Number of unique PDs = 1
Number of Power Domains = 1
Number of Voltage Areas = 1
Number of supply Nets = 2
Number of used supplies = 0
Blocked VAs: 
Warning: No clock routing rule is specified. (CTS-038)

Clock cell spacing rule list:
   No clock cell spacing rule is found.
************************************************************
* CTS STEP: Clock Tree Initialization
************************************************************
Drc Mode Option: auto
Information: Initializing classic cellmap without advanced rules enabled and with PDC enabled
Information: The following app options are used in cellmap
        place.legalize.enable_color_aware_placement : false
        place.legalize.use_nll_query_cm : false
        place.legalize.enable_advanced_legalizer : false
        place.legalize.enable_prerouted_net_check : true
        place.legalize.enable_advanced_prerouted_net_check : false
        place.legalize.always_continue : true
        place.legalize.limit_legality_checks : false
        place.common.pnet_aware_density : 1.0000
        place.common.pnet_aware_min_width : 0.0000
        place.common.pnet_aware_layers : {}
        place.common.use_placement_model : false
        place.common.enable_advanced_placement_model : true
        cts.placement.cell_spacing_rule_style : maximum
Information: Creating classic rule checker.
Warning: Routing direction of metal layer POLY1 is neither "horizontal" nor "vertical".  PDC checks will not be performed on this layer. (PDC-003)
PDC app_options settings =========
	place.legalize.enable_prerouted_net_check: 1
	place.legalize.num_tracks_for_access_check: 1
	place.legalize.use_eol_spacing_for_access_check: 0
	place.legalize.allow_touch_track_for_access_check: 1
	place.legalize.reduce_conservatism_in_eol_check: 0
	place.legalize.preroute_shape_merge_distance: 0.0
	place.legalize.enable_non_preferred_direction_span_check: 0

Layer METAL1: cached 0 shapes out of 654 total shapes.
Layer METAL2: cached 34 shapes out of 317 total shapes.
Cached 1462 vias out of 4682 total vias.
Total 0.0178 seconds to build cellmap data
INFO: creating 17(r) x 18(c) GridCells YDim 25.2 XDim 25.2
INFO: number of GridCells (sar_digi_paper_core): 306
INFO: creating 17(r) x 18(c) GridCells YDim 25.2 XDim 25.2
INFO: number of GridCells (sar_digi_paper_core): 306
Total 0.0429 seconds to load 3704 cell instances into cellmap
Moveable cells: 2593; Application fixed cells: 1111; Macro cells: 0; User fixed cells: 0
Average cell width 5.6246, cell height 5.0400, cell area 28.3480 for total 3704 placed and application fixed cells
Information: Legalizer's PDC rule check is enabled
Information: Legalizer's advanced rule check is enabled

Start Auto-Exception Derivations...
 No internal pin was found.
 No conflict pin was found.
 No macro pin was found for clock balance point settings.
 No macro pin was found for disabling self arcs.
Information: The run time for clock tree initialization is 0 hr : 0 min : 0.08 sec, cpu time is 0 hr : 0 min : 0.08 sec. (CTS-104)
Drc Mode Option: auto
Enable multi-thread Tasks, number of thread is 8
CTS checksum info: ctsSch::runFinalCtsInitDesign end
Design checksums     = 0xA8F8B891 (loc)  0xD2158BA7 (lcell)  0xC9A7DF6 (name), 0x549E4458 (net)
CTS: Design checksums = 0xA8F8B891 (loc)  0xD2158BA7 (lcell)  0xC9A7DF6 (name), 0x549E4458 (net)
CTS: Clock tree checksums = 0x5EB28522 (loc)  0xCD762391 (lcell)  0x577780A6 (term), 0x6173E98F (net)  0x42374752 (netLen)
CTS: 24eef03e (loc) 58a28655 (lcell) c9a7df6 (name) 173e5322 (net) 2792b789 (graph) 0 (slack) 10e39f87 (para) 
Information: The netlist change observers are disabled for incremental timing updates. (TIM-119)
Information: The netlist change observers are disabled for incremental extraction. (TIM-126)
CTSSC route status detected: clock (VR 0, GR 2240, DR 0), data (VR 3794, GR 0, DR 0); stage = auto, isPostRoute = FALSE
Information: 'default' is identified as primary corner for initial clock tree building. (CTS-103)
Cell Min-Routing-Layer = METAL1
Cell Max-Routing-Layer = METAL6
Turn off antenna since no rule is specified
Information: Option route.detail.force_end_on_preferred_grid will be ignored since none of the layers have preferred grid. (ZRT-703)
Info: number of net_type_blockage: 0 
Information: Via ladder engine would be activated for pattern must join connection in certain commands. Please refer to man-page for the command list. (ZRT-619)
Warning: Port  VSS at {{165.660,427.305} {178.200,428.800}} is out of boundary. Cannot be routed. (ZRT-720)
Warning: Port  VSS at {{305.580,427.825} {310.860,428.800}} is out of boundary. Cannot be routed. (ZRT-720)
Warning: Port  VDD at {{382.140,-0.400} {390.720,0.950}} is out of boundary. Cannot be routed. (ZRT-720)
Warning: Port  VSS at {{276.540,427.825} {281.820,428.800}} is out of boundary. Cannot be routed. (ZRT-720)
Warning: Port  VSS at {{292.380,426.945} {295.020,428.800}} is out of boundary. Cannot be routed. (ZRT-720)
Warning: Port  VDD at {{215.160,-0.400} {221.100,1.275}} is out of boundary. Cannot be routed. (ZRT-720)
Warning: Port  VDD at {{225.720,-0.400} {231.660,1.275}} is out of boundary. Cannot be routed. (ZRT-720)
Warning: Port  VDD at {{209.220,-0.400} {213.180,0.575}} is out of boundary. Cannot be routed. (ZRT-720)
Warning: Port  VSS at {{297.000,427.825} {299.640,428.800}} is out of boundary. Cannot be routed. (ZRT-720)
Warning: Port  VSS at {{287.100,427.825} {289.740,428.800}} is out of boundary. Cannot be routed. (ZRT-720)
Skipping 30 ectangle_only route guides because they don't cover the design boundary in the layer's  preferred direction.
Information: When applicable Min-max layer allow_pin_connection mode will allow paths of length 6.70 outside the layer range. (ZRT-707)
Information: When applicable Min-max layer allow_pin_connection mode will allow paths of length 6.70 outside the layer range on clock nets. (ZRT-718)
Information: When applicable layer based tapering will taper up to 0.00 in distance from the pin. (ZRT-706)
Warning: Standard cell pin OAI22XL/Y has no valid via regions. (ZRT-044)
Warning: Standard cell pin AOI21XL/Y has no valid via regions. (ZRT-044)
Warning: Standard cell pin AOI222X4/B1 has no valid via regions. (ZRT-044)
Warning: Standard cell pin OAI21XL/Y has no valid via regions. (ZRT-044)
Warning: Standard cell pin NOR4BX1/C has no valid via regions. (ZRT-044)
Warning: Standard cell pin NAND3X1/A has no valid via regions. (ZRT-044)
Warning: Standard cell pin AOI222X1/Y has no valid via regions. (ZRT-044)
Warning: Standard cell pin INVX12/A has no valid via regions. (ZRT-044)
Warning: Standard cell pin NOR3XL/A has no valid via regions. (ZRT-044)
Warning: Standard cell pin NOR4BX1/D has no valid via regions. (ZRT-044)
Warning: Standard cell pin OAI2BB1XL/Y has no valid via regions. (ZRT-044)
Warning: Standard cell pin AOI32XL/Y has no valid via regions. (ZRT-044)
Warning: Standard cell pin AND2XL/Y has no valid via regions. (ZRT-044)
Warning: Standard cell pin OAI22X1/Y has no valid via regions. (ZRT-044)
Warning: Standard cell pin CLKBUFXL/Y has no valid via regions. (ZRT-044)
Warning: Standard cell pin XNOR2X1/B has no valid via regions. (ZRT-044)
Warning: Standard cell pin DFFSXL/Q has no valid via regions. (ZRT-044)
Warning: Standard cell pin XNOR2X1/Y has no valid via regions. (ZRT-044)
Warning: Standard cell pin OAI31X1/Y has no valid via regions. (ZRT-044)
Warning: Standard cell pin NOR2X4/A has no valid via regions. (ZRT-044)
Warning: Standard cell pin NOR2X4/B has no valid via regions. (ZRT-044)
Warning: Standard cell pin DLY2X1/Y has no valid via regions. (ZRT-044)
Warning: Standard cell pin NOR2BX2/Y has no valid via regions. (ZRT-044)
Warning: Standard cell pin DLY3X1/Y has no valid via regions. (ZRT-044)
Warning: Standard cell pin NAND2X2/B has no valid via regions. (ZRT-044)
Warning: Standard cell pin DLY4X1/Y has no valid via regions. (ZRT-044)
Warning: Standard cell pin NAND2X2/Y has no valid via regions. (ZRT-044)
Warning: Standard cell pin NAND4X2/A has no valid via regions. (ZRT-044)
Warning: Standard cell pin NAND4X2/D has no valid via regions. (ZRT-044)
Warning: Standard cell pin AOI22X2/A1 has no valid via regions. (ZRT-044)
Warning: Standard cell pin AOI22X2/Y has no valid via regions. (ZRT-044)
Warning: Standard cell pin XOR2X1/B has no valid via regions. (ZRT-044)
Warning: Standard cell pin ADDFXL/B has no valid via regions. (ZRT-044)
Warning: Standard cell pin XOR2X1/Y has no valid via regions. (ZRT-044)
Warning: Standard cell pin ADDFX1/B has no valid via regions. (ZRT-044)
Warning: Standard cell pin NAND4X1/A has no valid via regions. (ZRT-044)
Warning: Standard cell pin XOR2XL/B has no valid via regions. (ZRT-044)
Warning: Standard cell pin XOR2XL/Y has no valid via regions. (ZRT-044)
Warning: Standard cell pin OAI31XL/A0 has no valid via regions. (ZRT-044)
Warning: Standard cell pin NOR3BX1/AN has no valid via regions. (ZRT-044)
Warning: Standard cell pin OAI31XL/Y has no valid via regions. (ZRT-044)
Warning: Standard cell pin NAND2XL/Y has no valid via regions. (ZRT-044)
Warning: Standard cell pin NOR4X1/B has no valid via regions. (ZRT-044)
Warning: Standard cell pin XNOR2XL/B has no valid via regions. (ZRT-044)
Warning: Standard cell pin XNOR2XL/Y has no valid via regions. (ZRT-044)
Warning: Standard cell pin NOR4BXL/C has no valid via regions. (ZRT-044)
Warning: Standard cell pin NOR4BXL/D has no valid via regions. (ZRT-044)
Warning: Standard cell pin AOI211XL/Y has no valid via regions. (ZRT-044)
Warning: Standard cell pin BUFX2/Y has no valid via regions. (ZRT-044)
Warning: Standard cell pin CMPR32X1/B has no valid via regions. (ZRT-044)
Warning: Standard cell pin AND4X2/C has no valid via regions. (ZRT-044)
Warning: Standard cell pin ADDFHX1/CI has no valid via regions. (ZRT-044)
Warning: Standard cell pin ADDHXL/CO has no valid via regions. (ZRT-044)
Warning: Standard cell pin ADDHXL/S has no valid via regions. (ZRT-044)
Warning: Standard cell pin ADDFHX1/CO has no valid via regions. (ZRT-044)
Warning: Standard cell pin ADDFHX1/S has no valid via regions. (ZRT-044)
Warning: Standard cell pin OAI2BB1X1/Y has no valid via regions. (ZRT-044)
Warning: Standard cell pin AOI22XL/Y has no valid via regions. (ZRT-044)
Warning: Standard cell pin OAI2BB1X2/Y has no valid via regions. (ZRT-044)
Warning: Standard cell pin AOI31XL/Y has no valid via regions. (ZRT-044)
Warning: Standard cell pin AOI2BB2X1/B0 has no valid via regions. (ZRT-044)
Warning: Standard cell pin TLATNXL/QN has no valid via regions. (ZRT-044)
Warning: Standard cell pin NAND4XL/B has no valid via regions. (ZRT-044)
Warning: Standard cell pin NAND4XL/C has no valid via regions. (ZRT-044)
Warning: Standard cell pin NAND4XL/D has no valid via regions. (ZRT-044)
Warning: Standard cell pin NOR3BX2/AN has no valid via regions. (ZRT-044)
Warning: Standard cell pin NOR3BX2/B has no valid via regions. (ZRT-044)
Warning: Standard cell pin NOR3BX2/Y has no valid via regions. (ZRT-044)
Warning: Standard cell pin AOI2BB2XL/Y has no valid via regions. (ZRT-044)
Warning: Standard cell pin AOI2BB1X1/Y has no valid via regions. (ZRT-044)
Warning: Standard cell pin DFFSX1/CK has no valid via regions. (ZRT-044)
Warning: Standard cell pin AOI211X1/B0 has no valid via regions. (ZRT-044)
Warning: Standard cell pin AOI21X1/A0 has no valid via regions. (ZRT-044)
Warning: Standard cell pin ADDFX2/B has no valid via regions. (ZRT-044)
Warning: Standard cell pin AOI21X1/B0 has no valid via regions. (ZRT-044)
Warning: Standard cell pin AOI2BB1XL/Y has no valid via regions. (ZRT-044)
Warning: Standard cell pin CMPR22X1/CO has no valid via regions. (ZRT-044)
Warning: Standard cell pin NOR3X1/A has no valid via regions. (ZRT-044)
Warning: Standard cell pin NAND3XL/A has no valid via regions. (ZRT-044)
Warning: Standard cell pin AOI2BB1X2/B0 has no valid via regions. (ZRT-044)
Warning: Cell u_calib_ctrl/clk_gate_wait_cnt_reg/main_gate is placed overlapping with other cells at {{174.900 55.440} {178.200 60.480}}. (ZRT-763)
Warning: Cell u_calib_ctrl/calc_cnt_reg[3] is placed overlapping with other cells at {{185.460 120.960} {199.320 126.000}}. (ZRT-763)
Warning: Cell u_calib_ctrl/overrange_bits_reg[9] is placed overlapping with other cells at {{337.920 146.160} {351.780 151.200}}. (ZRT-763)
Warning: Cell u_calib_ctrl/shadow_weights_reg[7][9] is placed overlapping with other cells at {{40.260 257.040} {52.800 262.080}}. (ZRT-763)
Warning: Cell u_calib_ctrl/ZCTSBUF_247_1371 is placed overlapping with other cells at {{145.200 257.040} {151.140 262.080}}. (ZRT-763)
Warning: Cell u_calib_ctrl/shadow_weights_reg[10][17] is placed overlapping with other cells at {{185.460 302.400} {198.000 307.440}}. (ZRT-763)
Warning: Cell u_calib_ctrl/clk_gate_temp_acc_reg_0/main_gate is placed overlapping with other cells at {{296.340 297.360} {298.980 302.400}}. (ZRT-763)
GR Routing Service: Started IMRD 
GR Routing Service: ndmAttrDef 'usr_tmng_crit' created with default value 0 
GR Routing Service: ndmAttrDef 'rted_by_minDly' created with default value 0 
GR Routing Service: ndmAttrDef 'port_subnet_crit_blkConn' created with default value 0 
GR Routing Service: ndmAttrDef 'port_subnet_crit_blkPort' created with default value 0 
Loading timing information to the router ...
Design  Scenario default (Mode default Corner default)
Timing information loaded to the router.
GR Routing Service: Setting costIdx to 3 
GR Routing Service: rebuildCongmap: itr = 3 
Number of partitions: 1 (1 x 1)
Size of partitions: 85 gCells x 85 gCells
Average gCell capacity  2.24	 on layer (1)	 METAL1
Average gCell capacity  6.67	 on layer (2)	 METAL2
Average gCell capacity  8.98	 on layer (3)	 METAL3
Average gCell capacity  7.65	 on layer (4)	 METAL4
Average gCell capacity  8.25	 on layer (5)	 METAL5
Average gCell capacity  5.31	 on layer (6)	 METAL6
Average number of tracks per gCell 9.01	 on layer (1)	 METAL1
Average number of tracks per gCell 7.67	 on layer (2)	 METAL2
Average number of tracks per gCell 9.01	 on layer (3)	 METAL3
Average number of tracks per gCell 7.67	 on layer (4)	 METAL4
Average number of tracks per gCell 8.27	 on layer (5)	 METAL5
Average number of tracks per gCell 5.33	 on layer (6)	 METAL6
Number of gCells = 43350
Number of partitions: 1 (1 x 1)
Size of partitions: 85 gCells x 85 gCells
[updNetsDmd] Elapsed real time: 0:00:00 
[updNetsDmd] Elapsed cpu  time: sys=0:00:00 usr=0:00:00 total=0:00:00
Created 8 thread routing service with costIdx = 3. (tbbMode 0)
GR Routing Service: Setting costIdx to 1 
rtapi Thread-server 3: startup 
rtapi Thread-server 1: startup 
rtapi Thread-server 7: startup 
rtapi Thread-server 2: startup 
rtapi Thread-server 0: startup 
rtapi Thread-server 5: startup 
rtapi Thread-server 6: startup 
rtapi Thread-server 4: startup 

************************************************************
* CTS STEP: Initial DRC fixing
************************************************************

[cto] Starting InitDrc.1
START_FUNC: cto:InitDrc.1      CPU:    157 s ( 0.04 hr) ELAPSE:     84 s ( 0.02 hr) MEM-PEAK:  2147 Mb Fri Sep 18 20:21:32 2026
start cto; name: sar_digi_paper_core; type: design; name: sar_digi_paper_core; type: design; tot_drc_vio: 0; buf_ct: 20; buf_area: 558.835200; cell_area: 1140.955200
start cto; name: default:clk; type: clock; name: default:clk; type: clock; latency: 0.802040; gskew: 0.597878; tot_drc_vio: 0; wtran: 0.000000; wcap: 0.000000; buf_ct: 19; buf_area: 545.529600; cell_area: 1101.038400
start cto; name: default:dec_clk; type: clock; name: default:dec_clk; type: clock; latency: 0.307083; gskew: 0.082664; tot_drc_vio: 0; wtran: 0.000000; wcap: 0.000000; buf_ct: 1; buf_area: 13.305600; cell_area: 39.916800
-------------------------------------------------------------
Optimizing clock tree DRC
clock: dec_clk mode: default root: dec_clk
clock: clk mode: default root: clk
Clock QoR Before DRC Optimization:
Clock: dec_clk, Mode: default, Root: dec_clk
Information: CTS QoR Pre Initial DRC Fixing: GlobalSkew = 0.0827; ID = 0.3071; NetsWithDRC = 0; Worst Tran/Cap cost = 0.0000/0.0000; ClockBufCount = 1; ClockBufArea = 13.3056; ClockCellArea = 39.9168; ClockWireLen = 256.3900; Clock = dec_clk; Mode = default; Corner = default; ClockRoot = dec_clk. (CTS-037)
Clock: clk, Mode: default, Root: clk
Information: CTS QoR Pre Initial DRC Fixing: GlobalSkew = 0.5979; ID = 0.8020; NetsWithDRC = 0; Worst Tran/Cap cost = 0.0000/0.0000; ClockBufCount = 19; ClockBufArea = 545.5296; ClockCellArea = 1101.0385; ClockWireLen = 17352.4450; Clock = clk; Mode = default; Corner = default; ClockRoot = clk. (CTS-037)

Begin Pre-Opt Drc Fixing
Starting multithread based drc fixing Pre opt drc fixing
Iteration 1 (effort: high)
Iteration 2 (effort: high)

    Optimization Summary 		

-------------------------------------------------

	# Drivers Attempted               =          0
	# Skipped during isValid and estimate          =          0
	# Failed subgraph evaluation           =          0
	# Failed main graph committ          =          0
	# Successful main graph commit      =          0
	# NumCTCells changed               =          0


	# Total CPU time                  = 00h:00m:00s
	# Total elapsed time              = 00h:00m:00s
	# Flow total speed up             =     0.9763

-------------------------------------------------

HARNESS Summary: 
	Margin used: 0.005

Pre-Opt drc fixing cpu time 00:00:00.21u 00:00:00.00s 00:00:00.22e: 
Clock QoR After Pre-Opt Drc Fixing:
Clock: dec_clk, Mode: default, Root: dec_clk
Information: CTS QoR Post Initial DRC Fixing: GlobalSkew = 0.0827; ID = 0.3071; NetsWithDRC = 0; Worst Tran/Cap cost = 0.0000/0.0000; ClockBufCount = 1; ClockBufArea = 13.3056; ClockCellArea = 39.9168; ClockWireLen = 256.3900; Clock = dec_clk; Mode = default; Corner = default; ClockRoot = dec_clk. (CTS-037)
Clock: clk, Mode: default, Root: clk
Information: CTS QoR Post Initial DRC Fixing: GlobalSkew = 0.5979; ID = 0.8020; NetsWithDRC = 0; Worst Tran/Cap cost = 0.0000/0.0000; ClockBufCount = 19; ClockBufArea = 545.5296; ClockCellArea = 1101.0385; ClockWireLen = 17352.4450; Clock = clk; Mode = default; Corner = default; ClockRoot = clk. (CTS-037)
The elapsed time for optimization of clock tree is 0 hr : 0 min : 0.23 sec, cpu time is 0 hr : 0 min : 0.27 sec.
Information: The run time for Initial DRC fixing is 0 hr : 0 min : 0.24 sec, cpu time is 0 hr : 0 min : 0.29 sec. (CTS-104)
END_FUNC: cto:InitDrc.1        CPU:    157 s ( 0.04 hr) ELAPSE:     85 s ( 0.02 hr) MEM-PEAK:  2147 Mb Fri Sep 18 20:21:32 2026
end cto:InitDrc.1; cpu_time: 157; elapsed_time: 85; curr_mem: 1405; peak_mem: 2147
[cto] Finished InitDrc.1: PASS

************************************************************
* CTS STEP: Multi-objective Clock Optimization
************************************************************

[cto] Starting MultiObjectiveCto.1
START_FUNC: cto:MultiObjectiveCto.1 CPU:    157 s ( 0.04 hr) ELAPSE:     85 s ( 0.02 hr) MEM-PEAK:  2147 Mb Fri Sep 18 20:21:32 2026
Mark clock trees...
Marking clock synthesized attributes

Marking spacing rules

Clock cell spacing rule list:
   No clock cell spacing rule is found.
Information: The stitching and editing of coupling caps is turned OFF for design 'sar16_pnr_paper_core:sar_digi_paper_core.design'. (TIM-125)
Information: Update timing completed net estimation for all the timing graph nets (TIM-111)
Information: Net estimation statistics: timing graph nets = 3856, routed nets = 3856, across physical hierarchy nets = 0, parasitics cached nets = 3856, delay annotated nets = 0, parasitics annotated nets = 0, multi-voltage nets = 0. (TIM-112)
Information: 'default' is identified as primary corner for initial clock tree building. (CTS-103)
CCD app option: ccd.targeted_ccd_path_groups:  **clock_gating_default**
Target path group: scenario default pathgroup **clock_gating_default**
Information: CCD will use corner default for honoring max prepone/postpone limits
CCD-Info: Adjusting IO clock latencies to improve timing (ccd.adjust_io_clock_latency = true)
@ CG solver holdWeight = 0.100000
@ CG solver setupWeight = 1.000000
@ CG solver delayCostWeight = 5.000000
@ CG solver zeroDirWeight = 5.000000
@ CG solver wnsWeight = 10.000000
INFO: Clock latency adjustments are made on following clocks

Mode:default          Latency(early)   Latency(late)
Clock        Updated   rise    fall    rise    fall   Corner
------------------------------------------------------------
clk          Yes     0.4770  0.1004  0.4770  0.1004   default
dec_clk      Yes     0.2455  0.2219  0.2455  0.2219   default
CCD MOO settings for (budget_implementation, last_qor_strategy): 5 engines
    Engine R2R_TNS has 6 objectives, 3 enabled moves, iterationLimit = 2, solverType = CG_LP, estimateFanoutPower = 0, mergeIOWithR2R = 1, areaOnly = 0, useOldEngine = 0, preponeOpt = 1
                tns300Cutoff = 300, capAllowance = 1.600000, cgccdScaleBack = 5, powerccdScaleBack = 0, needTrialSeedGeneration = 0, drcMargin = 0.000000, commitOneByOne = 0
            R2R_TNS: priority 10, weight 10.000000, degradationPercentAllowed 0.010000, step back 0.100000, isTargeted 1, isMaximize 1
            IO_TNS: priority 10, weight 10.000000, degradationPercentAllowed 0.010000, step back 0.050000, isTargeted 0, isMaximize 1
            R2R_WNS: priority 20, weight 5.000000, degradationPercentAllowed 0.050000, step back 0.050000, isTargeted 1, isMaximize 1
            HOLD_TNS: priority 30, weight 5.000000, degradationPercentAllowed 0.500000, step back 0.050000, isTargeted 1, isMaximize 1
            NONE_POWER: priority 40, weight 1.000000, degradationPercentAllowed 0.010000, step back 0.010000, isTargeted 1, isMaximize 0
            NONE_TOTAL_OFFSET: priority 99, weight 1.000000, degradationPercentAllowed nan, step back 0.050000, isTargeted 0, isMaximize 1
        Moves enabled: SIZE_CLOCK_TIMING, BUFFER_REMOVAL_CLOCK_TIMING, REPARENTING_CLOCK_TIMING, 
    Engine R2R_TNS has 7 objectives, 2 enabled moves, iterationLimit = 1, solverType = CG_LP, estimateFanoutPower = 0, mergeIOWithR2R = 1, areaOnly = 0, useOldEngine = 0, preponeOpt = 0
                tns300Cutoff = 300, capAllowance = 1.600000, cgccdScaleBack = 5, powerccdScaleBack = 0, needTrialSeedGeneration = 1, drcMargin = 0.000000, commitOneByOne = 0
            R2R_TNS: priority 10, weight 10.000000, degradationPercentAllowed 0.010000, step back 0.100000, isTargeted 1, isMaximize 1
            IO_TNS: priority 10, weight 10.000000, degradationPercentAllowed 0.010000, step back 0.050000, isTargeted 0, isMaximize 1
            R2R_WNS: priority 11, weight 5.000000, degradationPercentAllowed 0.050000, step back 0.050000, isTargeted 1, isMaximize 1
            HOLD_TNS: priority 20, weight 5.000000, degradationPercentAllowed 0.500000, step back 0.050000, isTargeted 1, isMaximize 1
            NONE_POWER: priority 30, weight 1.000000, degradationPercentAllowed 0.010000, step back 0.010000, isTargeted 1, isMaximize 0
            NONE_BUFFER_COUNT: priority 40, weight 1.000000, degradationPercentAllowed 0.010000, step back 0.100000, isTargeted 1, isMaximize 0
            NONE_TOTAL_OFFSET: priority 100, weight 1.000000, degradationPercentAllowed nan, step back 0.050000, isTargeted 0, isMaximize 1
          Objectives for trial seed generation: 
            R2R_TNS: priority 10, weight 10.000000, degradationPercentAllowed 0.010000, step back 0.070000, isTargeted 1, isMaximize 1
            NONE_BUFFER_COUNT: priority 20, weight 1.000000, degradationPercentAllowed 0.100000, step back 0.050000, isTargeted 1, isMaximize 0
            NONE_TOTAL_OFFSET: priority 30, weight 1.000000, degradationPercentAllowed nan, step back 0.050000, isTargeted 1, isMaximize 1
            R2R_WNS: priority 40, weight 5.000000, degradationPercentAllowed 0.010000, step back 0.050000, isTargeted 0, isMaximize 1
            HOLD_TNS: priority 50, weight 10.000000, degradationPercentAllowed 0.010000, step back 0.030000, isTargeted 0, isMaximize 1
            HOLD_WNS: priority 60, weight 1.000000, degradationPercentAllowed 0.010000, step back 0.030000, isTargeted 0, isMaximize 1
            IO_TNS: priority 70, weight 1.000000, degradationPercentAllowed 0.050000, step back 0.050000, isTargeted 0, isMaximize 1
        Moves enabled: SIZE_CLOCK_TIMING, BUFFER_CLOCK, 
    Engine R2R_TNS has 7 objectives, 2 enabled moves, iterationLimit = 1, solverType = CG_LP, estimateFanoutPower = 0, mergeIOWithR2R = 1, areaOnly = 0, useOldEngine = 0, preponeOpt = 0
                tns300Cutoff = 300, capAllowance = 1.600000, cgccdScaleBack = 5, powerccdScaleBack = 0, needTrialSeedGeneration = 0, drcMargin = 0.000000, commitOneByOne = 0
            R2R_TNS: priority 10, weight 10.000000, degradationPercentAllowed 0.010000, step back 0.100000, isTargeted 1, isMaximize 1
            IO_TNS: priority 10, weight 10.000000, degradationPercentAllowed 0.010000, step back 0.050000, isTargeted 0, isMaximize 1
            R2R_WNS: priority 11, weight 5.000000, degradationPercentAllowed 0.050000, step back 0.050000, isTargeted 1, isMaximize 1
            HOLD_TNS: priority 20, weight 5.000000, degradationPercentAllowed 0.500000, step back 0.050000, isTargeted 1, isMaximize 1
            NONE_POWER: priority 30, weight 1.000000, degradationPercentAllowed 0.010000, step back 0.010000, isTargeted 1, isMaximize 0
            NONE_BUFFER_COUNT: priority 40, weight 1.000000, degradationPercentAllowed 0.010000, step back 0.100000, isTargeted 1, isMaximize 0
            NONE_TOTAL_OFFSET: priority 100, weight 1.000000, degradationPercentAllowed nan, step back 0.050000, isTargeted 0, isMaximize 1
        Moves enabled: SIZE_CLOCK_TIMING, BUFFER_CLOCK, 
    Engine HOLD_TNS has 8 objectives, 2 enabled moves, iterationLimit = 1, solverType = CG_LP, estimateFanoutPower = 0, mergeIOWithR2R = 1, areaOnly = 0, useOldEngine = 0, preponeOpt = 0
                tns300Cutoff = 300, capAllowance = 1.600000, cgccdScaleBack = 5, powerccdScaleBack = 0, needTrialSeedGeneration = 0, drcMargin = 0.000000, commitOneByOne = 0
            HOLD_TNS: priority 10, weight 2.000000, degradationPercentAllowed 0.010000, step back 0.090000, isTargeted 1, isMaximize 1
            R2R_TNS: priority 20, weight 2.000000, degradationPercentAllowed 0.025000, step back 0.050000, isTargeted 1, isMaximize 1
            R2R_WNS: priority 25, weight 1.000000, degradationPercentAllowed 0.010000, step back 0.050000, isTargeted 1, isMaximize 1
            NONE_POWER: priority 30, weight 1.000000, degradationPercentAllowed 0.004000, step back 0.010000, isTargeted 1, isMaximize 0
            NONE_BUFFER_COUNT: priority 40, weight 5.000000, degradationPercentAllowed 0.005000, step back 0.100000, isTargeted 1, isMaximize 0
            HOLD_WNS: priority 60, weight 1.000000, degradationPercentAllowed 0.050000, step back 0.050000, isTargeted 0, isMaximize 1
            IO_TNS: priority 70, weight 1.000000, degradationPercentAllowed nan, step back 0.050000, isTargeted 0, isMaximize 1
            NONE_TOTAL_OFFSET: priority 100, weight 1.000000, degradationPercentAllowed nan, step back 0.050000, isTargeted 0, isMaximize 1
        Moves enabled: SIZE_CLOCK_TIMING, BUFFER_CLOCK, 
    Engine R2R_WNS has 8 objectives, 4 enabled moves, iterationLimit = 1, solverType = LP_ONLY, estimateFanoutPower = 0, mergeIOWithR2R = 1, areaOnly = 0, useOldEngine = 0, preponeOpt = 0
                tns300Cutoff = 300, capAllowance = 1.600000, cgccdScaleBack = 5, powerccdScaleBack = 0, needTrialSeedGeneration = 0, drcMargin = 0.000000, commitOneByOne = 0
            R2R_WNS: priority 10, weight 10.000000, degradationPercentAllowed 0.000000, step back 0.005000, isTargeted 1, isMaximize 1
            R2R_TNS: priority 20, weight 5.000000, degradationPercentAllowed 0.050000, step back 0.050000, isTargeted 1, isMaximize 1
            NONE_BUFFER_COUNT: priority 30, weight 1.000000, degradationPercentAllowed 0.010000, step back 0.100000, isTargeted 1, isMaximize 0
            NONE_TOTAL_OFFSET: priority 33, weight 1.000000, degradationPercentAllowed nan, step back 0.000000, isTargeted 1, isMaximize 1
            NONE_POWER: priority 35, weight 20.000000, degradationPercentAllowed 0.010000, step back 0.010000, isTargeted 0, isMaximize 0
            HOLD_TNS: priority 60, weight 1.000000, degradationPercentAllowed 0.100000, step back 0.100000, isTargeted 0, isMaximize 1
            IO_TNS: priority 70, weight 1.000000, degradationPercentAllowed 0.100000, step back 0.050000, isTargeted 0, isMaximize 1
            IO_WNS: priority 80, weight 1.000000, degradationPercentAllowed 0.100000, step back 0.050000, isTargeted 0, isMaximize 1
        Moves enabled: SIZE_CLOCK_TIMING, BUFFER_CLOCK, BUFFER_REMOVAL_CLOCK_TIMING, REPARENTING_CLOCK_TIMING, 
DBG: ccdInfra::ccdInfra
Drc Mode Option: auto
CCD blasted path groups
DBG: ccdInfra::initAppOptions
DBG: ccdInfra::initCtsFixedBalancePins

CCD-Info: App options set by user
   No CCD app option is set.
CCD: using 8 threads
CTSSC route status detected: clock (VR 0, GR 2240, DR 0), data (VR 3794, GR 0, DR 0); stage = auto, isPostRoute = FALSE
Total power = 2.088196, Leakage = 0.003517, Internal = 1.113080, Switching = 0.971598
Information: 'default' is identified as primary corner for initial clock tree building. (CTS-103)

CCD: Initial QOR:
---------------------------------------------------------------------------------------------
 Design (setup) WNS = 0.281501, TNS = 0.000000, NVP = 0
 Design (hold) WNHS = -0.123699, TNHS = -0.126473, NHVP = 2

    Scenario default  WNS = 0.281501, TNS = 0.000000, NVP = 0
    Scenario default  WNHS = -0.123699, TNHS = -0.126473, NHVP = 2
---------------------------------------------------------------------------------------------
CCD-QoR: Timing: WNS = 0.282, TNS = 0.000, NVP = 0, UNWEIGHTED_TNS = 0.000, WNHS = -0.124, TNHS = -0.126, NHVP = 2, UNWEIGHTED_TNHS = -0.126, R2R(wns=0.381035, tns=0.000000, nvp=0)
 All scenarios used by CCD
    scenario 0: default , isDynamicPower, isLeakagePower, isMaxTran, isMaxCap
          mode: default, id = 0
          corner: default, id = 0
          isSetup: wns = 0.281501, unweighted tns = 0.000000
          isHold: wns = -0.123699, unweighted tns = -0.126473

Enable clock slack update

    Optimization Summary 		

-------------------------------------------------

  # Seeds generated                              1
  # Valid linear regressions                     1
  # Seeds with valid budget                      1
  # Seeds with accepted implementation           1
  # NumCTCells changed                           0

  # Number of cells sized                        1
  # Number of cells added                        0
  # Number of cells removed                      0
  # Number of cells relocated                    0
  # Number of cells flipped rotated              0

  # Total CPU time                               00h:00m:00s
  # Total elapsed time                           00h:00m:00s
  # Flow total speed up                          3.172990
  # Init lazy tns CPU time                       00h:00m:00s
  # Init lazy tns elapsed time                   00h:00m:00s
  # Init lazy tns speed up                       3.864769
  # Seed generation CPU time                     00h:00m:00s
  # Seed generation elapsed time                 00h:00m:00s
  # Seed generation speed up                     0.951705
  # Linear regression CPU time                   00h:00m:00s
  # Linear regression elapsed time               00h:00m:00s
  # Linear regression speed up                   1.332167
  # LP solver CPU time                           00h:00m:00s
  # LP solver elapsed time                       00h:00m:00s
  # LP solver speed up                           2.187216
  # Breakdown of elapsed runtime for solver:     
     Lazy model initializations:                 96.80%
     Prepare moo/get initial QOR:                0.92%
     Commit/annotate budget:                     0.40%
     Solve runtime: 1.75% of which 1.18% is incremental-LP runtime
     Other:                                      0.12%
  # Sg implementation CPU time                   00h:00m:00s
  # Sg implementation elapsed time               00h:00m:00s
  # Sg speed up                                  2.012226
  # Commit CPU time                              00h:00m:00s
  # Commit elapsed time                          00h:00m:00s
  # Commit speed up                              6.904022

-------------------------------------------------


CCD: After FMAX optimization:budget_implementation_HOLD_TNS3
---------------------------------------------------------------------------------------------
 Design (setup) WNS = 0.281501, TNS = 0.000000, NVP = 0
 Design (hold) WNHS = -0.013359, TNHS = -0.013359, NHVP = 1

    Scenario default  WNS = 0.281501, TNS = 0.000000, NVP = 0
    Scenario default  WNHS = -0.013359, TNHS = -0.013359, NHVP = 1
---------------------------------------------------------------------------------------------
CCD-QoR: Timing: WNS = 0.282, TNS = 0.000, NVP = 0, UNWEIGHTED_TNS = 0.000, WNHS = -0.013, TNHS = -0.013, NHVP = 1, UNWEIGHTED_TNHS = -0.013, R2R(wns=0.381035, tns=0.000000, nvp=0)
Mark clock trees...
Marking clock synthesized attributes

Marking spacing rules

Clock cell spacing rule list:
   No clock cell spacing rule is found.
CCD unblasted path groups
Information: The run time for Multi-objective Clock Optimization is 0 hr : 0 min : 0.62 sec, cpu time is 0 hr : 0 min : 2.68 sec. (CTS-104)
END_FUNC: cto:MultiObjectiveCto.1 CPU:    160 s ( 0.04 hr) ELAPSE:     85 s ( 0.02 hr) MEM-PEAK:  2147 Mb Fri Sep 18 20:21:33 2026
end cto:MultiObjectiveCto.1; cpu_time: 160; elapsed_time: 85; curr_mem: 1364; peak_mem: 2147
[cto] Finished MultiObjectiveCto.1: PASS
rtapi Thread-server 2: shutdown 
rtapi Thread-server 1: shutdown 
rtapi Thread-server 3: shutdown 
rtapi Thread-server 5: shutdown 
rtapi Thread-server 0: shutdown 
rtapi Thread-server 7: shutdown 
rtapi Thread-server 6: shutdown 
rtapi Thread-server 4: shutdown 

No. startProblems      =     2 

No. doRoutes           =     2 
No. doUnroutes         =     1 
No. redoRoutes         =     0 
No. redoUnroutes       =     0 
No. undoRoutes         =     0 
No. undoUnroutes       =     0 
No. commitRoutes       =     0 
No. commitUnroutes     =     0 
No. uncommitRoutes     =     0 
No. uncommitUnroutes   =     0 
No. doRoute fails      =     0 
No. doUnroute fails    =     0 

No. viaLadderQueries   =     0 
No. doDelVias          =     0 
No. doAddVias          =     0 
No. redoDelVias        =     0 
No. redoAddVias        =     0 
No. undoDelVias        =     0 
No. undoAddVias        =     0 
No. commitChangeVias   =     0 
No. uncommitChangeVias =     0 
No. doDelVias fails    =     0 
No. doAddVias fails    =     0 

Updating congestion ...
Updating congestion ...
GR Routing Service: Wrote GR congmap to NDM 
Information: The netlist change observers are enabled for incremental timing updates. (TIM-120)
Information: The netlist change observers are enabled for incremental extraction. (TIM-127)
Information: The net parasitics of block sar_digi_paper_core are cleared. (TIM-123)
Cell Min-Routing-Layer = METAL1
Cell Max-Routing-Layer = METAL6
Turn off antenna since no rule is specified
Information: Option route.detail.force_end_on_preferred_grid will be ignored since none of the layers have preferred grid. (ZRT-703)
Info: number of net_type_blockage: 0 
Information: Via ladder engine would be activated for pattern must join connection in certain commands. Please refer to man-page for the command list. (ZRT-619)
Warning: Port  VSS at {{165.660,427.305} {178.200,428.800}} is out of boundary. Cannot be routed. (ZRT-720)
Warning: Port  VSS at {{305.580,427.825} {310.860,428.800}} is out of boundary. Cannot be routed. (ZRT-720)
Warning: Port  VDD at {{382.140,-0.400} {390.720,0.950}} is out of boundary. Cannot be routed. (ZRT-720)
Warning: Port  VSS at {{276.540,427.825} {281.820,428.800}} is out of boundary. Cannot be routed. (ZRT-720)
Warning: Port  VSS at {{292.380,426.945} {295.020,428.800}} is out of boundary. Cannot be routed. (ZRT-720)
Warning: Port  VDD at {{215.160,-0.400} {221.100,1.275}} is out of boundary. Cannot be routed. (ZRT-720)
Warning: Port  VDD at {{225.720,-0.400} {231.660,1.275}} is out of boundary. Cannot be routed. (ZRT-720)
Warning: Port  VDD at {{209.220,-0.400} {213.180,0.575}} is out of boundary. Cannot be routed. (ZRT-720)
Warning: Port  VSS at {{297.000,427.825} {299.640,428.800}} is out of boundary. Cannot be routed. (ZRT-720)
Warning: Port  VSS at {{287.100,427.825} {289.740,428.800}} is out of boundary. Cannot be routed. (ZRT-720)
Skipping 30 ectangle_only route guides because they don't cover the design boundary in the layer's  preferred direction.
Information: When applicable Min-max layer allow_pin_connection mode will allow paths of length 6.70 outside the layer range. (ZRT-707)
Information: When applicable Min-max layer allow_pin_connection mode will allow paths of length 6.70 outside the layer range on clock nets. (ZRT-718)
Information: When applicable layer based tapering will taper up to 0.00 in distance from the pin. (ZRT-706)
Warning: Standard cell pin OAI22XL/Y has no valid via regions. (ZRT-044)
Warning: Standard cell pin NOR4BX1/C has no valid via regions. (ZRT-044)
Warning: Standard cell pin NOR4BX1/D has no valid via regions. (ZRT-044)
Warning: Standard cell pin AOI222X4/B1 has no valid via regions. (ZRT-044)
Warning: Standard cell pin OAI22X1/Y has no valid via regions. (ZRT-044)
Warning: Standard cell pin OAI31X1/Y has no valid via regions. (ZRT-044)
Warning: Standard cell pin AOI222X1/Y has no valid via regions. (ZRT-044)
Warning: Standard cell pin AOI21XL/Y has no valid via regions. (ZRT-044)
Warning: Standard cell pin OAI21XL/Y has no valid via regions. (ZRT-044)
Warning: Standard cell pin AOI32XL/Y has no valid via regions. (ZRT-044)
Warning: Standard cell pin NAND3X1/A has no valid via regions. (ZRT-044)
Warning: Standard cell pin ADDFXL/B has no valid via regions. (ZRT-044)
Warning: Standard cell pin NOR3XL/A has no valid via regions. (ZRT-044)
Warning: Standard cell pin NAND4X1/A has no valid via regions. (ZRT-044)
Warning: Standard cell pin OAI2BB1XL/Y has no valid via regions. (ZRT-044)
Warning: Standard cell pin DFFSXL/Q has no valid via regions. (ZRT-044)
Warning: Standard cell pin NOR3BX1/AN has no valid via regions. (ZRT-044)
Warning: Standard cell pin AND2XL/Y has no valid via regions. (ZRT-044)
Warning: Standard cell pin XNOR2X1/B has no valid via regions. (ZRT-044)
Warning: Standard cell pin XNOR2X1/Y has no valid via regions. (ZRT-044)
Warning: Standard cell pin NOR2X4/A has no valid via regions. (ZRT-044)
Warning: Standard cell pin NOR2X4/B has no valid via regions. (ZRT-044)
Warning: Standard cell pin NAND4X2/A has no valid via regions. (ZRT-044)
Warning: Standard cell pin NOR2BX2/Y has no valid via regions. (ZRT-044)
Warning: Standard cell pin NAND4X2/D has no valid via regions. (ZRT-044)
Warning: Standard cell pin ADDHXL/CO has no valid via regions. (ZRT-044)
Warning: Standard cell pin INVX12/A has no valid via regions. (ZRT-044)
Warning: Standard cell pin NAND2X2/B has no valid via regions. (ZRT-044)
Warning: Standard cell pin AOI22X2/A1 has no valid via regions. (ZRT-044)
Warning: Standard cell pin ADDHXL/S has no valid via regions. (ZRT-044)
Warning: Standard cell pin NAND2X2/Y has no valid via regions. (ZRT-044)
Warning: Standard cell pin AOI22X2/Y has no valid via regions. (ZRT-044)
Warning: Standard cell pin ADDFX1/B has no valid via regions. (ZRT-044)
Warning: Standard cell pin CLKBUFXL/Y has no valid via regions. (ZRT-044)
Warning: Standard cell pin OAI2BB1X1/Y has no valid via regions. (ZRT-044)
Warning: Standard cell pin XOR2X1/B has no valid via regions. (ZRT-044)
Warning: Standard cell pin XOR2X1/Y has no valid via regions. (ZRT-044)
Warning: Standard cell pin OAI31XL/A0 has no valid via regions. (ZRT-044)
Warning: Standard cell pin OAI31XL/Y has no valid via regions. (ZRT-044)
Warning: Standard cell pin OAI2BB1X2/Y has no valid via regions. (ZRT-044)
Warning: Standard cell pin XOR2XL/B has no valid via regions. (ZRT-044)
Warning: Standard cell pin DLY2X1/Y has no valid via regions. (ZRT-044)
Warning: Standard cell pin NOR4X1/B has no valid via regions. (ZRT-044)
Warning: Standard cell pin XOR2XL/Y has no valid via regions. (ZRT-044)
Warning: Standard cell pin DLY3X1/Y has no valid via regions. (ZRT-044)
Warning: Standard cell pin TLATNXL/QN has no valid via regions. (ZRT-044)
Warning: Standard cell pin NOR4BXL/C has no valid via regions. (ZRT-044)
Warning: Standard cell pin DLY4X1/Y has no valid via regions. (ZRT-044)
Warning: Standard cell pin NOR4BXL/D has no valid via regions. (ZRT-044)
Warning: Standard cell pin AOI211XL/Y has no valid via regions. (ZRT-044)
Warning: Standard cell pin NAND2XL/Y has no valid via regions. (ZRT-044)
Warning: Standard cell pin NOR3BX2/AN has no valid via regions. (ZRT-044)
Warning: Standard cell pin NOR3BX2/B has no valid via regions. (ZRT-044)
Warning: Standard cell pin XNOR2XL/B has no valid via regions. (ZRT-044)
Warning: Standard cell pin NOR3BX2/Y has no valid via regions. (ZRT-044)
Warning: Standard cell pin XNOR2XL/Y has no valid via regions. (ZRT-044)
Warning: Standard cell pin CMPR32X1/B has no valid via regions. (ZRT-044)
Warning: Standard cell pin AND4X2/C has no valid via regions. (ZRT-044)
Warning: Standard cell pin AOI2BB1X1/Y has no valid via regions. (ZRT-044)
Warning: Standard cell pin BUFX2/Y has no valid via regions. (ZRT-044)
Warning: Standard cell pin ADDFHX1/CI has no valid via regions. (ZRT-044)
Warning: Standard cell pin ADDFHX1/CO has no valid via regions. (ZRT-044)
Warning: Standard cell pin AOI21X1/A0 has no valid via regions. (ZRT-044)
Warning: Standard cell pin ADDFHX1/S has no valid via regions. (ZRT-044)
Warning: Standard cell pin AOI21X1/B0 has no valid via regions. (ZRT-044)
Warning: Standard cell pin AOI2BB1XL/Y has no valid via regions. (ZRT-044)
Warning: Standard cell pin CMPR22X1/CO has no valid via regions. (ZRT-044)
Warning: Standard cell pin NOR3X1/A has no valid via regions. (ZRT-044)
Warning: Standard cell pin AOI22XL/Y has no valid via regions. (ZRT-044)
Warning: Standard cell pin AOI31XL/Y has no valid via regions. (ZRT-044)
Warning: Standard cell pin AOI2BB2X1/B0 has no valid via regions. (ZRT-044)
Warning: Standard cell pin NAND3XL/A has no valid via regions. (ZRT-044)
Warning: Standard cell pin AOI2BB1X2/B0 has no valid via regions. (ZRT-044)
Warning: Standard cell pin NAND4XL/B has no valid via regions. (ZRT-044)
Warning: Standard cell pin NAND4XL/C has no valid via regions. (ZRT-044)
Warning: Standard cell pin NAND4XL/D has no valid via regions. (ZRT-044)
Warning: Standard cell pin AOI2BB2XL/Y has no valid via regions. (ZRT-044)
Warning: Standard cell pin DFFSX1/CK has no valid via regions. (ZRT-044)
Warning: Standard cell pin AOI211X1/B0 has no valid via regions. (ZRT-044)
Warning: Standard cell pin ADDFX2/B has no valid via regions. (ZRT-044)
Warning: Cell u_calib_ctrl/clk_gate_wait_cnt_reg/main_gate is placed overlapping with other cells at {{174.900 55.440} {178.200 60.480}}. (ZRT-763)
Warning: Cell u_calib_ctrl/calc_cnt_reg[3] is placed overlapping with other cells at {{185.460 120.960} {199.320 126.000}}. (ZRT-763)
Warning: Cell u_calib_ctrl/shadow_weights_reg[7][9] is placed overlapping with other cells at {{40.260 257.040} {52.800 262.080}}. (ZRT-763)
Warning: Cell u_calib_ctrl/ZCTSBUF_247_1371 is placed overlapping with other cells at {{145.200 257.040} {151.140 262.080}}. (ZRT-763)
Warning: Cell u_calib_ctrl/shadow_weights_reg[10][17] is placed overlapping with other cells at {{185.460 302.400} {198.000 307.440}}. (ZRT-763)
Warning: Cell u_calib_ctrl/clk_gate_temp_acc_reg_0/main_gate is placed overlapping with other cells at {{296.340 297.360} {298.980 302.400}}. (ZRT-763)
Start Global Route ... 
[Init] Elapsed real time: 0:00:00 
[Init] Elapsed cpu  time: sys=0:00:00 usr=0:00:00 total=0:00:00
[Init] Stage (MB): Used    0  Alloctr    0  Proc    0 
[Init] Total (MB): Used   21  Alloctr   25  Proc 5973 
Printing options for 'route.common.*'
common.crosstalk_driven                                 :	 false               
common.verbose_level                                    :	 0                   

Printing options for 'route.global.*'
global.crosstalk_driven                                 :	 false               
global.timing_driven                                    :	 false               

Begin global routing.
Loading parastics information to the router ...
parastics information loaded to the router.
[End of Loading Timing] Elapsed real time: 0:00:00 
[End of Loading Timing] Elapsed cpu  time: sys=0:00:00 usr=0:00:00 total=0:00:00
Constructing data structure ...
Design statistics:
Design Bounding Box (0.00um,0.00um,429.66um,428.40um)
Number of routing layers = 6
layer METAL1, dir Hor, min width = 0.23um, min space = 0.23um pitch = 0.56um
layer METAL2, dir Ver, min width = 0.28um, min space = 0.28um pitch = 0.66um
layer METAL3, dir Hor, min width = 0.28um, min space = 0.28um pitch = 0.56um
layer METAL4, dir Ver, min width = 0.28um, min space = 0.28um pitch = 0.66um
layer METAL5, dir Hor, min width = 0.28um, min space = 0.28um pitch = 0.61um
layer METAL6, dir Ver, min width = 0.44um, min space = 0.46um pitch = 0.95um
Current Stage stats:
[End of Build Tech Data] Elapsed real time: 0:00:00 
[End of Build Tech Data] Elapsed cpu  time: sys=0:00:00 usr=0:00:00 total=0:00:00
[End of Build Tech Data] Stage (MB): Used    0  Alloctr    0  Proc    0 
[End of Build Tech Data] Total (MB): Used   25  Alloctr   29  Proc 5973 
Net statistics:
Total number of nets     = 3858
Number of nets to route  = 62
1 nets are partially connected,
 of which 0 are detail routed and 1 are global routed.
63 nets are fully connected,
 of which 2 are detail routed and 61 are global routed.
Current Stage stats:
[End of Build All Nets] Elapsed real time: 0:00:00 
[End of Build All Nets] Elapsed cpu  time: sys=0:00:00 usr=0:00:00 total=0:00:00
[End of Build All Nets] Stage (MB): Used    2  Alloctr    3  Proc    0 
[End of Build All Nets] Total (MB): Used   28  Alloctr   32  Proc 5973 
Net length statistics: 
Net Count(Ignore Fully Rted) 1, Total Half Perimeter Wire Length (HPWL) 274 microns
HPWL   0 ~   50 microns: Net Count        0	Total HPWL            0 microns
HPWL  50 ~  100 microns: Net Count        0	Total HPWL            0 microns
HPWL 100 ~  200 microns: Net Count        0	Total HPWL            0 microns
HPWL 200 ~  300 microns: Net Count        1	Total HPWL          274 microns
HPWL 300 ~  400 microns: Net Count        0	Total HPWL            0 microns
HPWL 400 ~  500 microns: Net Count        0	Total HPWL            0 microns
HPWL 500 ~  600 microns: Net Count        0	Total HPWL            0 microns
HPWL 600 ~  700 microns: Net Count        0	Total HPWL            0 microns
HPWL 700 ~  800 microns: Net Count        0	Total HPWL            0 microns
HPWL 800 ~  900 microns: Net Count        0	Total HPWL            0 microns
HPWL 900 ~ 1000 microns: Net Count        0	Total HPWL            0 microns
HPWL     > 1000 microns: Net Count        0	Total HPWL            0 microns
Number of partitions: 1 (1 x 1)
Size of partitions: 85 gCells x 85 gCells
Average gCell capacity  2.24	 on layer (1)	 METAL1
Average gCell capacity  6.67	 on layer (2)	 METAL2
Average gCell capacity  8.98	 on layer (3)	 METAL3
Average gCell capacity  7.65	 on layer (4)	 METAL4
Average gCell capacity  8.25	 on layer (5)	 METAL5
Average gCell capacity  5.31	 on layer (6)	 METAL6
Average number of tracks per gCell 9.01	 on layer (1)	 METAL1
Average number of tracks per gCell 7.67	 on layer (2)	 METAL2
Average number of tracks per gCell 9.01	 on layer (3)	 METAL3
Average number of tracks per gCell 7.67	 on layer (4)	 METAL4
Average number of tracks per gCell 8.27	 on layer (5)	 METAL5
Average number of tracks per gCell 5.33	 on layer (6)	 METAL6
Number of gCells = 43350
Current Stage stats:
[End of Build Congestion Map] Elapsed real time: 0:00:00 
[End of Build Congestion Map] Elapsed cpu  time: sys=0:00:00 usr=0:00:00 total=0:00:00
[End of Build Congestion Map] Stage (MB): Used    1  Alloctr    1  Proc    0 
[End of Build Congestion Map] Total (MB): Used   30  Alloctr   34  Proc 5973 
Number of partitions: 1 (1 x 1)
Size of partitions: 85 gCells x 85 gCells
Current Stage stats:
[End of Add Nets Demand] Elapsed real time: 0:00:00 
[End of Add Nets Demand] Elapsed cpu  time: sys=0:00:00 usr=0:00:00 total=0:00:00
[End of Add Nets Demand] Stage (MB): Used    0  Alloctr    0  Proc    0 
[End of Add Nets Demand] Total (MB): Used   30  Alloctr   34  Proc 5973 
Number of user frozen nets = 0
Information: RC layer preference is turned on for this design. (ZRT-613)
Total stats:
[End of Build Data] Elapsed real time: 0:00:00 
[End of Build Data] Elapsed cpu  time: sys=0:00:00 usr=0:00:00 total=0:00:00
[End of Build Data] Stage (MB): Used    5  Alloctr    5  Proc    0 
[End of Build Data] Total (MB): Used   30  Alloctr   34  Proc 5973 
Number of partitions: 1 (1 x 1)
Size of partitions: 85 gCells x 85 gCells
Current Stage stats:
[End of Blocked Pin Detection] Elapsed real time: 0:00:00 
[End of Blocked Pin Detection] Elapsed cpu  time: sys=0:00:00 usr=0:00:00 total=0:00:00
[End of Blocked Pin Detection] Stage (MB): Used   68  Alloctr   68  Proc    0 
[End of Blocked Pin Detection] Total (MB): Used   98  Alloctr  102  Proc 5973 
Information: Using 8 threads for routing. (ZRT-444)
Information: Multiple gcell levels ON
Information: Buffer distance is estimated to be ~6372.0000um (1264 gCells)

Start GR phase 0
Number of partitions: 1 (1 x 1)
Size of partitions: 85 gCells x 85 gCells
[rtAllBotParts] Elapsed real time: 0:00:00 
[rtAllBotParts] Elapsed cpu  time: sys=0:00:00 usr=0:00:00 total=0:00:00
[rtTop] Elapsed real time: 0:00:00 
[rtTop] Elapsed cpu  time: sys=0:00:00 usr=0:00:00 total=0:00:00
Current Stage stats:
[End of Initial Routing] Elapsed real time: 0:00:00 
[End of Initial Routing] Elapsed cpu  time: sys=0:00:00 usr=0:00:00 total=0:00:00
[End of Initial Routing] Stage (MB): Used    0  Alloctr    0  Proc    0 
[End of Initial Routing] Total (MB): Used   98  Alloctr  102  Proc 5973 
Initial. Routing result:
Initial. Both Dirs: Dmd-Cap  =     0 Max = 0 GRCs =     0 (0.00%)
Initial. H routing: Dmd-Cap  =     0 Max = 0 (GRCs =  0) GRCs =     0 (0.00%)
Initial. V routing: Dmd-Cap  =     0 Max = 0 (GRCs =  0) GRCs =     0 (0.00%)
Initial. Both Dirs: Overflow =     0 Max = 0 GRCs =     0 (0.00%)
Initial. H routing: Overflow =     0 Max = 0 (GRCs =  0) GRCs =     0 (0.00%)
Initial. V routing: Overflow =     0 Max = 0 (GRCs =  0) GRCs =     0 (0.00%)
Initial. METAL1     Overflow =     0 Max = 0 (GRCs =  0) GRCs =     0 (0.00%)
Initial. METAL2     Overflow =     0 Max = 0 (GRCs =  0) GRCs =     0 (0.00%)
Initial. METAL3     Overflow =     0 Max = 0 (GRCs =  0) GRCs =     0 (0.00%)
Initial. METAL4     Overflow =     0 Max = 0 (GRCs =  0) GRCs =     0 (0.00%)
Initial. METAL5     Overflow =     0 Max = 0 (GRCs =  0) GRCs =     0 (0.00%)
Initial. METAL6     Overflow =     0 Max = 0 (GRCs =  0) GRCs =     0 (0.00%)

Initial. Total Wire Length = 16791.83
Initial. Layer METAL1 wire length = 25.08
Initial. Layer METAL2 wire length = 2495.39
Initial. Layer METAL3 wire length = 6663.96
Initial. Layer METAL4 wire length = 7376.90
Initial. Layer METAL5 wire length = 113.91
Initial. Layer METAL6 wire length = 116.60
Initial. Total Number of Contacts = 3220
Initial. Via via1 count = 1158
Initial. Via via2 count = 1106
Initial. Via via3 count = 942
Initial. Via via4 count = 12
Initial. Via via5 count = 2
Initial. completed.
[End of Whole Chip Routing] Elapsed real time: 0:00:00 
[End of Whole Chip Routing] Elapsed cpu  time: sys=0:00:00 usr=0:00:00 total=0:00:00
[End of Whole Chip Routing] Stage (MB): Used   73  Alloctr   73  Proc    0 
[End of Whole Chip Routing] Total (MB): Used   98  Alloctr  102  Proc 5973 

Information: Global Routing didn't terminate early. (ZRT-103)

Congestion utilization per direction:
Average vertical track utilization   =  3.57 %
Peak    vertical track utilization   = 33.33 %
Average horizontal track utilization =  2.35 %
Peak    horizontal track utilization = 29.41 %

[End of Global Routing] Elapsed real time: 0:00:00 
[End of Global Routing] Elapsed cpu  time: sys=0:00:00 usr=0:00:00 total=0:00:00
[End of Global Routing] Stage (MB): Used   72  Alloctr   72  Proc    0 
[End of Global Routing] Total (MB): Used   97  Alloctr  101  Proc 5973 
Updating congestion ...
Updating congestion ...
[End of dbOut] Elapsed real time: 0:00:00 
[End of dbOut] Elapsed cpu  time: sys=0:00:00 usr=0:00:00 total=0:00:00
[End of dbOut] Stage (MB): Used    0  Alloctr    0  Proc    0 
[End of dbOut] Total (MB): Used   53  Alloctr   57  Proc 5973 
Skip track assign
Skip detail route
Updating the database ...
************************************************************
* CTS STEP: Postlude
************************************************************
nplDplc2Placer::setParam(effort,1)
nplDplc2Placer::setParam(debug,0)
nplDplc2Placer::setParam(site_check,2)
nplDplc2Placer::setParam(app_firm_wgt,0)
Warning: Routing direction of metal layer POLY1 is neither "horizontal" nor "vertical".  PDC checks will not be performed on this layer. (PDC-003)
PDC app_options settings =========
	place.legalize.enable_prerouted_net_check: 1
	place.legalize.num_tracks_for_access_check: 1
	place.legalize.use_eol_spacing_for_access_check: 0
	place.legalize.allow_touch_track_for_access_check: 1
	place.legalize.reduce_conservatism_in_eol_check: 0
	place.legalize.preroute_shape_merge_distance: 0.0
	place.legalize.enable_non_preferred_direction_span_check: 0

Layer METAL1: cached 0 shapes out of 654 total shapes.
Layer METAL2: cached 34 shapes out of 317 total shapes.
Cached 1462 vias out of 4682 total vias.

Legalizing Top Level Design sar_digi_paper_core ... 
Information: Initializing classic cellmap without advanced rules enabled and without PDC enabled
Information: The following app options are used in cellmap
        place.legalize.enable_color_aware_placement : false
        place.legalize.use_nll_query_cm : false
        place.legalize.enable_advanced_legalizer : false
        place.legalize.enable_prerouted_net_check : true
        place.legalize.enable_advanced_prerouted_net_check : false
        place.legalize.always_continue : true
        place.legalize.limit_legality_checks : false
        place.common.pnet_aware_density : 1.0000
        place.common.pnet_aware_min_width : 0.0000
        place.common.pnet_aware_layers : {}
        place.common.use_placement_model : false
        place.common.enable_advanced_placement_model : true
        cts.placement.cell_spacing_rule_style : maximum
Total 0.0067 seconds to build cellmap data
Information: Creating classic rule checker.
Warning: Routing direction of metal layer POLY1 is neither "horizontal" nor "vertical".  PDC checks will not be performed on this layer. (PDC-003)
=====> Processed 117 ref cells (0 fillers) from library

Bounds/Regions In This Design:
        Area    Num Cells  Exclusive Name
 (square um)
      184066         3704        Yes DEFAULT_VA

Starting legalizer.
Warning: Exclusive bound 'DEFAULT' has no cells.
Optimizing Exclusive Bound 'DEFAULT_VA' (2/2)
    Done Exclusive Bound 'DEFAULT_VA' (2/2) (0 sec)
Legalization complete (0 total sec)

****************************************
  Report : Placement Attempts
  Site   : unit
****************************************

number of cells:                   3704
number of references:               117
number of site rows:                 85
number of locations attempted:    45543
number of locations failed:        4044  (8.9%)

Legality of references at locations:
68 references had failures.

Worst 10 references by total failures:
 CELLS       UNFLIPPED                       FLIPPED                REFERENCE NAME
         ATTEMPTS  FAILURES            ATTEMPTS  FAILURES           
   316       3318       412 ( 12.4%)       1728       207 ( 12.0%)  NAND2XL
   150       2047       349 ( 17.0%)       1050       205 ( 19.5%)  OAI21XL
   129       1378       238 ( 17.3%)        501       121 ( 24.2%)  AOI22XL
    23        307       101 ( 32.9%)        233        85 ( 36.5%)  OAI211XL
    51        727       111 ( 15.3%)        356        55 ( 15.4%)  AOI21X1
    61        773       105 ( 13.6%)        433        57 ( 13.2%)  AOI21XL
    27        395        83 ( 21.0%)        246        65 ( 26.4%)  OAI22XL
    24        345        85 ( 24.6%)        166        49 ( 29.5%)  OAI21X1
    42        502        83 ( 16.5%)        282        50 ( 17.7%)  AOI22X1
    39        573        74 ( 12.9%)        282        45 ( 16.0%)  XOR2XL

Worst 10 references by failure rate:
 CELLS       UNFLIPPED                       FLIPPED                REFERENCE NAME
         ATTEMPTS  FAILURES            ATTEMPTS  FAILURES           
    15        154        61 ( 39.6%)         71        22 ( 31.0%)  CMPR32X1
    23        307       101 ( 32.9%)        233        85 ( 36.5%)  OAI211XL
     1         12         4 ( 33.3%)          0         0 (  0.0%)  NOR2BX2
     3         40        11 ( 27.5%)         32        11 ( 34.4%)  OAI211X1
     6         46        15 ( 32.6%)         41        11 ( 26.8%)  NAND4BXL
     7         53        16 ( 30.2%)         19         5 ( 26.3%)  ADDFX1
     9        144        37 ( 25.7%)        104        33 ( 31.7%)  OAI22X2
    19        212        50 ( 23.6%)         82        32 ( 39.0%)  BUFX2
    31        287        68 ( 23.7%)        105        35 ( 33.3%)  CLKBUFX2
    24        345        85 ( 24.6%)        166        49 ( 29.5%)  OAI21X1

Legality of references in rows:
0 references had row failures.

****************************************
  Report : Cell Displacements
****************************************

number of cells aggregated:        2593 (11523 total sites)
avg row height over cells:        5.040 um
rms cell displacement:            0.840 um ( 0.17 row height)
rms weighted cell displacement:   0.840 um ( 0.17 row height)
max cell displacement:           10.102 um ( 2.00 row height)
avg cell displacement:            0.152 um ( 0.03 row height)
avg weighted cell displacement:   0.152 um ( 0.03 row height)
number of cells moved:              134
number of large displacements:        0
large displacement threshold:     3.000 row height

Displacements of worst 10 cells:
Cell: u_calib_ctrl/U600 (OAI2BB1XL)
  Input location: (95.7,257.04)
  Legal location: (95.04,246.96)
  Displacement:  10.102 um ( 2.00 row height)
Cell: u_calib_ctrl/ctmTdsLR_2_905 (AOI222XL)
  Input location: (111.54,302.4)
  Legal location: (111.54,292.32)
  Displacement:  10.080 um ( 2.00 row height)
Cell: u_calib_ctrl/U783 (AOI22XL)
  Input location: (79.86,277.2)
  Legal location: (87.12,282.24)
  Displacement:   8.838 um ( 1.75 row height)
Cell: u_calib_ctrl/ctmTdsLR_3_910 (NAND3XL)
  Input location: (148.5,257.04)
  Legal location: (139.92,257.04)
  Displacement:   8.580 um ( 1.70 row height)
Cell: u_calib_ctrl/U857 (AOI22XL)
  Input location: (124.74,302.4)
  Legal location: (131.34,297.36)
  Displacement:   8.304 um ( 1.65 row height)
Cell: u_calib_ctrl/ctmTdsLR_1_796 (AOI22X1)
  Input location: (128.7,302.4)
  Legal location: (134.64,297.36)
  Displacement:   7.790 um ( 1.55 row height)
Cell: u_calib_ctrl/U1910 (AOI22XL)
  Input location: (88.44,257.04)
  Legal location: (84.48,262.08)
  Displacement:   6.410 um ( 1.27 row height)
Cell: u_calib_ctrl/ctmTdsLR_3_756 (NAND2X1)
  Input location: (186.78,302.4)
  Legal location: (184.14,297.36)
  Displacement:   5.690 um ( 1.13 row height)
Cell: u_calib_ctrl/U890 (AOI22XL)
  Input location: (70.62,262.08)
  Legal location: (67.98,257.04)
  Displacement:   5.690 um ( 1.13 row height)
Cell: u_calib_ctrl/ctmTdsLR_2_682 (NAND2X1)
  Input location: (192.72,302.4)
  Legal location: (190.08,297.36)
  Displacement:   5.690 um ( 1.13 row height)

 Successfully legalize placement.
Info: 1051 sinks and boundary insts are collected
Info: 1051 sinks and boundary insts are unset from application_fixed
************************************************************
* CTS STEP: Summary report
************************************************************
There are 62 flat clock tree nets.
There are 60 non-sink instances (total area 1130.98) on clock trees including 0 instances dont_touch.
Clock tree synthesize and optimization added 20 buffers and 0 inverters (total area 548.86).
13 buffers/inverters were inserted below 13 leaf level Gates.
 Compilation of clock trees finished successfully
 Run time for cts 00:00:05.44u 00:00:00.11s 00:00:02.10e: 

Summary of messages during CTS:
===============================================================
  Tag   Count  Type           Description
---------------------------------------------------------------
CTS-038    1  Warning  No clock routing rule is specified.
Info: clearing CTS-GR option
Info: clearinf CTO-GR option
Information: The stitching and editing of coupling caps is turned OFF for design 'sar16_pnr_paper_core:sar_digi_paper_core.design'. (TIM-125)
Information: Design sar_digi_paper_core has 3858 nets, 62 global routed, 0 detail routed. (NEX-024)
Number of Site types in the design = 1
Setting up Chip Core
Chip Core shape: (0 0) (4296600 4284000)
Number of VARs = 1
Number of unique PDs = 1
Number of Power Domains = 1
Number of Voltage Areas = 1
Number of supply Nets = 2
Number of used supplies = 0
Blocked VAs: 
Information: Initializing classic cellmap without advanced rules enabled and without PDC enabled
Information: The following app options are used in cellmap
        place.legalize.enable_color_aware_placement : false
        place.legalize.use_nll_query_cm : false
        place.legalize.enable_advanced_legalizer : false
        place.legalize.enable_prerouted_net_check : true
        place.legalize.enable_advanced_prerouted_net_check : false
        place.legalize.always_continue : true
        place.legalize.limit_legality_checks : false
        place.common.pnet_aware_density : 1.0000
        place.common.pnet_aware_min_width : 0.0000
        place.common.pnet_aware_layers : {}
        place.common.use_placement_model : false
        place.common.enable_advanced_placement_model : true
        cts.placement.cell_spacing_rule_style : maximum
Total 0.0058 seconds to build cellmap data
INFO: creating 17(r) x 18(c) GridCells YDim 25.2 XDim 25.2
INFO: number of GridCells (sar_digi_paper_core): 306
INFO: creating 17(r) x 18(c) GridCells YDim 25.2 XDim 25.2
INFO: number of GridCells (sar_digi_paper_core): 306
Total 0.0262 seconds to load 3704 cell instances into cellmap
Moveable cells: 3644; Application fixed cells: 60; Macro cells: 0; User fixed cells: 0
Average cell width 5.6241, cell height 5.0400, cell area 28.3453 for total 3704 placed and application fixed cells
Information: Current block utilization is '0.57040', effective utilization is '0.57040'. (OPT-055)
Information: The RC mode used is CTO for design 'sar_digi_paper_core'. (NEX-022)
Information: Design Average RC for design sar_digi_paper_core  (NEX-011)
Information: r = 0.279036 ohm/um, via_r = 4.999999 ohm/cut, c = 0.481225 ff/um, cc = 0.000000 ff/um (X dir) (NEX-017)
Information: r = 0.240639 ohm/um, via_r = 5.000000 ohm/cut, c = 0.197639 ff/um, cc = 0.000000 ff/um (Y dir) (NEX-017)
Information: Update timing completed net estimation for all the timing graph nets (TIM-111)
Information: Net estimation statistics: timing graph nets = 3856, routed nets = 62, across physical hierarchy nets = 0, parasitics cached nets = 3856, delay annotated nets = 0, parasitics annotated nets = 0, multi-voltage nets = 0. (TIM-112)

    Scenario default  WNS = 0.000000, TNS = 0.000000, NVP = 0

     ELAPSED  WORST NEG TOTAL NEG              MAX       MAX     BUFFER    INVERTER   LVTH      LVTH      PEAK   
      TIME      SLACK     SLACK     AREA    TRAN COST CAP COST    COUNT     COUNT     COUNT    PERCENT   MEMORY  
    --------- --------- --------- --------- --------- --------- --------- --------- --------- --------- ---------
      0:01:26     0.000     0.000 1.050e+05     0.095     0.000       295       316         0     0.000      2147 

Information: Ending   clock_opt / build_clock / CTS (FLW-8001)
Information: Time: 2026-09-18 20:21:34 / Session:  00:01:26 / Command:  00:00:09 / CPU:  00:00:26 / Memory: 2147 MB (FLW-8100)
Information: The value of option cts.compile.enable_cell_relocation has been overridden to "leaf_only" to support latency-driven placement. (CTS-973)

Clock-opt optimization Phase 10 Iter  1         0.00        0.00      0.41         3     104991.16  3515559.50        3704              0.02      2147

Enable dominated scenarios

Clock-opt optimization complete                 0.00        0.00      0.41         3     104991.16  3515559.50        3704              0.02      2147
Co-efficient Ratio Summary:
4.193421605155  6.578038173730  2.479639287277  7.744187540401  0.485050022140  3.179565874704  5.567214054587  2.894455987461  6.565921669035  9.017937505874  3.454481700933  9.873810317501  6.078482064085  2.744226541123  8.318146204907
9.699225026083  2.464623950064  1.382370221226  9.387184029619  3.142429406669  0.968752789964  6.613180723294  4.146579393224  7.876358360384  2.191135103696  0.213545041094  2.710529251531  3.840719164440  3.750224253169  7.663489442299
6.212201167950  7.759678473967  7.862243056717  0.402387977150  0.032845095897  0.596111512371  4.701287396892  7.205135512169  8.278351398268  1.183725190997  3.685163523244  5.877109845684  7.173164785364  9.669838499761  7.591418947087
7.632106393266  7.679078063326  9.831314288630  1.878805817928  3.230072343539  1.226270037326  7.050450494780  2.403928173631  6.139852544054  4.100210066110  1.525445604655  4.580246767025  5.624148208820  7.826876753678  4.759164018263
5.409027926377  2.609823652834  0.626142538674  6.381676652919  9.187474022495  0.513656796621  5.027570618562  6.119813446103  6.181472312107  1.581675365776  7.737778947107  9.594062573718  2.041097787119  3.921189367338  0.650419282345
9.472458902409  3.368484394994  4.897111549020  6.860149244452  2.000104051691  9.095345907689  2.197041709512  0.915900467443  5.466092307946  8.142690055883  4.958648115224  8.254852800963  3.504140105451  1.682735512888  7.173464318510
9.939562708373  3.617852772683  8.946772637652  1.169969532707  4.529946656262  3.090979409795  5.580726136993  1.131397163510  0.721709624774  7.515947417690  0.990877159371  1.027420159919  5.811889066269  5.826759383342  4.349314892435
Information: The net parasitics of block sar_digi_paper_core are cleared. (TIM-123)
Information: The stitching and editing of coupling caps is turned OFF for design 'sar16_pnr_paper_core:sar_digi_paper_core.design'. (TIM-125)
Information: Design sar_digi_paper_core has 3858 nets, 62 global routed, 0 detail routed. (NEX-024)
Information: The RC mode used is CTO for design 'sar_digi_paper_core'. (NEX-022)
Information: Design Average RC for design sar_digi_paper_core  (NEX-011)
Information: r = 0.279036 ohm/um, via_r = 4.999999 ohm/cut, c = 0.481225 ff/um, cc = 0.000000 ff/um (X dir) (NEX-017)
Information: r = 0.240639 ohm/um, via_r = 5.000000 ohm/cut, c = 0.197639 ff/um, cc = 0.000000 ff/um (Y dir) (NEX-017)
Information: Update timing completed net estimation for all the timing graph nets (TIM-111)
Information: Net estimation statistics: timing graph nets = 3856, routed nets = 62, across physical hierarchy nets = 0, parasitics cached nets = 3856, delay annotated nets = 0, parasitics annotated nets = 0, multi-voltage nets = 0. (TIM-112)

Clock-opt final QoR
___________________
Scenario Mapping Table
1: default

Pathgroup Mapping Table
1: **default**
2: **async_default**
3: **clock_gating_default**
4: **in2reg_default**
5: **reg2out_default**
6: **in2out_default**
7: clk
8: dec_clk

-------------------------------------------------------------------------------------------------------------------------------------------------------------
PATHGROUP QOR 
-------------------------------------------------------------------------------------------------------------------------------------------------------------
Scene  PG      WNS        TNS    NSV      WHV        THV    NHV
    1   1   0.0000     0.0000      0   0.0000     0.0000      0
    1   2   0.0000     0.0000      0   0.0000     0.0000      0
    1   3   0.0000     0.0000      0   0.0000     0.0000      0
    1   4   0.0000     0.0000      0   0.0000     0.0000      0
    1   5   0.0000     0.0000      0   0.0130     0.0130      1
    1   6   0.0000     0.0000      0   0.0000     0.0000      0
    1   7   0.0000     0.0000      0   0.0000     0.0000      0
    1   8   0.0000     0.0000      0   0.0000     0.0000      0
----------------------------------------------------------------------------------------------------------------------------------------------------------------------
SCENARIO QOR 
----------------------------------------------------------------------------------------------------------------------------------------------------------------------
Scene  PG      WNS        TNS   R2RTNS    NSV      WHV        THV    NHV  MaxTrnV   MaxTranC  MaxCapV    Leakage
    1   *   0.0000     0.0000   0.0000      0   0.0130     0.0130      1        4     0.0952        0 3515559.50
----------------------------------------------------------------------------------------------------------------------------------------------------------------------
DESIGN QOR 
----------------------------------------------------------------------------------------------------------------------------------------------------------------------
Scene  PG      WNS        TNS   R2RTNS    NSV      WHV        THV    NHV  MaxTrnV   MaxTranC  MaxCapV    Leakage         Area    InstCnt     BufCnt     InvCnt
    *   *   0.0000     0.0000   0.0000      0   0.0130     0.0130      1        4     0.0952        0 3515559.50    104991.16       3704        295        316
----------------------------------------------------------------------------------------------------------------------------------------------------------------------

Clock-opt final QoR Summary         WNS        TNS   R2RTNS    NSV      WHV        THV    NHV  MaxTrnV  MaxCapV    Leakage         Area    InstCnt
Clock-opt final QoR Summary      0.0000     0.0000   0.0000      0   0.0130     0.0130      1        4        0 3515559.50    104991.16       3704

Clock-opt command complete                CPU:   147 s (  0.04 hr )  ELAPSE:    87 s (  0.02 hr )  MEM-PEAK:  2147 MB
Clock-opt command statistics  CPU=15 sec (0.00 hr) ELAPSED=5 sec (0.00 hr) MEM-PEAK=2.097 GB

Information: Ending   clock_opt / build_clock (FLW-8001)
Information: Time: 2026-09-18 20:21:35 / Session:  00:01:27 / Command:  00:00:11 / CPU:  00:00:28 / Memory: 2147 MB (FLW-8100)
TEST: runCore bldClkEnd-end
INFO: run stage route_clock (init -> end)
TEST: runCore rteClkInit-init

----------------------------------------------------------------------------------------------------------
Information: Starting clock_opt / route_clock (FLW-8000)
Information: Time: 2026-09-18 20:21:35 / Session:  00:01:27 / Command:  00:00:11 / CPU:  00:00:28 / Memory: 2147 MB (FLW-8100)
----------------------------------------------------------------------------------------------------------

Information: Starting clock_opt / route_clock / Clock Routing (FLW-8000)
Information: Time: 2026-09-18 20:21:35 / Session:  00:01:27 / Command:  00:00:11 / CPU:  00:00:28 / Memory: 2147 MB (FLW-8100)
Clock-opt optimization Phase 2 Iter  1          0.00        0.00      0.01         3     104991.16  3515559.50        3704              0.02      2147
Running clock routing step.
set_app_options -as_user_default -list {route.global.global_route_topology_style 1}
Warning: Ignoring -as_user_default option since application option <route.global.global_route_topology_style> is global scoped. (NDMUI-1004)
route.global.global_route_topology_style 1
route_group -all_clock_nets -reuse_existing_global_route true
Information: The net parasitics of block sar_digi_paper_core are cleared. (TIM-123)
Cell Min-Routing-Layer = METAL1
Cell Max-Routing-Layer = METAL6
Turn off antenna since no rule is specified
Information: Option route.detail.force_end_on_preferred_grid will be ignored since none of the layers have preferred grid. (ZRT-703)
Info: number of net_type_blockage: 0 
Information: Via ladder engine would be activated for pattern must join connection in certain commands. Please refer to man-page for the command list. (ZRT-619)
Warning: Port  VSS at {{165.660,427.305} {178.200,428.800}} is out of boundary. Cannot be routed. (ZRT-720)
Warning: Port  VSS at {{305.580,427.825} {310.860,428.800}} is out of boundary. Cannot be routed. (ZRT-720)
Warning: Port  VDD at {{382.140,-0.400} {390.720,0.950}} is out of boundary. Cannot be routed. (ZRT-720)
Warning: Port  VSS at {{276.540,427.825} {281.820,428.800}} is out of boundary. Cannot be routed. (ZRT-720)
Warning: Port  VSS at {{292.380,426.945} {295.020,428.800}} is out of boundary. Cannot be routed. (ZRT-720)
Warning: Port  VDD at {{215.160,-0.400} {221.100,1.275}} is out of boundary. Cannot be routed. (ZRT-720)
Warning: Port  VDD at {{225.720,-0.400} {231.660,1.275}} is out of boundary. Cannot be routed. (ZRT-720)
Warning: Port  VDD at {{209.220,-0.400} {213.180,0.575}} is out of boundary. Cannot be routed. (ZRT-720)
Warning: Port  VSS at {{297.000,427.825} {299.640,428.800}} is out of boundary. Cannot be routed. (ZRT-720)
Warning: Port  VSS at {{287.100,427.825} {289.740,428.800}} is out of boundary. Cannot be routed. (ZRT-720)
Skipping 30 ectangle_only route guides because they don't cover the design boundary in the layer's  preferred direction.
Information: When applicable Min-max layer allow_pin_connection mode will allow paths of length 6.70 outside the layer range. (ZRT-707)
Information: When applicable Min-max layer allow_pin_connection mode will allow paths of length 6.70 outside the layer range on clock nets. (ZRT-718)
Information: When applicable layer based tapering will taper up to 0.00 in distance from the pin. (ZRT-706)
Warning: Standard cell pin OAI22XL/Y has no valid via regions. (ZRT-044)
Warning: Standard cell pin AOI21XL/Y has no valid via regions. (ZRT-044)
Warning: Standard cell pin OAI21XL/Y has no valid via regions. (ZRT-044)
Warning: Standard cell pin NOR4BX1/C has no valid via regions. (ZRT-044)
Warning: Standard cell pin NAND3X1/A has no valid via regions. (ZRT-044)
Warning: Standard cell pin NOR4BX1/D has no valid via regions. (ZRT-044)
Warning: Standard cell pin NOR3XL/A has no valid via regions. (ZRT-044)
Warning: Standard cell pin OAI22X1/Y has no valid via regions. (ZRT-044)
Warning: Standard cell pin AOI222X4/B1 has no valid via regions. (ZRT-044)
Warning: Standard cell pin OAI2BB1XL/Y has no valid via regions. (ZRT-044)
Warning: Standard cell pin OAI31X1/Y has no valid via regions. (ZRT-044)
Warning: Standard cell pin AND2XL/Y has no valid via regions. (ZRT-044)
Warning: Standard cell pin AOI222X1/Y has no valid via regions. (ZRT-044)
Warning: Standard cell pin XNOR2X1/B has no valid via regions. (ZRT-044)
Warning: Standard cell pin XNOR2X1/Y has no valid via regions. (ZRT-044)
Warning: Standard cell pin NOR2X4/A has no valid via regions. (ZRT-044)
Warning: Standard cell pin NOR2X4/B has no valid via regions. (ZRT-044)
Warning: Standard cell pin ADDFXL/B has no valid via regions. (ZRT-044)
Warning: Standard cell pin NOR2BX2/Y has no valid via regions. (ZRT-044)
Warning: Standard cell pin AOI32XL/Y has no valid via regions. (ZRT-044)
Warning: Standard cell pin NAND4X1/A has no valid via regions. (ZRT-044)
Warning: Standard cell pin NAND2X2/B has no valid via regions. (ZRT-044)
Warning: Standard cell pin INVX12/A has no valid via regions. (ZRT-044)
Warning: Standard cell pin NAND2X2/Y has no valid via regions. (ZRT-044)
Warning: Standard cell pin NOR3BX1/AN has no valid via regions. (ZRT-044)
Warning: Standard cell pin DFFSXL/Q has no valid via regions. (ZRT-044)
Warning: Standard cell pin XOR2X1/B has no valid via regions. (ZRT-044)
Warning: Standard cell pin XOR2X1/Y has no valid via regions. (ZRT-044)
Warning: Standard cell pin CLKBUFXL/Y has no valid via regions. (ZRT-044)
Warning: Standard cell pin XOR2XL/B has no valid via regions. (ZRT-044)
Warning: Standard cell pin XOR2XL/Y has no valid via regions. (ZRT-044)
Warning: Standard cell pin ADDHXL/CO has no valid via regions. (ZRT-044)
Warning: Standard cell pin NAND4X2/A has no valid via regions. (ZRT-044)
Warning: Standard cell pin ADDHXL/S has no valid via regions. (ZRT-044)
Warning: Standard cell pin NAND4X2/D has no valid via regions. (ZRT-044)
Warning: Standard cell pin DLY2X1/Y has no valid via regions. (ZRT-044)
Warning: Standard cell pin DLY3X1/Y has no valid via regions. (ZRT-044)
Warning: Standard cell pin AOI22X2/A1 has no valid via regions. (ZRT-044)
Warning: Standard cell pin NAND2XL/Y has no valid via regions. (ZRT-044)
Warning: Standard cell pin AOI22X2/Y has no valid via regions. (ZRT-044)
Warning: Standard cell pin DLY4X1/Y has no valid via regions. (ZRT-044)
Warning: Standard cell pin XNOR2XL/B has no valid via regions. (ZRT-044)
Warning: Standard cell pin XNOR2XL/Y has no valid via regions. (ZRT-044)
Warning: Standard cell pin OAI2BB1X1/Y has no valid via regions. (ZRT-044)
Warning: Standard cell pin ADDFX1/B has no valid via regions. (ZRT-044)
Warning: Standard cell pin OAI2BB1X2/Y has no valid via regions. (ZRT-044)
Warning: Standard cell pin OAI31XL/A0 has no valid via regions. (ZRT-044)
Warning: Standard cell pin BUFX2/Y has no valid via regions. (ZRT-044)
Warning: Standard cell pin OAI31XL/Y has no valid via regions. (ZRT-044)
Warning: Standard cell pin TLATNXL/QN has no valid via regions. (ZRT-044)
Warning: Standard cell pin NOR4X1/B has no valid via regions. (ZRT-044)
Warning: Standard cell pin NOR3BX2/AN has no valid via regions. (ZRT-044)
Warning: Standard cell pin NOR3BX2/B has no valid via regions. (ZRT-044)
Warning: Standard cell pin NOR3BX2/Y has no valid via regions. (ZRT-044)
Warning: Standard cell pin NOR4BXL/C has no valid via regions. (ZRT-044)
Warning: Standard cell pin NOR4BXL/D has no valid via regions. (ZRT-044)
Warning: Standard cell pin AOI211XL/Y has no valid via regions. (ZRT-044)
Warning: Standard cell pin AOI2BB1X1/Y has no valid via regions. (ZRT-044)
Warning: Standard cell pin CMPR32X1/B has no valid via regions. (ZRT-044)
Warning: Standard cell pin AND4X2/C has no valid via regions. (ZRT-044)
Warning: Standard cell pin AOI21X1/A0 has no valid via regions. (ZRT-044)
Warning: Standard cell pin AOI21X1/B0 has no valid via regions. (ZRT-044)
Warning: Standard cell pin AOI2BB1XL/Y has no valid via regions. (ZRT-044)
Warning: Standard cell pin ADDFHX1/CI has no valid via regions. (ZRT-044)
Warning: Standard cell pin ADDFHX1/CO has no valid via regions. (ZRT-044)
Warning: Standard cell pin ADDFHX1/S has no valid via regions. (ZRT-044)
Warning: Standard cell pin CMPR22X1/CO has no valid via regions. (ZRT-044)
Warning: Standard cell pin NOR3X1/A has no valid via regions. (ZRT-044)
Warning: Standard cell pin AOI22XL/Y has no valid via regions. (ZRT-044)
Warning: Standard cell pin NAND3XL/A has no valid via regions. (ZRT-044)
Warning: Standard cell pin AOI31XL/Y has no valid via regions. (ZRT-044)
Warning: Standard cell pin AOI2BB1X2/B0 has no valid via regions. (ZRT-044)
Warning: Standard cell pin AOI2BB2X1/B0 has no valid via regions. (ZRT-044)
Warning: Standard cell pin NAND4XL/B has no valid via regions. (ZRT-044)
Warning: Standard cell pin NAND4XL/C has no valid via regions. (ZRT-044)
Warning: Standard cell pin NAND4XL/D has no valid via regions. (ZRT-044)
Warning: Standard cell pin AOI2BB2XL/Y has no valid via regions. (ZRT-044)
Warning: Standard cell pin DFFSX1/CK has no valid via regions. (ZRT-044)
Warning: Standard cell pin AOI211X1/B0 has no valid via regions. (ZRT-044)
Warning: Standard cell pin ADDFX2/B has no valid via regions. (ZRT-044)

    Found 0 via ladders to verify.

VIA LADDER INFO: found 0 via ladder DRCs across 0 nets.
Updating the database ...

    Via ladders will be inserted on 0 of 0 ports with via ladder constraints.

Updating the database ...
[Arrange data for GR] Elapsed real time: 0:00:00 
[Arrange data for GR] Elapsed cpu  time: sys=0:00:00 usr=0:00:00 total=0:00:00
[Arrange data for GR] Stage (MB): Used    0  Alloctr    0  Proc    0 
[Arrange data for GR] Total (MB): Used   16  Alloctr   18  Proc 5845 
Start Global Route ... 
[Init] Elapsed real time: 0:00:00 
[Init] Elapsed cpu  time: sys=0:00:00 usr=0:00:00 total=0:00:00
[Init] Stage (MB): Used    0  Alloctr    0  Proc    0 
[Init] Total (MB): Used   21  Alloctr   23  Proc 5845 
GR will route in ATREE-style.
Printing options for 'route.common.*'
common.crosstalk_driven                                 :	 false               
common.verbose_level                                    :	 0                   

Printing options for 'route.global.*'
global.crosstalk_driven                                 :	 false               
global.timing_driven                                    :	 false               

Begin global routing.
Loading parastics information to the router ...
parastics information loaded to the router.
[End of Loading Timing] Elapsed real time: 0:00:00 
[End of Loading Timing] Elapsed cpu  time: sys=0:00:00 usr=0:00:00 total=0:00:00
Constructing data structure ...
Design statistics:
Design Bounding Box (0.00um,0.00um,429.66um,428.40um)
Number of routing layers = 6
layer METAL1, dir Hor, min width = 0.23um, min space = 0.23um pitch = 0.56um
layer METAL2, dir Ver, min width = 0.28um, min space = 0.28um pitch = 0.66um
layer METAL3, dir Hor, min width = 0.28um, min space = 0.28um pitch = 0.56um
layer METAL4, dir Ver, min width = 0.28um, min space = 0.28um pitch = 0.66um
layer METAL5, dir Hor, min width = 0.28um, min space = 0.28um pitch = 0.61um
layer METAL6, dir Ver, min width = 0.44um, min space = 0.46um pitch = 0.95um
Current Stage stats:
[End of Build Tech Data] Elapsed real time: 0:00:00 
[End of Build Tech Data] Elapsed cpu  time: sys=0:00:00 usr=0:00:00 total=0:00:00
[End of Build Tech Data] Stage (MB): Used    0  Alloctr    0  Proc    0 
[End of Build Tech Data] Total (MB): Used   26  Alloctr   27  Proc 5845 
Net statistics:
Total number of nets     = 3858
Number of nets to route  = 62
64 nets are fully connected,
 of which 2 are detail routed and 62 are global routed.
Current Stage stats:
[End of Build All Nets] Elapsed real time: 0:00:00 
[End of Build All Nets] Elapsed cpu  time: sys=0:00:00 usr=0:00:00 total=0:00:00
[End of Build All Nets] Stage (MB): Used    2  Alloctr    3  Proc    0 
[End of Build All Nets] Total (MB): Used   28  Alloctr   30  Proc 5845 
Net length statistics: 
Net Count(Ignore Fully Rted) 0, Total Half Perimeter Wire Length (HPWL) 0 microns
HPWL   0 ~   50 microns: Net Count        0	Total HPWL            0 microns
HPWL  50 ~  100 microns: Net Count        0	Total HPWL            0 microns
HPWL 100 ~  200 microns: Net Count        0	Total HPWL            0 microns
HPWL 200 ~  300 microns: Net Count        0	Total HPWL            0 microns
HPWL 300 ~  400 microns: Net Count        0	Total HPWL            0 microns
HPWL 400 ~  500 microns: Net Count        0	Total HPWL            0 microns
HPWL 500 ~  600 microns: Net Count        0	Total HPWL            0 microns
HPWL 600 ~  700 microns: Net Count        0	Total HPWL            0 microns
HPWL 700 ~  800 microns: Net Count        0	Total HPWL            0 microns
HPWL 800 ~  900 microns: Net Count        0	Total HPWL            0 microns
HPWL 900 ~ 1000 microns: Net Count        0	Total HPWL            0 microns
HPWL     > 1000 microns: Net Count        0	Total HPWL            0 microns
Number of partitions: 1 (1 x 1)
Size of partitions: 85 gCells x 85 gCells
Average gCell capacity  2.23	 on layer (1)	 METAL1
Average gCell capacity  6.67	 on layer (2)	 METAL2
Average gCell capacity  8.98	 on layer (3)	 METAL3
Average gCell capacity  7.65	 on layer (4)	 METAL4
Average gCell capacity  8.25	 on layer (5)	 METAL5
Average gCell capacity  5.31	 on layer (6)	 METAL6
Average number of tracks per gCell 9.01	 on layer (1)	 METAL1
Average number of tracks per gCell 7.67	 on layer (2)	 METAL2
Average number of tracks per gCell 9.01	 on layer (3)	 METAL3
Average number of tracks per gCell 7.67	 on layer (4)	 METAL4
Average number of tracks per gCell 8.27	 on layer (5)	 METAL5
Average number of tracks per gCell 5.33	 on layer (6)	 METAL6
Number of gCells = 43350
Current Stage stats:
[End of Build Congestion Map] Elapsed real time: 0:00:00 
[End of Build Congestion Map] Elapsed cpu  time: sys=0:00:00 usr=0:00:00 total=0:00:00
[End of Build Congestion Map] Stage (MB): Used    1  Alloctr    1  Proc    0 
[End of Build Congestion Map] Total (MB): Used   30  Alloctr   32  Proc 5845 
Number of partitions: 1 (1 x 1)
Size of partitions: 85 gCells x 85 gCells
Current Stage stats:
[End of Add Nets Demand] Elapsed real time: 0:00:00 
[End of Add Nets Demand] Elapsed cpu  time: sys=0:00:00 usr=0:00:00 total=0:00:00
[End of Add Nets Demand] Stage (MB): Used    0  Alloctr    0  Proc    0 
[End of Add Nets Demand] Total (MB): Used   30  Alloctr   32  Proc 5845 
Number of user frozen nets = 0
Information: RC layer preference is turned on for this design. (ZRT-613)
Total stats:
[End of Build Data] Elapsed real time: 0:00:00 
[End of Build Data] Elapsed cpu  time: sys=0:00:00 usr=0:00:00 total=0:00:00
[End of Build Data] Stage (MB): Used    5  Alloctr    5  Proc    0 
[End of Build Data] Total (MB): Used   30  Alloctr   32  Proc 5845 
Current Stage stats:
[End of Blocked Pin Detection] Elapsed real time: 0:00:00 
[End of Blocked Pin Detection] Elapsed cpu  time: sys=0:00:00 usr=0:00:00 total=0:00:00
[End of Blocked Pin Detection] Stage (MB): Used    0  Alloctr    0  Proc    0 
[End of Blocked Pin Detection] Total (MB): Used   30  Alloctr   32  Proc 5845 
Information: Using 8 threads for routing. (ZRT-444)
Information: Multiple gcell levels ON
Information: Buffer distance is estimated to be ~6372.0000um (1264 gCells)

Start GR phase 0
Number of partitions: 1 (1 x 1)
Size of partitions: 85 gCells x 85 gCells
[rtAllBotParts] Elapsed real time: 0:00:00 
[rtAllBotParts] Elapsed cpu  time: sys=0:00:00 usr=0:00:00 total=0:00:00
[rtTop] Elapsed real time: 0:00:00 
[rtTop] Elapsed cpu  time: sys=0:00:00 usr=0:00:00 total=0:00:00
Current Stage stats:
[End of Initial Routing] Elapsed real time: 0:00:00 
[End of Initial Routing] Elapsed cpu  time: sys=0:00:00 usr=0:00:00 total=0:00:00
[End of Initial Routing] Stage (MB): Used  176  Alloctr  176  Proc    0 
[End of Initial Routing] Total (MB): Used  206  Alloctr  208  Proc 5845 
Initial. Routing result:
Initial. Both Dirs: Dmd-Cap  =     0 Max = 0 GRCs =     0 (0.00%)
Initial. H routing: Dmd-Cap  =     0 Max = 0 (GRCs =  0) GRCs =     0 (0.00%)
Initial. V routing: Dmd-Cap  =     0 Max = 0 (GRCs =  0) GRCs =     0 (0.00%)
Initial. Both Dirs: Overflow =     0 Max = 0 GRCs =     0 (0.00%)
Initial. H routing: Overflow =     0 Max = 0 (GRCs =  0) GRCs =     0 (0.00%)
Initial. V routing: Overflow =     0 Max = 0 (GRCs =  0) GRCs =     0 (0.00%)
Initial. METAL1     Overflow =     0 Max = 0 (GRCs =  0) GRCs =     0 (0.00%)
Initial. METAL2     Overflow =     0 Max = 0 (GRCs =  0) GRCs =     0 (0.00%)
Initial. METAL3     Overflow =     0 Max = 0 (GRCs =  0) GRCs =     0 (0.00%)
Initial. METAL4     Overflow =     0 Max = 0 (GRCs =  0) GRCs =     0 (0.00%)
Initial. METAL5     Overflow =     0 Max = 0 (GRCs =  0) GRCs =     0 (0.00%)
Initial. METAL6     Overflow =     0 Max = 0 (GRCs =  0) GRCs =     0 (0.00%)

Initial. Total Wire Length = 16791.83
Initial. Layer METAL1 wire length = 25.08
Initial. Layer METAL2 wire length = 2495.39
Initial. Layer METAL3 wire length = 6663.96
Initial. Layer METAL4 wire length = 7376.90
Initial. Layer METAL5 wire length = 113.91
Initial. Layer METAL6 wire length = 116.60
Initial. Total Number of Contacts = 3220
Initial. Via via1 count = 1158
Initial. Via via2 count = 1106
Initial. Via via3 count = 942
Initial. Via via4 count = 12
Initial. Via via5 count = 2
Initial. completed.

Start GR phase 1
Fri Sep 18 20:21:35 2026
Number of partitions: 1 (1 x 1)
Size of partitions: 85 gCells x 85 gCells
[rtAllParts] Elapsed real time: 0:00:00 
[rtAllParts] Elapsed cpu  time: sys=0:00:00 usr=0:00:00 total=0:00:00
Current Stage stats:
[End of Phase1 Routing] Elapsed real time: 0:00:00 
[End of Phase1 Routing] Elapsed cpu  time: sys=0:00:00 usr=0:00:00 total=0:00:00
[End of Phase1 Routing] Stage (MB): Used    0  Alloctr    0  Proc    0 
[End of Phase1 Routing] Total (MB): Used  206  Alloctr  208  Proc 5845 
phase1. Routing result:
phase1. Both Dirs: Dmd-Cap  =     0 Max = 0 GRCs =     0 (0.00%)
phase1. H routing: Dmd-Cap  =     0 Max = 0 (GRCs =  0) GRCs =     0 (0.00%)
phase1. V routing: Dmd-Cap  =     0 Max = 0 (GRCs =  0) GRCs =     0 (0.00%)
phase1. Both Dirs: Overflow =     0 Max = 0 GRCs =     0 (0.00%)
phase1. H routing: Overflow =     0 Max = 0 (GRCs =  0) GRCs =     0 (0.00%)
phase1. V routing: Overflow =     0 Max = 0 (GRCs =  0) GRCs =     0 (0.00%)
phase1. METAL1     Overflow =     0 Max = 0 (GRCs =  0) GRCs =     0 (0.00%)
phase1. METAL2     Overflow =     0 Max = 0 (GRCs =  0) GRCs =     0 (0.00%)
phase1. METAL3     Overflow =     0 Max = 0 (GRCs =  0) GRCs =     0 (0.00%)
phase1. METAL4     Overflow =     0 Max = 0 (GRCs =  0) GRCs =     0 (0.00%)
phase1. METAL5     Overflow =     0 Max = 0 (GRCs =  0) GRCs =     0 (0.00%)
phase1. METAL6     Overflow =     0 Max = 0 (GRCs =  0) GRCs =     0 (0.00%)

phase1. Total Wire Length = 16791.83
phase1. Layer METAL1 wire length = 25.08
phase1. Layer METAL2 wire length = 2495.39
phase1. Layer METAL3 wire length = 6663.96
phase1. Layer METAL4 wire length = 7376.90
phase1. Layer METAL5 wire length = 113.91
phase1. Layer METAL6 wire length = 116.60
phase1. Total Number of Contacts = 3220
phase1. Via via1 count = 1158
phase1. Via via2 count = 1106
phase1. Via via3 count = 942
phase1. Via via4 count = 12
phase1. Via via5 count = 2
phase1. completed.
[End of Whole Chip Routing] Elapsed real time: 0:00:00 
[End of Whole Chip Routing] Elapsed cpu  time: sys=0:00:00 usr=0:00:00 total=0:00:00
[End of Whole Chip Routing] Stage (MB): Used  181  Alloctr  181  Proc    0 
[End of Whole Chip Routing] Total (MB): Used  206  Alloctr  208  Proc 5845 

Information: Global Routing terminated early. (ZRT-103)

Congestion utilization per direction:
Average vertical track utilization   =  3.57 %
Peak    vertical track utilization   = 33.33 %
Average horizontal track utilization =  2.35 %
Peak    horizontal track utilization = 29.41 %

[End of Global Routing] Elapsed real time: 0:00:00 
[End of Global Routing] Elapsed cpu  time: sys=0:00:00 usr=0:00:00 total=0:00:00
[End of Global Routing] Stage (MB): Used  180  Alloctr  180  Proc    0 
[End of Global Routing] Total (MB): Used  205  Alloctr  207  Proc 5845 
Updating congestion ...
Updating congestion ...
[End of dbOut] Elapsed real time: 0:00:00 
[End of dbOut] Elapsed cpu  time: sys=0:00:00 usr=0:00:00 total=0:00:00
[End of dbOut] Stage (MB): Used    0  Alloctr    0  Proc    0 
[End of dbOut] Total (MB): Used   53  Alloctr   55  Proc 5845 

Start track assignment

Printing options for 'route.common.*'
common.crosstalk_driven                                 :	 false               
common.verbose_level                                    :	 0                   

Printing options for 'route.track.*'
track.crosstalk_driven                                  :	 false               
track.timing_driven                                     :	 false               

Information: Using 8 threads for routing. (ZRT-444)
Information: RC layer preference is turned on for this design. (ZRT-613)

[Track Assign: TA init] Elapsed real time: 0:00:00 
[Track Assign: TA init] Elapsed cpu  time: sys=0:00:00 usr=0:00:00 total=0:00:00
[Track Assign: TA init] Stage (MB): Used    0  Alloctr    0  Proc    0 
[Track Assign: TA init] Total (MB): Used   18  Alloctr   20  Proc 5845 

Start initial assignment

Assign Horizontal partitions, iteration 0 
Routed partition 1/11       
Routed partition 2/11       
Routed partition 3/11       
Routed partition 4/11       
Routed partition 5/11       
Routed partition 6/11       
Routed partition 7/11       
Routed partition 8/11       
Routed partition 9/11       
Routed partition 10/11      
Routed partition 11/11      

Assign Vertical partitions, iteration 0 
Routed partition 1/11       
Routed partition 2/11       
Routed partition 3/11       
Routed partition 4/11       
Routed partition 5/11       
Routed partition 6/11       
Routed partition 7/11       
Routed partition 8/11       
Routed partition 9/11       
Routed partition 10/11      
Routed partition 11/11      

Number of wires with overlap after iteration 0 = 1431 of 4833


[Track Assign: Iteration 0] Elapsed real time: 0:00:00 
[Track Assign: Iteration 0] Elapsed cpu  time: sys=0:00:00 usr=0:00:00 total=0:00:00
[Track Assign: Iteration 0] Stage (MB): Used    1  Alloctr    1  Proc    0 
[Track Assign: Iteration 0] Total (MB): Used   19  Alloctr   20  Proc 5845 

Reroute to fix overlaps (iter = 1)

Assign Horizontal partitions, iteration 1 
Routed partition 1/11       
Routed partition 2/11       
Routed partition 3/11       
Routed partition 4/11       
Routed partition 5/11       
Routed partition 6/11       
Routed partition 7/11       
Routed partition 8/11       
Routed partition 9/11       
Routed partition 10/11      
Routed partition 11/11      

Assign Vertical partitions, iteration 1 
Routed partition 1/11       
Routed partition 2/11       
Routed partition 3/11       
Routed partition 4/11       
Routed partition 5/11       
Routed partition 6/11       
Routed partition 7/11       
Routed partition 8/11       
Routed partition 9/11       
Routed partition 10/11      
Routed partition 11/11      

[Track Assign: Iteration 1] Elapsed real time: 0:00:00 
[Track Assign: Iteration 1] Elapsed cpu  time: sys=0:00:00 usr=0:00:00 total=0:00:00
[Track Assign: Iteration 1] Stage (MB): Used    1  Alloctr    1  Proc    0 
[Track Assign: Iteration 1] Total (MB): Used   19  Alloctr   21  Proc 5845 

Number of wires with overlap after iteration 1 = 328 of 3395


Wire length and via report:
---------------------------
Number of METAL1 wires: 253 		 CONT1: 0
Number of METAL2 wires: 1317 		 via1: 1173
Number of METAL3 wires: 1064 		 via2: 1232
Number of METAL4 wires: 751 		 via3: 999
Number of METAL5 wires: 9 		 via4: 13
Number of METAL6 wires: 1 		 via5: 2
Total number of wires: 3395 		 vias: 3419

Total METAL1 wire length: 166.5
Total METAL2 wire length: 2866.0
Total METAL3 wire length: 6786.8
Total METAL4 wire length: 7183.9
Total METAL5 wire length: 118.3
Total METAL6 wire length: 116.5
Total wire length: 17237.9

Longest METAL1 wire length: 9.5
Longest METAL2 wire length: 43.7
Longest METAL3 wire length: 157.1
Longest METAL4 wire length: 100.2
Longest METAL5 wire length: 50.8
Longest METAL6 wire length: 116.5


[Track Assign: Done] Elapsed real time: 0:00:00 
[Track Assign: Done] Elapsed cpu  time: sys=0:00:00 usr=0:00:00 total=0:00:00
[Track Assign: Done] Stage (MB): Used    0  Alloctr    0  Proc    0 
[Track Assign: Done] Total (MB): Used   17  Alloctr   19  Proc 5845 
Printing options for 'route.common.*'
common.crosstalk_driven                                 :	 false               
common.verbose_level                                    :	 0                   

Printing options for 'route.detail.*'
detail.timing_driven                                    :	 false               

Printing options for 'route.auto_via_ladder.*'

Information: RC layer preference is turned on for this design. (ZRT-613)
[Dr init] Elapsed real time: 0:00:00 
[Dr init] Elapsed cpu  time: sys=0:00:00 usr=0:00:00 total=0:00:00
[Dr init] Stage (MB): Used    7  Alloctr    7  Proc    0 
[Dr init] Total (MB): Used   25  Alloctr   27  Proc 5845 
Total number of nets = 3858, of which 0 are not extracted
Total number of open nets = 3794, of which 0 are frozen
Information: Using 8 threads for routing. (ZRT-444)
Start DR iteration 0: uniform partition
Routed	8/81 Partitions, Violations =	4
Routed	9/81 Partitions, Violations =	4
Routed	10/81 Partitions, Violations =	4
Routed	11/81 Partitions, Violations =	4
Routed	12/81 Partitions, Violations =	4
Routed	13/81 Partitions, Violations =	4
Routed	14/81 Partitions, Violations =	6
Routed	15/81 Partitions, Violations =	9
Routed	16/81 Partitions, Violations =	11
Routed	17/81 Partitions, Violations =	11
Routed	18/81 Partitions, Violations =	11
Routed	19/81 Partitions, Violations =	11
Routed	20/81 Partitions, Violations =	11
Routed	21/81 Partitions, Violations =	9
Routed	22/81 Partitions, Violations =	9
Routed	23/81 Partitions, Violations =	11
Routed	24/81 Partitions, Violations =	8
Routed	25/81 Partitions, Violations =	15
Routed	26/81 Partitions, Violations =	15
Routed	27/81 Partitions, Violations =	17
Routed	28/81 Partitions, Violations =	21
Routed	29/81 Partitions, Violations =	26
Routed	30/81 Partitions, Violations =	26
Routed	31/81 Partitions, Violations =	31
Routed	32/81 Partitions, Violations =	31
Routed	33/81 Partitions, Violations =	31
Routed	34/81 Partitions, Violations =	31
Routed	35/81 Partitions, Violations =	31
Routed	36/81 Partitions, Violations =	31
Routed	37/81 Partitions, Violations =	31
Routed	38/81 Partitions, Violations =	33
Routed	39/81 Partitions, Violations =	33
Routed	40/81 Partitions, Violations =	33
Routed	41/81 Partitions, Violations =	33
Routed	42/81 Partitions, Violations =	33
Routed	43/81 Partitions, Violations =	33
Routed	44/81 Partitions, Violations =	33
Routed	45/81 Partitions, Violations =	33
Routed	46/81 Partitions, Violations =	33
Routed	47/81 Partitions, Violations =	33
Routed	48/81 Partitions, Violations =	33
Routed	49/81 Partitions, Violations =	35
Routed	50/81 Partitions, Violations =	40
Routed	51/81 Partitions, Violations =	41
Routed	52/81 Partitions, Violations =	41
Routed	53/81 Partitions, Violations =	39
Routed	54/81 Partitions, Violations =	39
Routed	55/81 Partitions, Violations =	39
Routed	56/81 Partitions, Violations =	39
Routed	57/81 Partitions, Violations =	54
Routed	58/81 Partitions, Violations =	54
Routed	59/81 Partitions, Violations =	56
Routed	60/81 Partitions, Violations =	50
Routed	61/81 Partitions, Violations =	50
Routed	62/81 Partitions, Violations =	54
Routed	63/81 Partitions, Violations =	54
Routed	64/81 Partitions, Violations =	54
Routed	65/81 Partitions, Violations =	51
Routed	66/81 Partitions, Violations =	51
Routed	67/81 Partitions, Violations =	53
Routed	68/81 Partitions, Violations =	59
Routed	69/81 Partitions, Violations =	58
Routed	70/81 Partitions, Violations =	58
Routed	71/81 Partitions, Violations =	58
Routed	72/81 Partitions, Violations =	58
Routed	73/81 Partitions, Violations =	58
Routed	74/81 Partitions, Violations =	58
Routed	75/81 Partitions, Violations =	60
Routed	76/81 Partitions, Violations =	55
Routed	77/81 Partitions, Violations =	51
Routed	78/81 Partitions, Violations =	53
Routed	79/81 Partitions, Violations =	62
Routed	80/81 Partitions, Violations =	62
Routed	81/81 Partitions, Violations =	62

DRC-SUMMARY:
	@@@@@@@ TOTAL VIOLATIONS =	62
	Diff net spacing : 57
	Same net spacing : 1
	Short : 4

Information: The app option "route.detail.report_soft_drc_separately" will be on-by-default in future release. (ZRT-807)
	@@@@@@@ TOTAL SOFT VIOLATIONS =	0

[Iter 0] Elapsed real time: 0:00:00 
[Iter 0] Elapsed cpu  time: sys=0:00:00 usr=0:00:01 total=0:00:01
[Iter 0] Stage (MB): Used   86  Alloctr   86  Proc    0 
[Iter 0] Total (MB): Used  104  Alloctr  106  Proc 5845 

End DR iteration 0 with 81 parts

Start DR iteration 1: non-uniform partition
Routed	1/14 Partitions, Violations =	53
Routed	2/14 Partitions, Violations =	55
Routed	3/14 Partitions, Violations =	55
Routed	4/14 Partitions, Violations =	59
Routed	5/14 Partitions, Violations =	57
Routed	6/14 Partitions, Violations =	55
Routed	7/14 Partitions, Violations =	61
Routed	8/14 Partitions, Violations =	59
Routed	9/14 Partitions, Violations =	63
Routed	10/14 Partitions, Violations =	63
Routed	11/14 Partitions, Violations =	45
Routed	12/14 Partitions, Violations =	49
Routed	13/14 Partitions, Violations =	49
Routed	14/14 Partitions, Violations =	49

DRC-SUMMARY:
	@@@@@@@ TOTAL VIOLATIONS =	49
	Diff net spacing : 48
	Short : 1

Information: The app option "route.detail.report_soft_drc_separately" will be on-by-default in future release. (ZRT-807)
	@@@@@@@ TOTAL SOFT VIOLATIONS =	0

[Iter 1] Elapsed real time: 0:00:00 
[Iter 1] Elapsed cpu  time: sys=0:00:00 usr=0:00:02 total=0:00:02
[Iter 1] Stage (MB): Used   86  Alloctr   86  Proc    0 
[Iter 1] Total (MB): Used  104  Alloctr  106  Proc 5845 

End DR iteration 1 with 14 parts

Start DR iteration 2: non-uniform partition
Routed	1/14 Partitions, Violations =	43
Routed	2/14 Partitions, Violations =	51
Routed	3/14 Partitions, Violations =	45
Routed	4/14 Partitions, Violations =	49
Routed	5/14 Partitions, Violations =	44
Routed	6/14 Partitions, Violations =	46
Routed	7/14 Partitions, Violations =	42
Routed	8/14 Partitions, Violations =	38
Routed	9/14 Partitions, Violations =	40
Routed	10/14 Partitions, Violations =	44
Routed	11/14 Partitions, Violations =	39
Routed	12/14 Partitions, Violations =	43
Routed	13/14 Partitions, Violations =	41
Routed	14/14 Partitions, Violations =	41

DRC-SUMMARY:
	@@@@@@@ TOTAL VIOLATIONS =	41
	Diff net spacing : 38
	Same net spacing : 2
	Short : 1

Information: The app option "route.detail.report_soft_drc_separately" will be on-by-default in future release. (ZRT-807)
	@@@@@@@ TOTAL SOFT VIOLATIONS =	0

[Iter 2] Elapsed real time: 0:00:01 
[Iter 2] Elapsed cpu  time: sys=0:00:00 usr=0:00:03 total=0:00:03
[Iter 2] Stage (MB): Used   86  Alloctr   86  Proc    0 
[Iter 2] Total (MB): Used  104  Alloctr  106  Proc 5845 

End DR iteration 2 with 14 parts

Start DR iteration 3: non-uniform partition
Routed	1/13 Partitions, Violations =	43
Routed	2/13 Partitions, Violations =	36
Routed	3/13 Partitions, Violations =	39
Routed	4/13 Partitions, Violations =	43
Routed	5/13 Partitions, Violations =	35
Routed	6/13 Partitions, Violations =	38
Routed	7/13 Partitions, Violations =	32
Routed	8/13 Partitions, Violations =	36
Routed	9/13 Partitions, Violations =	41
Routed	10/13 Partitions, Violations =	41
Routed	11/13 Partitions, Violations =	41
Routed	12/13 Partitions, Violations =	41
Routed	13/13 Partitions, Violations =	41

DRC-SUMMARY:
	@@@@@@@ TOTAL VIOLATIONS =	41
	Diff net spacing : 38
	Same net spacing : 1
	Short : 2

Information: The app option "route.detail.report_soft_drc_separately" will be on-by-default in future release. (ZRT-807)
	@@@@@@@ TOTAL SOFT VIOLATIONS =	0

[Iter 3] Elapsed real time: 0:00:01 
[Iter 3] Elapsed cpu  time: sys=0:00:00 usr=0:00:04 total=0:00:04
[Iter 3] Stage (MB): Used   86  Alloctr   86  Proc    0 
[Iter 3] Total (MB): Used  104  Alloctr  106  Proc 5845 

End DR iteration 3 with 13 parts

Start DR iteration 4: non-uniform partition
Routed	1/12 Partitions, Violations =	38
Routed	2/12 Partitions, Violations =	41
Routed	3/12 Partitions, Violations =	36
Routed	4/12 Partitions, Violations =	42
Routed	5/12 Partitions, Violations =	42
Routed	6/12 Partitions, Violations =	34
Routed	7/12 Partitions, Violations =	36
Routed	8/12 Partitions, Violations =	43
Routed	9/12 Partitions, Violations =	43
Routed	10/12 Partitions, Violations =	43
Routed	11/12 Partitions, Violations =	42
Routed	12/12 Partitions, Violations =	41

DRC-SUMMARY:
	@@@@@@@ TOTAL VIOLATIONS =	41
	Diff net spacing : 36
	Same net spacing : 3
	Short : 2

Information: The app option "route.detail.report_soft_drc_separately" will be on-by-default in future release. (ZRT-807)
	@@@@@@@ TOTAL SOFT VIOLATIONS =	0

[Iter 4] Elapsed real time: 0:00:01 
[Iter 4] Elapsed cpu  time: sys=0:00:00 usr=0:00:05 total=0:00:05
[Iter 4] Stage (MB): Used   86  Alloctr   86  Proc    0 
[Iter 4] Total (MB): Used  104  Alloctr  106  Proc 5845 

End DR iteration 4 with 12 parts

Start DR iteration 5: non-uniform partition
Routed	1/13 Partitions, Violations =	41
Routed	2/13 Partitions, Violations =	37
Routed	3/13 Partitions, Violations =	42
Routed	4/13 Partitions, Violations =	34
Routed	5/13 Partitions, Violations =	37
Routed	6/13 Partitions, Violations =	41
Routed	7/13 Partitions, Violations =	41
Routed	8/13 Partitions, Violations =	40
Routed	9/13 Partitions, Violations =	42
Routed	10/13 Partitions, Violations =	42
Routed	11/13 Partitions, Violations =	35
Routed	12/13 Partitions, Violations =	41
Routed	13/13 Partitions, Violations =	41

DRC-SUMMARY:
	@@@@@@@ TOTAL VIOLATIONS =	41
	Diff net spacing : 37
	Same net spacing : 2
	Short : 2

Information: The app option "route.detail.report_soft_drc_separately" will be on-by-default in future release. (ZRT-807)
	@@@@@@@ TOTAL SOFT VIOLATIONS =	0

[Iter 5] Elapsed real time: 0:00:02 
[Iter 5] Elapsed cpu  time: sys=0:00:00 usr=0:00:06 total=0:00:06
[Iter 5] Stage (MB): Used   86  Alloctr   86  Proc    0 
[Iter 5] Total (MB): Used  104  Alloctr  106  Proc 5845 

End DR iteration 5 with 13 parts

Start DR iteration 6: non-uniform partition
Routed	1/12 Partitions, Violations =	41
Routed	2/12 Partitions, Violations =	35
Routed	3/12 Partitions, Violations =	41
Routed	4/12 Partitions, Violations =	38
Routed	5/12 Partitions, Violations =	46
Routed	6/12 Partitions, Violations =	44
Routed	7/12 Partitions, Violations =	46
Routed	8/12 Partitions, Violations =	46
Routed	9/12 Partitions, Violations =	41
Routed	10/12 Partitions, Violations =	47
Routed	11/12 Partitions, Violations =	47
Routed	12/12 Partitions, Violations =	47

DRC-SUMMARY:
	@@@@@@@ TOTAL VIOLATIONS =	47
	Diff net spacing : 42
	Same net spacing : 1
	Short : 4

Information: The app option "route.detail.report_soft_drc_separately" will be on-by-default in future release. (ZRT-807)
	@@@@@@@ TOTAL SOFT VIOLATIONS =	0

[Iter 6] Elapsed real time: 0:00:02 
[Iter 6] Elapsed cpu  time: sys=0:00:00 usr=0:00:07 total=0:00:07
[Iter 6] Stage (MB): Used   86  Alloctr   86  Proc    0 
[Iter 6] Total (MB): Used  104  Alloctr  106  Proc 5845 

End DR iteration 6 with 12 parts

Start DR iteration 7: non-uniform partition
Routed	1/13 Partitions, Violations =	47
Routed	2/13 Partitions, Violations =	37
Routed	3/13 Partitions, Violations =	41
Routed	4/13 Partitions, Violations =	49
Routed	5/13 Partitions, Violations =	45
Routed	6/13 Partitions, Violations =	47
Routed	7/13 Partitions, Violations =	43
Routed	8/13 Partitions, Violations =	48
Routed	9/13 Partitions, Violations =	48
Routed	10/13 Partitions, Violations =	48
Routed	11/13 Partitions, Violations =	48
Routed	12/13 Partitions, Violations =	42
Routed	13/13 Partitions, Violations =	41

DRC-SUMMARY:
	@@@@@@@ TOTAL VIOLATIONS =	41
	Diff net spacing : 35
	Same net spacing : 3
	Short : 3

Information: The app option "route.detail.report_soft_drc_separately" will be on-by-default in future release. (ZRT-807)
	@@@@@@@ TOTAL SOFT VIOLATIONS =	0

[Iter 7] Elapsed real time: 0:00:03 
[Iter 7] Elapsed cpu  time: sys=0:00:00 usr=0:00:08 total=0:00:08
[Iter 7] Stage (MB): Used   86  Alloctr   86  Proc    0 
[Iter 7] Total (MB): Used  104  Alloctr  106  Proc 5845 

End DR iteration 7 with 13 parts

Start DR iteration 8: non-uniform partition
Routed	1/12 Partitions, Violations =	42
Routed	2/12 Partitions, Violations =	42
Routed	3/12 Partitions, Violations =	46
Routed	4/12 Partitions, Violations =	34
Routed	5/12 Partitions, Violations =	38
Routed	6/12 Partitions, Violations =	44
Routed	7/12 Partitions, Violations =	44
Routed	8/12 Partitions, Violations =	35
Routed	9/12 Partitions, Violations =	39
Routed	10/12 Partitions, Violations =	52
Routed	11/12 Partitions, Violations =	52
Routed	12/12 Partitions, Violations =	50

DRC-SUMMARY:
	@@@@@@@ TOTAL VIOLATIONS =	50
	Diff net spacing : 39
	Same net spacing : 5
	Short : 6

Information: The app option "route.detail.report_soft_drc_separately" will be on-by-default in future release. (ZRT-807)
	@@@@@@@ TOTAL SOFT VIOLATIONS =	0

[Iter 8] Elapsed real time: 0:00:03 
[Iter 8] Elapsed cpu  time: sys=0:00:00 usr=0:00:09 total=0:00:09
[Iter 8] Stage (MB): Used   86  Alloctr   86  Proc    0 
[Iter 8] Total (MB): Used  104  Alloctr  106  Proc 5845 

End DR iteration 8 with 12 parts

Start DR iteration 9: non-uniform partition
Routed	1/12 Partitions, Violations =	49
Routed	2/12 Partitions, Violations =	43
Routed	3/12 Partitions, Violations =	45
Routed	4/12 Partitions, Violations =	49
Routed	5/12 Partitions, Violations =	44
Routed	6/12 Partitions, Violations =	46
Routed	7/12 Partitions, Violations =	33
Routed	8/12 Partitions, Violations =	37
Routed	9/12 Partitions, Violations =	37
Routed	10/12 Partitions, Violations =	37
Routed	11/12 Partitions, Violations =	37
Routed	12/12 Partitions, Violations =	37

DRC-SUMMARY:
	@@@@@@@ TOTAL VIOLATIONS =	37
	Diff net spacing : 34
	Same net spacing : 1
	Short : 2

Information: The app option "route.detail.report_soft_drc_separately" will be on-by-default in future release. (ZRT-807)
	@@@@@@@ TOTAL SOFT VIOLATIONS =	0

[Iter 9] Elapsed real time: 0:00:04 
[Iter 9] Elapsed cpu  time: sys=0:00:00 usr=0:00:10 total=0:00:10
[Iter 9] Stage (MB): Used   86  Alloctr   86  Proc    0 
[Iter 9] Total (MB): Used  104  Alloctr  106  Proc 5845 

End DR iteration 9 with 12 parts

Start DR iteration 10: non-uniform partition
Routed	1/11 Partitions, Violations =	37
Routed	2/11 Partitions, Violations =	27
Routed	3/11 Partitions, Violations =	35
Routed	4/11 Partitions, Violations =	35
Routed	5/11 Partitions, Violations =	34
Routed	6/11 Partitions, Violations =	36
Routed	7/11 Partitions, Violations =	36
Routed	8/11 Partitions, Violations =	36
Routed	9/11 Partitions, Violations =	34
Routed	10/11 Partitions, Violations =	32
Routed	11/11 Partitions, Violations =	37

DRC-SUMMARY:
	@@@@@@@ TOTAL VIOLATIONS =	37
	Diff net spacing : 34
	Same net spacing : 2
	Short : 1

Information: The app option "route.detail.report_soft_drc_separately" will be on-by-default in future release. (ZRT-807)
	@@@@@@@ TOTAL SOFT VIOLATIONS =	0

[Iter 10] Elapsed real time: 0:00:04 
[Iter 10] Elapsed cpu  time: sys=0:00:00 usr=0:00:11 total=0:00:11
[Iter 10] Stage (MB): Used   86  Alloctr   86  Proc    0 
[Iter 10] Total (MB): Used  104  Alloctr  106  Proc 5845 

End DR iteration 10 with 11 parts

Start DR iteration 11: non-uniform partition
Routed	1/10 Partitions, Violations =	35
Routed	2/10 Partitions, Violations =	29
Routed	3/10 Partitions, Violations =	35
Routed	4/10 Partitions, Violations =	35
Routed	5/10 Partitions, Violations =	31
Routed	6/10 Partitions, Violations =	33
Routed	7/10 Partitions, Violations =	35
Routed	8/10 Partitions, Violations =	30
Routed	9/10 Partitions, Violations =	35
Routed	10/10 Partitions, Violations =	35

DRC-SUMMARY:
	@@@@@@@ TOTAL VIOLATIONS =	35
	Diff net spacing : 32
	Same net spacing : 1
	Short : 2

Information: The app option "route.detail.report_soft_drc_separately" will be on-by-default in future release. (ZRT-807)
	@@@@@@@ TOTAL SOFT VIOLATIONS =	0

[Iter 11] Elapsed real time: 0:00:05 
[Iter 11] Elapsed cpu  time: sys=0:00:00 usr=0:00:12 total=0:00:12
[Iter 11] Stage (MB): Used   86  Alloctr   86  Proc    0 
[Iter 11] Total (MB): Used  104  Alloctr  106  Proc 5845 

End DR iteration 11 with 10 parts

Start DR iteration 12: non-uniform partition
Routed	1/10 Partitions, Violations =	35
Routed	2/10 Partitions, Violations =	35
Routed	3/10 Partitions, Violations =	27
Routed	4/10 Partitions, Violations =	31
Routed	5/10 Partitions, Violations =	35
Routed	6/10 Partitions, Violations =	29
Routed	7/10 Partitions, Violations =	31
Routed	8/10 Partitions, Violations =	33
Routed	9/10 Partitions, Violations =	33
Routed	10/10 Partitions, Violations =	33

DRC-SUMMARY:
	@@@@@@@ TOTAL VIOLATIONS =	33
	Diff net spacing : 29
	Same net spacing : 2
	Short : 2

Information: The app option "route.detail.report_soft_drc_separately" will be on-by-default in future release. (ZRT-807)
	@@@@@@@ TOTAL SOFT VIOLATIONS =	0

[Iter 12] Elapsed real time: 0:00:05 
[Iter 12] Elapsed cpu  time: sys=0:00:00 usr=0:00:13 total=0:00:14
[Iter 12] Stage (MB): Used   86  Alloctr   86  Proc    0 
[Iter 12] Total (MB): Used  104  Alloctr  106  Proc 5845 

End DR iteration 12 with 10 parts

Start DR iteration 13: non-uniform partition
Routed	1/9 Partitions, Violations =	33
Routed	2/9 Partitions, Violations =	33
Routed	3/9 Partitions, Violations =	28
Routed	4/9 Partitions, Violations =	30
Routed	5/9 Partitions, Violations =	32
Routed	6/9 Partitions, Violations =	32
Routed	7/9 Partitions, Violations =	32
Routed	8/9 Partitions, Violations =	32
Routed	9/9 Partitions, Violations =	32

DRC-SUMMARY:
	@@@@@@@ TOTAL VIOLATIONS =	32
	Diff net spacing : 29
	Same net spacing : 1
	Short : 2

Information: The app option "route.detail.report_soft_drc_separately" will be on-by-default in future release. (ZRT-807)
	@@@@@@@ TOTAL SOFT VIOLATIONS =	0

[Iter 13] Elapsed real time: 0:00:06 
[Iter 13] Elapsed cpu  time: sys=0:00:00 usr=0:00:15 total=0:00:15
[Iter 13] Stage (MB): Used   86  Alloctr   86  Proc    0 
[Iter 13] Total (MB): Used  104  Alloctr  106  Proc 5845 

End DR iteration 13 with 9 parts

Start DR iteration 14: non-uniform partition
Routed	1/10 Partitions, Violations =	32
Routed	2/10 Partitions, Violations =	32
Routed	3/10 Partitions, Violations =	28
Routed	4/10 Partitions, Violations =	32
Routed	5/10 Partitions, Violations =	30
Routed	6/10 Partitions, Violations =	32
Routed	7/10 Partitions, Violations =	28
Routed	8/10 Partitions, Violations =	33
Routed	9/10 Partitions, Violations =	33
Routed	10/10 Partitions, Violations =	33

DRC-SUMMARY:
	@@@@@@@ TOTAL VIOLATIONS =	33
	Diff net spacing : 30
	Same net spacing : 1
	Short : 2

Information: The app option "route.detail.report_soft_drc_separately" will be on-by-default in future release. (ZRT-807)
	@@@@@@@ TOTAL SOFT VIOLATIONS =	0

[Iter 14] Elapsed real time: 0:00:07 
[Iter 14] Elapsed cpu  time: sys=0:00:00 usr=0:00:16 total=0:00:16
[Iter 14] Stage (MB): Used   86  Alloctr   86  Proc    0 
[Iter 14] Total (MB): Used  104  Alloctr  106  Proc 5845 

End DR iteration 14 with 10 parts

Start DR iteration 15: non-uniform partition
Routed	1/9 Partitions, Violations =	33
Routed	2/9 Partitions, Violations =	33
Routed	3/9 Partitions, Violations =	29
Routed	4/9 Partitions, Violations =	31
Routed	5/9 Partitions, Violations =	29
Routed	6/9 Partitions, Violations =	31
Routed	7/9 Partitions, Violations =	33
Routed	8/9 Partitions, Violations =	33
Routed	9/9 Partitions, Violations =	32

DRC-SUMMARY:
	@@@@@@@ TOTAL VIOLATIONS =	32
	Diff net spacing : 28
	Same net spacing : 2
	Short : 2

Information: The app option "route.detail.report_soft_drc_separately" will be on-by-default in future release. (ZRT-807)
	@@@@@@@ TOTAL SOFT VIOLATIONS =	0

[Iter 15] Elapsed real time: 0:00:07 
[Iter 15] Elapsed cpu  time: sys=0:00:00 usr=0:00:17 total=0:00:17
[Iter 15] Stage (MB): Used   86  Alloctr   86  Proc    0 
[Iter 15] Total (MB): Used  104  Alloctr  106  Proc 5845 

End DR iteration 15 with 9 parts

Start DR iteration 16: non-uniform partition
Routed	1/9 Partitions, Violations =	32
Routed	2/9 Partitions, Violations =	30
Routed	3/9 Partitions, Violations =	28
Routed	4/9 Partitions, Violations =	30
Routed	5/9 Partitions, Violations =	32
Routed	6/9 Partitions, Violations =	29
Routed	7/9 Partitions, Violations =	33
Routed	8/9 Partitions, Violations =	33
Routed	9/9 Partitions, Violations =	34

DRC-SUMMARY:
	@@@@@@@ TOTAL VIOLATIONS =	34
	Diff net spacing : 30
	Same net spacing : 2
	Short : 2

Information: The app option "route.detail.report_soft_drc_separately" will be on-by-default in future release. (ZRT-807)
	@@@@@@@ TOTAL SOFT VIOLATIONS =	0

[Iter 16] Elapsed real time: 0:00:08 
[Iter 16] Elapsed cpu  time: sys=0:00:00 usr=0:00:18 total=0:00:18
[Iter 16] Stage (MB): Used   86  Alloctr   86  Proc    0 
[Iter 16] Total (MB): Used  104  Alloctr  106  Proc 5845 

End DR iteration 16 with 9 parts

Start DR iteration 17: non-uniform partition
Routed	1/9 Partitions, Violations =	31
Routed	2/9 Partitions, Violations =	26
Routed	3/9 Partitions, Violations =	30
Routed	4/9 Partitions, Violations =	28
Routed	5/9 Partitions, Violations =	26
Routed	6/9 Partitions, Violations =	28
Routed	7/9 Partitions, Violations =	30
Routed	8/9 Partitions, Violations =	30
Routed	9/9 Partitions, Violations =	32

DRC-SUMMARY:
	@@@@@@@ TOTAL VIOLATIONS =	32
	Diff net spacing : 28
	Same net spacing : 2
	Short : 2

Information: The app option "route.detail.report_soft_drc_separately" will be on-by-default in future release. (ZRT-807)
	@@@@@@@ TOTAL SOFT VIOLATIONS =	0

[Iter 17] Elapsed real time: 0:00:08 
[Iter 17] Elapsed cpu  time: sys=0:00:00 usr=0:00:19 total=0:00:19
[Iter 17] Stage (MB): Used   86  Alloctr   86  Proc    0 
[Iter 17] Total (MB): Used  104  Alloctr  106  Proc 5845 

End DR iteration 17 with 9 parts

Incremental DRC patching before early termination:
Routed	1/10 Partitions, Violations =	32
Routed	2/10 Partitions, Violations =	32
Routed	3/10 Partitions, Violations =	32
Routed	4/10 Partitions, Violations =	32
Routed	5/10 Partitions, Violations =	22
Routed	6/10 Partitions, Violations =	30
Routed	7/10 Partitions, Violations =	30
Routed	8/10 Partitions, Violations =	28
Routed	9/10 Partitions, Violations =	30
Routed	10/10 Partitions, Violations =	30

DRC-SUMMARY:
	@@@@@@@ TOTAL VIOLATIONS =	30
	Diff net spacing : 28
	Short : 2

Information: The app option "route.detail.report_soft_drc_separately" will be on-by-default in future release. (ZRT-807)
	@@@@@@@ TOTAL SOFT VIOLATIONS =	0

[Iter 18] Elapsed real time: 0:00:09 
[Iter 18] Elapsed cpu  time: sys=0:00:00 usr=0:00:20 total=0:00:20
[Iter 18] Stage (MB): Used   86  Alloctr   86  Proc    0 
[Iter 18] Total (MB): Used  104  Alloctr  106  Proc 5845 

End DR iteration 18 with 10 parts

Stop DR since not converging

Information: Detail Routing terminated early because DRCs were not converging: true (ZRT-312)
[DR] Elapsed real time: 0:00:09 
[DR] Elapsed cpu  time: sys=0:00:00 usr=0:00:20 total=0:00:20
[DR] Stage (MB): Used    0  Alloctr    0  Proc    0 
[DR] Total (MB): Used   18  Alloctr   20  Proc 5845 
[DR: Done] Elapsed real time: 0:00:09 
[DR: Done] Elapsed cpu  time: sys=0:00:00 usr=0:00:20 total=0:00:20
[DR: Done] Stage (MB): Used    0  Alloctr    0  Proc    0 
[DR: Done] Total (MB): Used   18  Alloctr   20  Proc 5845 

DR finished with 0 open nets, of which 0 are frozen
Information: Merged away 14 aligned/redundant DRCs. (ZRT-305)

DR finished with 16 violations

DRC-SUMMARY:
	@@@@@@@ TOTAL VIOLATIONS =	16
	Diff net spacing : 14
	Short : 2

Information: The app option "route.detail.report_soft_drc_separately" will be on-by-default in future release. (ZRT-807)
	@@@@@@@ TOTAL SOFT VIOLATIONS =	0



Total Wire Length =                    17356 micron
Total Number of Contacts =             3353
Total Number of Wires =                2681
Total Number of PtConns =              821
Total Number of Routed Wires =       2635
Total Routed Wire Length =           17105 micron
Total Number of Routed Contacts =       3353
	Layer    METAL1 :        139 micron
	Layer    METAL2 :       2873 micron
	Layer    METAL3 :       6799 micron
	Layer    METAL4 :       7060 micron
	Layer    METAL5 :        118 micron
	Layer    METAL6 :        117 micron
	Via        via5 :          2
	Via        via4 :         13
	Via        via3 :        955
	Via        via2 :       1212
	Via   via2(rot) :          8
	Via        via1 :        106
	Via   via1(rot) :       1057

 
Redundant via conversion report:
--------------------------------

  Total optimized via conversion rate =  0.00% (0 / 3353 vias)
 
    Layer VIA12      =  0.00% (0      / 1163    vias)
        Un-optimized =  0.00% (0       vias)
        Un-mapped    = 100.00% (1163    vias)
    Layer VIA23      =  0.00% (0      / 1220    vias)
        Un-optimized =  0.00% (0       vias)
        Un-mapped    = 100.00% (1220    vias)
    Layer VIA34      =  0.00% (0      / 955     vias)
        Un-optimized =  0.00% (0       vias)
        Un-mapped    = 100.00% (955     vias)
    Layer VIA45      =  0.00% (0      / 13      vias)
        Un-optimized =  0.00% (0       vias)
        Un-mapped    = 100.00% (13      vias)
    Layer VIA56      =  0.00% (0      / 2       vias)
        Un-optimized =  0.00% (0       vias)
        Un-mapped    = 100.00% (2       vias)
 
  Total double via conversion rate    =  0.00% (0 / 3353 vias)
 
    Layer VIA12      =  0.00% (0      / 1163    vias)
    Layer VIA23      =  0.00% (0      / 1220    vias)
    Layer VIA34      =  0.00% (0      / 955     vias)
    Layer VIA45      =  0.00% (0      / 13      vias)
    Layer VIA56      =  0.00% (0      / 2       vias)
 
  The optimized via conversion rate based on total routed via count =  0.00% (0 / 3353 vias)
 
    Layer VIA12      =  0.00% (0      / 1163    vias)
        Un-optimized =  0.00% (0       vias)
        Un-mapped    = 100.00% (1163    vias)
    Layer VIA23      =  0.00% (0      / 1220    vias)
        Un-optimized =  0.00% (0       vias)
        Un-mapped    = 100.00% (1220    vias)
    Layer VIA34      =  0.00% (0      / 955     vias)
        Un-optimized =  0.00% (0       vias)
        Un-mapped    = 100.00% (955     vias)
    Layer VIA45      =  0.00% (0      / 13      vias)
        Un-optimized =  0.00% (0       vias)
        Un-mapped    = 100.00% (13      vias)
    Layer VIA56      =  0.00% (0      / 2       vias)
        Un-optimized =  0.00% (0       vias)
        Un-mapped    = 100.00% (2       vias)
 

Total number of nets = 3858
0 open nets, of which 0 are frozen
Total number of excluded ports = 0 ports of 0 unplaced cells connected to 0 nets
                                 0 ports without pins of 0 cells connected to 0 nets
                                 0 ports of 0 cover cells connected to 0 non-pg nets
Total number of DRCs = 16
Total number of antenna violations = antenna checking not active
Information: Routes in non-preferred voltage areas = 0 (ZRT-559)

Updating the database ...
set_app_options -as_user_default -list {route.global.global_route_topology_style 0}
Warning: Ignoring -as_user_default option since application option <route.global.global_route_topology_style> is global scoped. (NDMUI-1004)
route.global.global_route_topology_style 0
Information: Ending   clock_opt / route_clock / Clock Routing (FLW-8001)
Information: Time: 2026-09-18 20:21:44 / Session:  00:01:37 / Command:  00:00:20 / CPU:  00:00:50 / Memory: 2147 MB (FLW-8100)

Information: Ending   clock_opt / route_clock (FLW-8001)
Information: Time: 2026-09-18 20:21:45 / Session:  00:01:37 / Command:  00:00:20 / CPU:  00:00:50 / Memory: 2147 MB (FLW-8100)
TEST: runCore rteClkEnd-end
INFO: run stage final_opto (init -> end)
TEST: runCore finalOptoInit-init

----------------------------------------------------------------------------------------------------------
Information: Starting clock_opt / final_opto (FLW-8000)
Information: Time: 2026-09-18 20:21:45 / Session:  00:01:37 / Command:  00:00:20 / CPU:  00:00:50 / Memory: 2147 MB (FLW-8100)
----------------------------------------------------------------------------------------------------------

Information: The value of option cts.compile.enable_cell_relocation has been overridden to "leaf_only" to support latency-driven placement. (CTS-973)
Information: The stitching and editing of coupling caps is turned OFF for design 'sar16_pnr_paper_core:sar_digi_paper_core.design'. (TIM-125)
Information: Design sar_digi_paper_core has 3858 nets, 0 global routed, 62 detail routed. (NEX-024)
Information: The RC mode used is CTO for design 'sar_digi_paper_core'. (NEX-022)
Information: Design Average RC for design sar_digi_paper_core  (NEX-011)
Information: r = 0.279036 ohm/um, via_r = 4.999999 ohm/cut, c = 0.481225 ff/um, cc = 0.000000 ff/um (X dir) (NEX-017)
Information: r = 0.240639 ohm/um, via_r = 5.000000 ohm/cut, c = 0.197639 ff/um, cc = 0.000000 ff/um (Y dir) (NEX-017)
Information: Update timing completed net estimation for all the timing graph nets (TIM-111)
Information: Net estimation statistics: timing graph nets = 3856, routed nets = 62, across physical hierarchy nets = 0, parasitics cached nets = 3856, delay annotated nets = 0, parasitics annotated nets = 0, multi-voltage nets = 0. (TIM-112)
Clock-opt command begin                   CPU:   170 s (  0.05 hr )  ELAPSE:    97 s (  0.03 hr )  MEM-PEAK:  2147 MB
INFO: Removed total 0 routing shapes from 3995 signal nets.
Info: update em.

Clock-opt timing update complete          CPU:   170 s (  0.05 hr )  ELAPSE:    97 s (  0.03 hr )  MEM-PEAK:  2147 MB
INFO: Propagating Switching Activities
Information: Activity propagation will be performed for scenario default.
Information: Doing activity propagation for mode 'default' and corner 'default' with effort level 'medium'. (POW-024)
Information: Timer-derived activity data is cached on scenario default (POW-052)
Information: Running switching activity propagation with 8 threads!

 **** Information : No. of simulation cycles = 7 ****
INFO: Switching Activity propagation took     0.00001 sec
INFO: Propagating Switching Activity for all power flows 

Clock-opt initial QoR
_____________________
Scenario Mapping Table
1: default

Pathgroup Mapping Table
1: **default**
2: **async_default**
3: **clock_gating_default**
4: **in2reg_default**
5: **reg2out_default**
6: **in2out_default**
7: clk
8: dec_clk

-------------------------------------------------------------------------------------------------------------------------------------------------------------
PATHGROUP QOR 
-------------------------------------------------------------------------------------------------------------------------------------------------------------
Scene  PG      WNS        TNS    NSV      WHV        THV    NHV
    1   1   0.0000     0.0000      0   0.0000     0.0000      0
    1   2   0.0000     0.0000      0   0.0000     0.0000      0
    1   3   0.0000     0.0000      0   0.0000     0.0000      0
    1   4   0.0000     0.0000      0   0.0000     0.0000      0
    1   5   0.0000     0.0000      0   0.0000     0.0000      0
    1   6   0.0000     0.0000      0   0.0000     0.0000      0
    1   7   0.0000     0.0000      0   0.0000     0.0000      0
    1   8   0.0000     0.0000      0   0.0000     0.0000      0
----------------------------------------------------------------------------------------------------------------------------------------------------------------------
SCENARIO QOR 
----------------------------------------------------------------------------------------------------------------------------------------------------------------------
Scene  PG      WNS        TNS   R2RTNS    NSV      WHV        THV    NHV  MaxTrnV   MaxTranC  MaxCapV    Leakage
    1   *   0.0000     0.0000   0.0000      0   0.0000     0.0000      0        4     0.0952        0 3515559.50
----------------------------------------------------------------------------------------------------------------------------------------------------------------------
DESIGN QOR 
----------------------------------------------------------------------------------------------------------------------------------------------------------------------
Scene  PG      WNS        TNS   R2RTNS    NSV      WHV        THV    NHV  MaxTrnV   MaxTranC  MaxCapV    Leakage         Area    InstCnt     BufCnt     InvCnt
    *   *   0.0000     0.0000   0.0000      0   0.0000     0.0000      0        4     0.0952        0 3515559.50    104991.16       3704        295        316
----------------------------------------------------------------------------------------------------------------------------------------------------------------------

Clock-opt initial QoR Summary       WNS        TNS   R2RTNS    NSV      WHV        THV    NHV  MaxTrnV  MaxCapV    Leakage         Area    InstCnt
Clock-opt initial QoR Summary    0.0000     0.0000   0.0000      0   0.0000     0.0000      0        4        0 3515559.50    104991.16       3704
Information: The netlist change observers are disabled for incremental extraction. (TIM-126)
INFO: using 8 threads
Clock-opt initialization complete         CPU:   175 s (  0.05 hr )  ELAPSE:    98 s (  0.03 hr )  MEM-PEAK:  2147 MB
Clock-opt optimization summary            SETUP-COST    R2R-COST HOLD-COST LDRC-COST          AREA     LEAKAGE     INSTCNT            ELAPSE       MEM
Number of Site types in the design = 1
Setting up Chip Core
Chip Core shape: (0 0) (4296600 4284000)
Number of VARs = 1
Number of unique PDs = 1
Number of Power Domains = 1
Number of Voltage Areas = 1
Number of supply Nets = 2
Number of used supplies = 0
Blocked VAs: 
Information: The netlist change observers are enabled for incremental extraction. (TIM-127)

Information: Initializing classic cellmap without advanced rules enabled and without PDC enabled
Information: The following app options are used in cellmap
        place.legalize.enable_color_aware_placement : false
        place.legalize.use_nll_query_cm : false
        place.legalize.enable_advanced_legalizer : false
        place.legalize.enable_prerouted_net_check : true
        place.legalize.enable_advanced_prerouted_net_check : false
        place.legalize.always_continue : true
        place.legalize.limit_legality_checks : false
        place.common.pnet_aware_density : 1.0000
        place.common.pnet_aware_min_width : 0.0000
        place.common.pnet_aware_layers : {}
        place.common.use_placement_model : false
        place.common.enable_advanced_placement_model : true
        cts.placement.cell_spacing_rule_style : maximum
Total 0.0059 seconds to build cellmap data
INFO: creating 29(r) x 29(c) GridCells YDim 15.12 XDim 15.12
INFO: number of GridCells (sar_digi_paper_core): 841
INFO: creating 29(r) x 29(c) GridCells YDim 15.12 XDim 15.12
INFO: number of GridCells (sar_digi_paper_core): 841
Total 0.0276 seconds to load 3704 cell instances into cellmap
Moveable cells: 3644; Application fixed cells: 60; Macro cells: 0; User fixed cells: 0
0 out of 3794 data nets is detail routed, 62 out of 62 clock nets are detail routed and total 3856 nets have been analyzed
Only clock route nets/shapes. Estimated current stage is after clock detail route stage
Average cell width 5.6241, cell height 5.0400, cell area 28.3453 for total 3704 placed and application fixed cells
Clock-opt optimization Phase 3 Iter  1          0.00        0.00      0.01         3     104991.16  3515559.50        3704              0.03      2147
Number of Site types in the design = 1
Setting up Chip Core
Chip Core shape: (0 0) (4296600 4284000)
Number of VARs = 1
Number of unique PDs = 1
Number of Power Domains = 1
Number of Voltage Areas = 1
Number of supply Nets = 2
Number of used supplies = 0
Blocked VAs: 

Clock-opt optimization Phase 4 Iter  1          0.00        0.00      0.01         3     104991.16  3515559.50        3704              0.03      2147
Corner Scaling is off, multiplier is 1.000000
Corner Scaling is off, multiplier is 1.000000
Information: Using default layer METAL4 (Current) (OPT-079)
new default layer same as orig default layer
Information: Using default layer METAL4 (Inferior) (OPT-079)
bmap: stepx = stepy = 252000
creating bmap
DB units per micron : 10000
Building neighbor and MV cache
INFO: New Levelizer turned on
Clock-opt optimization Phase 4 Iter  2          0.00        0.00      0.01         3     104991.16  3515559.50        3704              0.03      2147
Clock-opt optimization Phase 4 Iter  3          0.00        0.00      0.01         3     104991.16  3515559.50        3704              0.03      2147
Clock-opt optimization Phase 4 Iter  4          0.00        0.00      0.01         3     104991.16  3515559.50        3704              0.03      2147

Clock-opt optimization Phase 5 Iter  1          0.00        0.00      0.01         3     105004.47  3516802.25        3705              0.03      2147

Convert timing mode ...
Clock-opt optimization Phase 6 Iter  1          0.00        0.00      0.01         3     105004.47  3516802.25        3705              0.03      2147
Clock-opt optimization Phase 6 Iter  2          0.00        0.00      0.01         3     105004.47  3516802.25        3705              0.03      2147
Clock-opt optimization Phase 6 Iter  3          0.00        0.00      0.01         3     105004.47  3516802.25        3705              0.03      2147
Clock-opt optimization Phase 6 Iter  4          0.00        0.00      0.01         3     105004.47  3516802.25        3705              0.03      2147
Corner Scaling is off, multiplier is 1.000000
Information: Using default layer METAL4 (Current) (OPT-079)
new default layer same as orig default layer
Information: Using default layer METAL4 (Inferior) (OPT-079)
bmap: stepx = stepy = 252000
creating bmap
DB units per micron : 10000
Building neighbor and MV cache
Clock-opt optimization Phase 6 Iter  5          0.00        0.00      0.01         3     105004.47  3516802.25        3705              0.03      2147
Clock-opt optimization summary            SETUP-COST    R2R-COST HOLD-COST LDRC-COST          AREA     LEAKAGE     INSTCNT            ELAPSE       MEM
Clock-opt optimization Phase 6 Iter  6          0.00        0.00      0.01         3     105004.47  3516802.25        3705              0.03      2147
Clock-opt optimization Phase 6 Iter  7          0.00        0.00      0.01         3     105004.47  3516802.25        3705              0.03      2147
Clock-opt optimization Phase 6 Iter  8          0.00        0.00      0.01         3     105004.47  3516802.25        3705              0.03      2147
Clock-opt optimization Phase 6 Iter  9          0.00        0.00      0.01         3     105004.47  3516802.25        3705              0.03      2147
Clock-opt optimization Phase 6 Iter 10          0.00        0.00      0.01         3     105004.47  3516802.25        3705              0.03      2147
Clock-opt optimization Phase 6 Iter 11          0.00        0.00      0.01         3     105004.47  3516802.25        3705              0.03      2147
Clock-opt optimization Phase 6 Iter 12          0.00        0.00      0.01         3     105004.47  3516802.25        3705              0.03      2147
Clock-opt optimization Phase 6 Iter 13          0.00        0.00      0.01         3     105004.47  3516802.25        3705              0.03      2147
Clock-opt optimization Phase 6 Iter 14          0.00        0.00      0.01         3     105004.47  3516802.25        3705              0.03      2147
Clock-opt optimization Phase 6 Iter 15          0.00        0.00      0.01         3     105004.47  3516802.25        3705              0.03      2147
Clock-opt optimization Phase 6 Iter 16          0.00        0.00      0.01         3     105004.47  3516802.25        3705              0.03      2147
Clock-opt optimization Phase 6 Iter 17          0.00        0.00      0.01         3     105004.47  3516802.25        3705              0.03      2147
Clock-opt optimization Phase 6 Iter 18          0.00        0.00      0.01         3     105004.47  3516802.25        3705              0.03      2147
Clock-opt optimization Phase 6 Iter 19          0.00        0.00      0.01         3     105004.47  3516802.25        3705              0.03      2147
Clock-opt optimization Phase 6 Iter 20          0.00        0.00      0.01         3     105004.47  3516802.25        3705              0.03      2147
Clock-opt optimization Phase 6 Iter 21          0.00        0.00      0.01         3     105004.47  3516802.25        3705              0.03      2147
Clock-opt optimization Phase 6 Iter 22          0.00        0.00      0.01         3     105004.47  3516802.25        3705              0.03      2147
Clock-opt optimization Phase 6 Iter 23          0.00        0.00      0.01         3     105004.47  3516802.25        3705              0.03      2147
Clock-opt optimization Phase 6 Iter 24          0.00        0.00      0.01         3     105004.47  3516802.25        3705              0.03      2147
Clock-opt optimization Phase 6 Iter 25          0.00        0.00      0.01         3     105004.47  3516802.25        3705              0.03      2147
Clock-opt optimization Phase 6 Iter 26          0.00        0.00      0.01         3     105004.47  3516802.25        3705              0.03      2147
Clock-opt optimization Phase 6 Iter 27          0.00        0.00      0.01         3     105004.47  3516802.25        3705              0.03      2147
Clock-opt optimization Phase 6 Iter 28          0.00        0.00      0.01         3     105004.47  3516802.25        3705              0.03      2147
Clock-opt optimization Phase 6 Iter 29          0.00        0.00      0.01         3     105004.47  3516802.25        3705              0.03      2147
Clock-opt optimization Phase 6 Iter 30          0.00        0.00      0.01         3     105004.47  3516802.25        3705              0.03      2147

Clock-opt optimization Phase 7 Iter  1          0.00        0.00      0.01         3     105004.47  3516802.25        3705              0.03      2147
Clock-opt optimization Phase 7 Iter  2          0.00        0.00      0.01         3     105004.47  3516802.25        3705              0.03      2147
Warning: Restoring scoped app option 'xform.commit_density_threshold' to original value 'unset' (from current value '1', which is different from the scoped value '1.0'). (FLW-2892)
Warning: Restoring scoped app option 'opt.internal.levfilter_arec_slack' to original value 'unset' (from current value '-1', which is different from the scoped value '-1.0'). (FLW-2892)
Information: Configuring Design Fusion Restructuring for total power ...
Clock-opt optimization Phase 7 Iter  3          0.00        0.00      0.01         3     105004.47  3516802.25        3705              0.03      2147
Warning: Restoring scoped app option 'xform.commit_density_threshold' to original value 'unset' (from current value '1', which is different from the scoped value '1.0'). (FLW-2892)
Warning: Restoring scoped app option 'opt.internal.levfilter_arec_slack' to original value 'unset' (from current value '-1', which is different from the scoped value '-1.0'). (FLW-2892)
LR XFORM: End Prediction Mode

Clock-opt optimization Phase 8 Iter  1          0.00        0.00      0.01         3     104079.73  3444173.75        3715              0.03      2147
INFO: New Levelizer turned on
INFO: New Levelizer turned on

Clock-opt optimization summary            SETUP-COST    R2R-COST HOLD-COST LDRC-COST          AREA     LEAKAGE     INSTCNT            ELAPSE       MEM
Clock-opt optimization Phase 9 Iter  1          0.00        0.00      0.01         3     103993.24  3440983.50        3706              0.03      2147
ISR: Running first pass 
INFO: New Levelizer turned on
[ISR-KNEP2] Knee  _candPts 1220  excluded 1165  numKnees(appOption) 3  allKneesSize 4  mergedKneesSize(includes excluded) 3
[ISR-KNEP2] Knee 0.00989506  Ignore(Merge) 1  Upcands 96
[ISR-KNEP2] Knee 0.00054727  Ignore(Merge) 0  Upcands 210
[ISR-KNEP2] Knee 0.00015588  Ignore(Merge) 0  Upcands 183
[ISR-KNEP2] Knee 0.00000000  Ignore(Merge) 0  Upcands 1037
[ISR-KNEP2] Merged-Knee 0.00054727  Upcands(with excluded) 210
[ISR-KNEP2] Merged-Knee 0.00015588  Upcands(with excluded) 183
[ISR-KNEP2] Merged-Knee 0.00000000  Upcands(with excluded) 2202
[ISR-TRACE] Potential Bucket: Pass 1  Index 0  #Total-cands    210 ( 8.09%) SumPotEst 0.07644515 (99.27%) 
[ISR-TRACE] Potential Bucket: Pass 1  Index 1  #Total-cands    183 ( 7.05%) SumPotEst 0.00025270 ( 0.33%) 
[ISR-TRACE] Potential Bucket: Pass 1  Index 2  #Total-cands   2202 (84.86%) SumPotEst 0.00030739 ( 0.40%) 
[ISR-BKTP1] Bucket 1  #Tot-Cands    210  #Comitted    1 ( 0.98%)  #runProblems    102  #Batches   43  #lowRoi-filter   108
[ISR-TRACE] Iter 2  TotCands 0  Combo 0  Seq 0  Filtered 0  NumKnees: 3
[ISR-TRACE] Pass 1    Filter stats     #static   #dynamic
[ISR-TRACE]            bufrem-filter       0 |      0 
[ISR-TRACE]          holdviol-filter       0 |      0 
[ISR-TRACE]     isDownsizable-filter       0 |      0 
[ISR-TRACE]            lowRoi-filter       0 |    108 
[ISR-TRACE]         ok-driver-filter    2162 |      0 
[ISR-TRACE]             slack-filter       0 |      0 

ISR: Running second pass 
INFO: New Levelizer turned on
[ISR-KNEP3] Knee  _candPts 1213  excluded 1147  numKnees(appOption) 3  allKneesSize 4  mergedKneesSize(includes excluded) 2
[ISR-KNEP3] Knee 0.01735501  Ignore(Merge) 1  Upcands 85
[ISR-KNEP3] Knee 0.00056384  Ignore(Merge) 0  Upcands 235
[ISR-KNEP3] Knee 0.00021305  Ignore(Merge) 1  Upcands 88
[ISR-KNEP3] Knee 0.00000000  Ignore(Merge) 0  Upcands 1213
[ISR-KNEP3] Merged-Knee 0.00056384  Upcands(with excluded) 235
[ISR-KNEP3] Merged-Knee 0.00000000  Upcands(with excluded) 2360
[ISR-TRACE] Potential Bucket: Pass 2  Index 0  #Total-cands    235 ( 9.06%) SumPotEst 0.15484816 (99.61%) 
[ISR-TRACE] Potential Bucket: Pass 2  Index 1  #Total-cands   2360 (90.94%) SumPotEst 0.00060070 ( 0.39%) 
[ISR-BKTP2] Bucket 1  #Tot-Cands    235  #Comitted   20 (14.39%)  #runProblems    139  #Batches   40  #lowRoi-filter    96
[ISR-BKTP2] Bucket 2  #Tot-Cands   2360  #Comitted   77 (10.36%)  #runProblems    743  #Batches  130  #isDownsizable-filter   575  #lowRoi-filter  1042
[ISR-TRACE] Pass 2    Filter stats     #static   #dynamic
[ISR-TRACE]            bufrem-filter       0 |      0 
[ISR-TRACE]          holdviol-filter       0 |      0 
[ISR-TRACE]     isDownsizable-filter       0 |    575 
[ISR-TRACE]            lowRoi-filter       0 |   1138 
[ISR-TRACE]         ok-driver-filter    2162 |      0 
[ISR-TRACE]             slack-filter       0 |      0 

Clock-opt optimization Phase 9 Iter  2          0.00        0.00      0.01         3     103993.24  3440983.50        3706              0.03      2147
INFO: New Levelizer turned on
[ISR-KNEP4] Knee  _candPts 1217  excluded 1175  numKnees(appOption) 3  allKneesSize 4  mergedKneesSize(includes excluded) 3
[ISR-KNEP4] Knee 0.00989506  Ignore(Merge) 1  Upcands 96
[ISR-KNEP4] Knee 0.00046141  Ignore(Merge) 0  Upcands 203
[ISR-KNEP4] Knee 0.00010625  Ignore(Merge) 0  Upcands 287
[ISR-KNEP4] Knee 0.00000000  Ignore(Merge) 0  Upcands 930
[ISR-KNEP4] Merged-Knee 0.00046141  Upcands(with excluded) 203
[ISR-KNEP4] Merged-Knee 0.00010625  Upcands(with excluded) 287
[ISR-KNEP4] Merged-Knee 0.00000000  Upcands(with excluded) 2105
[ISR-TRACE] Potential Bucket: Pass 1  Index 0  #Total-cands    203 ( 7.82%) SumPotEst 0.07636323 (99.31%) 
[ISR-TRACE] Potential Bucket: Pass 1  Index 1  #Total-cands    287 (11.06%) SumPotEst 0.00030740 ( 0.40%) 
[ISR-TRACE] Potential Bucket: Pass 1  Index 2  #Total-cands   2105 (81.12%) SumPotEst 0.00022140 ( 0.29%) 
[ISR-BKTP1] Bucket 1  #Tot-Cands    203  #Comitted    4 ( 4.04%)  #runProblems     99  #Batches   43  #lowRoi-filter   104
[ISR-TRACE] Iter 2  TotCands 287  Combo 0  Seq 0  Filtered 287  NumKnees: 3
[ISR-BKTP1] Bucket 3  #Tot-Cands   2105  #Comitted    0 ( 0.00%)  #runProblems    591  #Batches  100  #isDownsizable-filter   584  #lowRoi-filter   930
[ISR-TRACE] Pass 1    Filter stats     #static   #dynamic
[ISR-TRACE]            bufrem-filter       0 |      0 
[ISR-TRACE]          holdviol-filter       0 |      0 
[ISR-TRACE]     isDownsizable-filter       0 |    584 
[ISR-TRACE]            lowRoi-filter       0 |   1321 
[ISR-TRACE]         ok-driver-filter    2162 |      0 
[ISR-TRACE]             slack-filter       0 |      0 


Clock-opt optimization Phase 10 Iter  1         0.00        0.00      0.01         3     103979.94  3407965.50        3706              0.03      2147
Corner Scaling is off, multiplier is 1.000000
Corner Scaling is off, multiplier is 1.000000
Information: Using default layer METAL4 (Current) (OPT-079)
new default layer same as orig default layer
Information: Using default layer METAL4 (Inferior) (OPT-079)
bmap: stepx = stepy = 252000
creating bmap
DB units per micron : 10000
Building neighbor and MV cache
INFO: New Levelizer turned on
Clock-opt optimization Phase 10 Iter  2         0.00        0.00      0.01         3     103979.94  3407965.50        3706              0.03      2147
Clock-opt optimization Phase 10 Iter  3         0.00        0.00      0.01         3     103979.94  3407965.50        3706              0.03      2147
Clock-opt optimization Phase 10 Iter  4         0.00        0.00      0.01         3     103979.94  3407965.50        3706              0.03      2147

Clock-opt optimization Phase 11 Iter  1         0.00        0.00      0.01         3     104784.93  3446927.25        3751              0.03      2147
Clock-opt optimization Phase 11 Iter  2         0.00        0.00      0.01         3     104784.93  3446927.25        3751              0.03      2147
Warning: Design includes unreasonable large hold violation(s). (OPT-209)
Clock-opt optimization Phase 11 Iter  3         0.00        0.00      0.01         3     104784.93  3446927.25        3751              0.03      2147
Warning: Design includes unreasonable large hold violation(s). (OPT-209)
Clock-opt optimization Phase 11 Iter  4         0.00        0.00      0.01         3     104784.93  3446927.25        3751              0.03      2147

Clock-opt optimization Phase 12 Iter  1         0.00        0.00      0.01         3     104784.93  3446927.25        3751              0.03      2147
Running post-clock timing-driven placement.
Turning on CRPR.
Information: Current block utilization is '0.56930', effective utilization is '0.56928'. (OPT-055)
----------------------------------------------------------------
Running congestion-aware direct-timing-driven placement
Start Timing-driven placement
Start transferring placement data.
Warning: To enable pin track alignment feature, the advanced legalizer has to be turned on using app option "place.legalize.enable_advanced_legalizer".
Warning: Pin track alignment feature will be disabled in this run
Information: Initializing classic cellmap without advanced rules enabled and without PDC enabled
Information: The following app options are used in cellmap
        place.legalize.enable_color_aware_placement : false
        place.legalize.use_nll_query_cm : false
        place.legalize.enable_advanced_legalizer : false
        place.legalize.enable_prerouted_net_check : true
        place.legalize.enable_advanced_prerouted_net_check : false
        place.legalize.always_continue : true
        place.legalize.limit_legality_checks : false
        place.common.pnet_aware_density : 1.0000
        place.common.pnet_aware_min_width : 0.0000
        place.common.pnet_aware_layers : {}
        place.common.use_placement_model : false
        place.common.enable_advanced_placement_model : true
        cts.placement.cell_spacing_rule_style : maximum
Total 0.0059 seconds to build cellmap data
Snapped 3691 standard cells to the nearest cellrow to improve the accuracy of congestion analysis.
Start Global Route ... 
[Init] Elapsed real time: 0:00:00 
[Init] Elapsed cpu  time: sys=0:00:00 usr=0:00:00 total=0:00:00
[Init] Stage (MB): Used    0  Alloctr    0  Proc    0 
[Init] Total (MB): Used    7  Alloctr    8  Proc 6005 
Printing options for 'route.common.*'
common.crosstalk_driven                                 :	 false               
common.verbose_level                                    :	 0                   

Printing options for 'route.global.*'
global.crosstalk_driven                                 :	 false               
global.timing_driven                                    :	 false               

Begin global routing.
Cell Min-Routing-Layer = METAL1
Cell Max-Routing-Layer = METAL6
Turn off antenna since no rule is specified
Information: Option route.detail.force_end_on_preferred_grid will be ignored since none of the layers have preferred grid. (ZRT-703)
Info: number of net_type_blockage: 0 
Information: Via ladder engine would be activated for pattern must join connection in certain commands. Please refer to man-page for the command list. (ZRT-619)
Warning: Port  VSS at {{165.660,427.305} {178.200,428.800}} is out of boundary. Cannot be routed. (ZRT-720)
Warning: Port  VDD at {{382.140,-0.400} {390.720,0.950}} is out of boundary. Cannot be routed. (ZRT-720)
Warning: Port  VSS at {{276.540,427.825} {281.820,428.800}} is out of boundary. Cannot be routed. (ZRT-720)
Warning: Port  VSS at {{292.380,426.945} {295.020,428.800}} is out of boundary. Cannot be routed. (ZRT-720)
Warning: Port  VDD at {{215.160,-0.400} {221.100,1.275}} is out of boundary. Cannot be routed. (ZRT-720)
Warning: Port  VDD at {{225.720,-0.400} {231.660,1.275}} is out of boundary. Cannot be routed. (ZRT-720)
Warning: Port  VDD at {{209.220,-0.400} {213.180,0.575}} is out of boundary. Cannot be routed. (ZRT-720)
Warning: Port  VSS at {{297.000,427.825} {299.640,428.800}} is out of boundary. Cannot be routed. (ZRT-720)
Warning: Port  VSS at {{287.100,427.825} {289.740,428.800}} is out of boundary. Cannot be routed. (ZRT-720)
Warning: Port  VSS at {{271.260,427.825} {273.900,428.800}} is out of boundary. Cannot be routed. (ZRT-720)
Skipping 29 ectangle_only route guides because they don't cover the design boundary in the layer's  preferred direction.
Information: When applicable Min-max layer allow_pin_connection mode will allow paths of length 6.70 outside the layer range. (ZRT-707)
Information: When applicable Min-max layer allow_pin_connection mode will allow paths of length 6.70 outside the layer range on clock nets. (ZRT-718)
Information: When applicable layer based tapering will taper up to 0.00 in distance from the pin. (ZRT-706)
Warning: Standard cell pin OAI22XL/Y has no valid via regions. (ZRT-044)
Warning: Standard cell pin AOI222X1/Y has no valid via regions. (ZRT-044)
Warning: Standard cell pin AOI2BB2X1/B0 has no valid via regions. (ZRT-044)
Warning: Standard cell pin BUFX2/Y has no valid via regions. (ZRT-044)
Warning: Standard cell pin NAND3XL/A has no valid via regions. (ZRT-044)
Warning: Standard cell pin AOI222X4/B1 has no valid via regions. (ZRT-044)
Warning: Standard cell pin OAI22X1/Y has no valid via regions. (ZRT-044)
Warning: Standard cell pin AOI2BB1X2/B0 has no valid via regions. (ZRT-044)
Warning: Standard cell pin OAI31X1/Y has no valid via regions. (ZRT-044)
Warning: Standard cell pin INVX12/A has no valid via regions. (ZRT-044)
Warning: Standard cell pin CLKBUFXL/Y has no valid via regions. (ZRT-044)
Warning: Standard cell pin DFFSX1/CK has no valid via regions. (ZRT-044)
Warning: Standard cell pin AOI21XL/Y has no valid via regions. (ZRT-044)
Warning: Standard cell pin AOI221X1/A1 has no valid via regions. (ZRT-044)
Warning: Standard cell pin OAI21XL/Y has no valid via regions. (ZRT-044)
Warning: Standard cell pin AOI221X1/C0 has no valid via regions. (ZRT-044)
Warning: Standard cell pin AOI221X1/Y has no valid via regions. (ZRT-044)
Warning: Standard cell pin NAND3X1/A has no valid via regions. (ZRT-044)
Warning: Standard cell pin ADDFXL/B has no valid via regions. (ZRT-044)
Warning: Standard cell pin NOR3XL/A has no valid via regions. (ZRT-044)
Warning: Standard cell pin OAI2BB1XL/Y has no valid via regions. (ZRT-044)
Warning: Standard cell pin AOI32XL/Y has no valid via regions. (ZRT-044)
Warning: Standard cell pin DLY2X1/Y has no valid via regions. (ZRT-044)
Warning: Standard cell pin NAND4X1/A has no valid via regions. (ZRT-044)
Warning: Standard cell pin NOR2BX2/Y has no valid via regions. (ZRT-044)
Warning: Standard cell pin DLY4X1/Y has no valid via regions. (ZRT-044)
Warning: Standard cell pin NOR3BX1/AN has no valid via regions. (ZRT-044)
Warning: Standard cell pin XNOR2X1/B has no valid via regions. (ZRT-044)
Warning: Standard cell pin DLY3X1/Y has no valid via regions. (ZRT-044)
Warning: Standard cell pin XNOR2X1/Y has no valid via regions. (ZRT-044)
Warning: Standard cell pin DFFSXL/Q has no valid via regions. (ZRT-044)
Warning: Standard cell pin ADDHXL/CO has no valid via regions. (ZRT-044)
Warning: Standard cell pin ADDHXL/S has no valid via regions. (ZRT-044)
Warning: Standard cell pin AND2XL/Y has no valid via regions. (ZRT-044)
Warning: Standard cell pin NAND2X2/B has no valid via regions. (ZRT-044)
Warning: Standard cell pin NAND2X2/Y has no valid via regions. (ZRT-044)
Warning: Standard cell pin ADDFX1/B has no valid via regions. (ZRT-044)
Warning: Standard cell pin XOR2X1/B has no valid via regions. (ZRT-044)
Warning: Standard cell pin OAI2BB1X2/Y has no valid via regions. (ZRT-044)
Warning: Standard cell pin NAND4X2/A has no valid via regions. (ZRT-044)
Warning: Standard cell pin XOR2X1/Y has no valid via regions. (ZRT-044)
Warning: Standard cell pin NAND4X2/D has no valid via regions. (ZRT-044)
Warning: Standard cell pin NOR2X4/A has no valid via regions. (ZRT-044)
Warning: Standard cell pin NOR2X4/B has no valid via regions. (ZRT-044)
Warning: Standard cell pin AOI22X2/A1 has no valid via regions. (ZRT-044)
Warning: Standard cell pin AOI22X2/Y has no valid via regions. (ZRT-044)
Warning: Standard cell pin OAI2BB1X1/Y has no valid via regions. (ZRT-044)
Warning: Standard cell pin NOR4X1/B has no valid via regions. (ZRT-044)
Warning: Standard cell pin NOR3BX2/AN has no valid via regions. (ZRT-044)
Warning: Standard cell pin NOR3BX2/B has no valid via regions. (ZRT-044)
Warning: Standard cell pin NOR3BX2/Y has no valid via regions. (ZRT-044)
Warning: Standard cell pin XOR2XL/B has no valid via regions. (ZRT-044)
Warning: Standard cell pin XOR2XL/Y has no valid via regions. (ZRT-044)
Warning: Standard cell pin AOI211XL/Y has no valid via regions. (ZRT-044)
Warning: Standard cell pin CMPR32X1/B has no valid via regions. (ZRT-044)
Warning: Standard cell pin NAND2XL/Y has no valid via regions. (ZRT-044)
Warning: Standard cell pin XNOR2XL/B has no valid via regions. (ZRT-044)
Warning: Standard cell pin XNOR2XL/Y has no valid via regions. (ZRT-044)
Warning: Standard cell pin TLATNXL/QN has no valid via regions. (ZRT-044)
Warning: Standard cell pin AOI211X1/B0 has no valid via regions. (ZRT-044)
Warning: Standard cell pin AND4X2/C has no valid via regions. (ZRT-044)
Warning: Standard cell pin AOI2BB1X1/Y has no valid via regions. (ZRT-044)
Warning: Standard cell pin AOI21X1/A0 has no valid via regions. (ZRT-044)
Warning: Standard cell pin AOI21X1/B0 has no valid via regions. (ZRT-044)
Warning: Standard cell pin AOI2BB1XL/Y has no valid via regions. (ZRT-044)
Warning: Standard cell pin ADDFHX1/CI has no valid via regions. (ZRT-044)
Warning: Standard cell pin ADDFHX1/CO has no valid via regions. (ZRT-044)
Warning: Standard cell pin ADDFHX1/S has no valid via regions. (ZRT-044)
Warning: Standard cell pin CMPR22X1/CO has no valid via regions. (ZRT-044)
Warning: Standard cell pin OAI31XL/A0 has no valid via regions. (ZRT-044)
Warning: Standard cell pin OAI31XL/Y has no valid via regions. (ZRT-044)
Warning: Standard cell pin NOR3X1/A has no valid via regions. (ZRT-044)
Warning: Standard cell pin AOI22XL/Y has no valid via regions. (ZRT-044)
Warning: Standard cell pin AOI31XL/Y has no valid via regions. (ZRT-044)
Warning: Standard cell pin ADDFX2/B has no valid via regions. (ZRT-044)
Warning: Standard cell pin NOR4BX1/C has no valid via regions. (ZRT-044)
Warning: Standard cell pin NOR4BX1/D has no valid via regions. (ZRT-044)
Warning: Standard cell pin NAND4XL/B has no valid via regions. (ZRT-044)
Warning: Standard cell pin NAND4XL/C has no valid via regions. (ZRT-044)
Warning: Standard cell pin NAND4XL/D has no valid via regions. (ZRT-044)
Warning: Standard cell pin NOR4BXL/C has no valid via regions. (ZRT-044)
Warning: Standard cell pin NOR4BXL/D has no valid via regions. (ZRT-044)
Warning: Standard cell pin AOI2BB2XL/Y has no valid via regions. (ZRT-044)
Warning: Cell u_calib_ctrl/U779 is placed overlapping with other cells at {{134.640 110.880} {140.580 115.920}}. (ZRT-763)
Warning: Cell u_calib_ctrl/shadow_weights_reg[11][28] is placed overlapping with other cells at {{108.240 171.360} {120.780 176.400}}. (ZRT-763)
Warning: Cell u_calib_ctrl/ctmTdsLR_1_2039 is placed overlapping with other cells at {{161.040 231.840} {163.680 236.880}}. (ZRT-763)
Warning: Cell u_calib_ctrl/shadow_weights_reg[18][28] is placed overlapping with other cells at {{248.820 206.640} {261.360 211.680}}. (ZRT-763)
Warning: Cell u_calib_ctrl/ctmTdsLR_2_2128 is placed overlapping with other cells at {{321.420 176.400} {323.400 181.440}}. (ZRT-763)
Warning: Cell u_calib_ctrl/U829 is placed overlapping with other cells at {{49.500 277.200} {52.800 282.240}}. (ZRT-763)
Warning: Cell u_calib_ctrl/shadow_weights_reg[13][18] is placed overlapping with other cells at {{126.720 257.040} {139.260 262.080}}. (ZRT-763)
Warning: Cell u_calib_ctrl/shadow_weights_reg[17][29] is placed overlapping with other cells at {{205.260 236.880} {217.800 241.920}}. (ZRT-763)
Warning: Cell u_calib_ctrl/shadow_weights_reg[17][23] is placed overlapping with other cells at {{247.500 246.960} {260.040 252.000}}. (ZRT-763)
Warning: Cell u_calib_ctrl/ctmTdsLR_1_2149 is placed overlapping with other cells at {{318.120 267.120} {320.760 272.160}}. (ZRT-763)
Warning: Cell u_calib_ctrl/shadow_weights_reg[15][11] is placed overlapping with other cells at {{68.640 362.880} {81.180 367.920}}. (ZRT-763)
Warning: Cell u_calib_ctrl/ctmTdsLR_1_1993 is placed overlapping with other cells at {{114.840 337.680} {118.140 342.720}}. (ZRT-763)
Warning: Cell u_calib_ctrl/ctmTdsLR_3_683 is placed overlapping with other cells at {{199.980 317.520} {203.280 322.560}}. (ZRT-763)
Warning: Cell u_calib_ctrl/U1803 is placed overlapping with other cells at {{264.000 337.680} {265.980 342.720}}. (ZRT-763)
Warning: Cell u_calib_ctrl/ctmTdsLR_2_2116 is placed overlapping with other cells at {{326.040 357.840} {328.020 362.880}}. (ZRT-763)
Warning: Cell u_calib_ctrl/ctmTdsLR_1_653 is placed overlapping with other cells at {{192.060 408.240} {194.040 413.280}}. (ZRT-763)
Warning: Cell u_calib_ctrl/ctmTdsLR_1_2097 is placed overlapping with other cells at {{305.580 418.320} {310.860 423.360}}. (ZRT-763)
Warning: Cell u_calib_ctrl/ctmTdsLR_2_2200 is placed overlapping with other cells at {{322.740 403.200} {324.720 408.240}}. (ZRT-763)
Current Stage stats:
[End of Read DB] Elapsed real time: 0:00:00 
[End of Read DB] Elapsed cpu  time: sys=0:00:00 usr=0:00:00 total=0:00:00
[End of Read DB] Stage (MB): Used   18  Alloctr   18  Proc  -32 
[End of Read DB] Total (MB): Used   25  Alloctr   27  Proc 5973 
Loading parastics information to the router ...
parastics information loaded to the router.
[End of Loading Timing] Elapsed real time: 0:00:00 
[End of Loading Timing] Elapsed cpu  time: sys=0:00:00 usr=0:00:00 total=0:00:00
Constructing data structure ...
Design statistics:
Design Bounding Box (0.00um,0.00um,429.66um,428.40um)
Number of routing layers = 6
layer METAL1, dir Hor, min width = 0.23um, min space = 0.23um pitch = 0.56um
layer METAL2, dir Ver, min width = 0.28um, min space = 0.28um pitch = 0.66um
layer METAL3, dir Hor, min width = 0.28um, min space = 0.28um pitch = 0.56um
layer METAL4, dir Ver, min width = 0.28um, min space = 0.28um pitch = 0.66um
layer METAL5, dir Hor, min width = 0.28um, min space = 0.28um pitch = 0.61um
layer METAL6, dir Ver, min width = 0.44um, min space = 0.46um pitch = 0.95um
Current Stage stats:
[End of Build Tech Data] Elapsed real time: 0:00:00 
[End of Build Tech Data] Elapsed cpu  time: sys=0:00:00 usr=0:00:00 total=0:00:00
[End of Build Tech Data] Stage (MB): Used    0  Alloctr    0  Proc    0 
[End of Build Tech Data] Total (MB): Used   26  Alloctr   27  Proc 5973 
Net statistics:
Total number of nets     = 3905
Number of nets to route  = 3775
130 nets are fully connected,
 of which 130 are detail routed and 0 are global routed.
Current Stage stats:
[End of Build All Nets] Elapsed real time: 0:00:00 
[End of Build All Nets] Elapsed cpu  time: sys=0:00:00 usr=0:00:00 total=0:00:00
[End of Build All Nets] Stage (MB): Used    2  Alloctr    3  Proc    0 
[End of Build All Nets] Total (MB): Used   29  Alloctr   31  Proc 5973 
Net length statistics: 
Net Count(Ignore Fully Rted) 3775, Total Half Perimeter Wire Length (HPWL) 193344 microns
HPWL   0 ~   50 microns: Net Count     2840	Total HPWL        56565 microns
HPWL  50 ~  100 microns: Net Count      443	Total HPWL        30894 microns
HPWL 100 ~  200 microns: Net Count      284	Total HPWL        39732 microns
HPWL 200 ~  300 microns: Net Count      107	Total HPWL        25860 microns
HPWL 300 ~  400 microns: Net Count       61	Total HPWL        20847 microns
HPWL 400 ~  500 microns: Net Count       24	Total HPWL        10632 microns
HPWL 500 ~  600 microns: Net Count       14	Total HPWL         7553 microns
HPWL 600 ~  700 microns: Net Count        2	Total HPWL         1261 microns
HPWL 700 ~  800 microns: Net Count        0	Total HPWL            0 microns
HPWL 800 ~  900 microns: Net Count        0	Total HPWL            0 microns
HPWL 900 ~ 1000 microns: Net Count        0	Total HPWL            0 microns
HPWL     > 1000 microns: Net Count        0	Total HPWL            0 microns
Number of partitions: 1 (1 x 1)
Size of partitions: 85 gCells x 85 gCells
Average gCell capacity  2.33	 on layer (1)	 METAL1
Average gCell capacity  6.67	 on layer (2)	 METAL2
Average gCell capacity  8.98	 on layer (3)	 METAL3
Average gCell capacity  7.65	 on layer (4)	 METAL4
Average gCell capacity  8.25	 on layer (5)	 METAL5
Average gCell capacity  5.31	 on layer (6)	 METAL6
Average number of tracks per gCell 9.01	 on layer (1)	 METAL1
Average number of tracks per gCell 7.67	 on layer (2)	 METAL2
Average number of tracks per gCell 9.01	 on layer (3)	 METAL3
Average number of tracks per gCell 7.67	 on layer (4)	 METAL4
Average number of tracks per gCell 8.27	 on layer (5)	 METAL5
Average number of tracks per gCell 5.33	 on layer (6)	 METAL6
Number of gCells = 43350
Current Stage stats:
[End of Build Congestion Map] Elapsed real time: 0:00:00 
[End of Build Congestion Map] Elapsed cpu  time: sys=0:00:00 usr=0:00:00 total=0:00:00
[End of Build Congestion Map] Stage (MB): Used    1  Alloctr    1  Proc    0 
[End of Build Congestion Map] Total (MB): Used   30  Alloctr   32  Proc 5973 
Number of partitions: 1 (1 x 1)
Size of partitions: 85 gCells x 85 gCells
Current Stage stats:
[End of Add Nets Demand] Elapsed real time: 0:00:00 
[End of Add Nets Demand] Elapsed cpu  time: sys=0:00:00 usr=0:00:00 total=0:00:00
[End of Add Nets Demand] Stage (MB): Used    0  Alloctr    0  Proc    0 
[End of Add Nets Demand] Total (MB): Used   30  Alloctr   32  Proc 5973 
Number of user frozen nets = 0
Information: RC layer preference is turned on for this design. (ZRT-613)
Total stats:
[End of Build Data] Elapsed real time: 0:00:00 
[End of Build Data] Elapsed cpu  time: sys=0:00:00 usr=0:00:00 total=0:00:00
[End of Build Data] Stage (MB): Used    5  Alloctr    5  Proc    0 
[End of Build Data] Total (MB): Used   30  Alloctr   32  Proc 5973 
Number of partitions: 1 (1 x 1)
Size of partitions: 85 gCells x 85 gCells
Current Stage stats:
[End of Blocked Pin Detection] Elapsed real time: 0:00:00 
[End of Blocked Pin Detection] Elapsed cpu  time: sys=0:00:00 usr=0:00:00 total=0:00:00
[End of Blocked Pin Detection] Stage (MB): Used  104  Alloctr  104  Proc    0 
[End of Blocked Pin Detection] Total (MB): Used  134  Alloctr  136  Proc 5973 
Information: Using 8 threads for routing. (ZRT-444)
Information: Placement fast mode ON
Information: Multiple gcell levels ON
Information: Buffer distance is estimated to be ~6372.0000um (1264 gCells)

Start GR phase 0
Number of partitions: 1 (1 x 1)
Size of partitions: 85 gCells x 85 gCells
[rtAllBotParts] Elapsed real time: 0:00:00 
[rtAllBotParts] Elapsed cpu  time: sys=0:00:00 usr=0:00:00 total=0:00:00
[rtTop] Elapsed real time: 0:00:00 
[rtTop] Elapsed cpu  time: sys=0:00:00 usr=0:00:00 total=0:00:00
Current Stage stats:
[End of Initial Routing] Elapsed real time: 0:00:00 
[End of Initial Routing] Elapsed cpu  time: sys=0:00:00 usr=0:00:00 total=0:00:00
[End of Initial Routing] Stage (MB): Used    1  Alloctr    1  Proc    0 
[End of Initial Routing] Total (MB): Used  136  Alloctr  138  Proc 5973 
Initial. Routing result:
Initial. Both Dirs: Dmd-Cap  =     3 Max =  3 GRCs =     2 (0.01%)
Initial. H routing: Dmd-Cap  =     0 Max =  0 (GRCs =  0) GRCs =     0 (0.00%)
Initial. V routing: Dmd-Cap  =     3 Max =  3 (GRCs =  1) GRCs =     2 (0.03%)
Initial. Both Dirs: Overflow =   486 Max = 10 GRCs =   452 (3.13%)
Initial. H routing: Overflow =    35 Max =  2 (GRCs =  6) GRCs =    59 (0.82%)
Initial. V routing: Overflow =   451 Max = 10 (GRCs =  2) GRCs =   393 (5.44%)
Initial. METAL1     Overflow =    14 Max =  2 (GRCs =  1) GRCs =    18 (0.25%)
Initial. METAL2     Overflow =   451 Max = 10 (GRCs =  2) GRCs =   393 (5.44%)
Initial. METAL3     Overflow =    20 Max =  2 (GRCs =  5) GRCs =    41 (0.57%)
Initial. METAL4     Overflow =     0 Max =  0 (GRCs =  0) GRCs =     0 (0.00%)
Initial. METAL5     Overflow =     0 Max =  0 (GRCs =  0) GRCs =     0 (0.00%)
Initial. METAL6     Overflow =     0 Max =  0 (GRCs =  0) GRCs =     0 (0.00%)

Initial. Total Wire Length = 198285.20
Initial. Layer METAL1 wire length = 3708.27
Initial. Layer METAL2 wire length = 53167.86
Initial. Layer METAL3 wire length = 93156.53
Initial. Layer METAL4 wire length = 42553.75
Initial. Layer METAL5 wire length = 5618.14
Initial. Layer METAL6 wire length = 80.64
Initial. Total Number of Contacts = 22583
Initial. Via via1 count = 11002
Initial. Via via2 count = 9596
Initial. Via via3 count = 1899
Initial. Via via4 count = 84
Initial. Via via5 count = 2
Initial. completed.

Start GR phase 1
Fri Sep 18 20:21:51 2026
Number of partitions: 1 (1 x 1)
Size of partitions: 85 gCells x 85 gCells
[rtAllParts] Elapsed real time: 0:00:00 
[rtAllParts] Elapsed cpu  time: sys=0:00:00 usr=0:00:00 total=0:00:00
Number of partitions: 1 (1 x 1)
Size of partitions: 85 gCells x 85 gCells
[updNetsDmd] Elapsed real time: 0:00:00 
[updNetsDmd] Elapsed cpu  time: sys=0:00:00 usr=0:00:00 total=0:00:00
Current Stage stats:
[End of Phase1 Routing] Elapsed real time: 0:00:00 
[End of Phase1 Routing] Elapsed cpu  time: sys=0:00:00 usr=0:00:00 total=0:00:00
[End of Phase1 Routing] Stage (MB): Used    0  Alloctr    0  Proc    0 
[End of Phase1 Routing] Total (MB): Used  136  Alloctr  139  Proc 5973 
phase1. Routing result:
phase1. Both Dirs: Dmd-Cap  =     0 Max = 0 GRCs =     0 (0.00%)
phase1. H routing: Dmd-Cap  =     0 Max = 0 (GRCs =  0) GRCs =     0 (0.00%)
phase1. V routing: Dmd-Cap  =     0 Max = 0 (GRCs =  0) GRCs =     0 (0.00%)
phase1. Both Dirs: Overflow =    64 Max = 7 GRCs =    62 (0.43%)
phase1. H routing: Overflow =    14 Max = 2 (GRCs =  1) GRCs =    18 (0.25%)
phase1. V routing: Overflow =    49 Max = 7 (GRCs =  1) GRCs =    44 (0.61%)
phase1. METAL1     Overflow =    14 Max = 2 (GRCs =  1) GRCs =    18 (0.25%)
phase1. METAL2     Overflow =    49 Max = 7 (GRCs =  1) GRCs =    44 (0.61%)
phase1. METAL3     Overflow =     0 Max = 0 (GRCs =  0) GRCs =     0 (0.00%)
phase1. METAL4     Overflow =     0 Max = 0 (GRCs =  0) GRCs =     0 (0.00%)
phase1. METAL5     Overflow =     0 Max = 0 (GRCs =  0) GRCs =     0 (0.00%)
phase1. METAL6     Overflow =     0 Max = 0 (GRCs =  0) GRCs =     0 (0.00%)

phase1. Total Wire Length = 198692.99
phase1. Layer METAL1 wire length = 3813.39
phase1. Layer METAL2 wire length = 51399.82
phase1. Layer METAL3 wire length = 92226.90
phase1. Layer METAL4 wire length = 44730.06
phase1. Layer METAL5 wire length = 6442.18
phase1. Layer METAL6 wire length = 80.64
phase1. Total Number of Contacts = 22819
phase1. Via via1 count = 11012
phase1. Via via2 count = 9577
phase1. Via via3 count = 2106
phase1. Via via4 count = 122
phase1. Via via5 count = 2
phase1. completed.
[End of Whole Chip Routing] Elapsed real time: 0:00:00 
[End of Whole Chip Routing] Elapsed cpu  time: sys=0:00:00 usr=0:00:00 total=0:00:00
[End of Whole Chip Routing] Stage (MB): Used  111  Alloctr  111  Proc    0 
[End of Whole Chip Routing] Total (MB): Used  136  Alloctr  139  Proc 5973 

Information: Global Routing didn't terminate early. (ZRT-103)

Congestion utilization per direction:
Average vertical track utilization   = 22.67 %
Peak    vertical track utilization   = 88.89 %
Average horizontal track utilization = 19.63 %
Peak    horizontal track utilization = 64.71 %

[End of Global Routing] Elapsed real time: 0:00:00 
[End of Global Routing] Elapsed cpu  time: sys=0:00:00 usr=0:00:00 total=0:00:00
[End of Global Routing] Stage (MB): Used  110  Alloctr  111  Proc    0 
[End of Global Routing] Total (MB): Used  135  Alloctr  138  Proc 5973 
Writing out congestion map...
Updating congestion ...
Updating congestion ...
[End of dbOut] Elapsed real time: 0:00:00 
[End of dbOut] Elapsed cpu  time: sys=0:00:00 usr=0:00:00 total=0:00:00
[End of dbOut] Stage (MB): Used  -19  Alloctr  -20  Proc    0 
[End of dbOut] Total (MB): Used   36  Alloctr   37  Proc 5973 
Using per-layer congestion maps for congestion reduction.
Information: 0.00% of design has horizontal routing density above target_routing_density of 0.80.
Information: 0.04% of design has vertical routing density above target_routing_density of 0.80.
Completed transferring placement data.
Running placement using 8 thread(s)
Information: Enhanced Auto Density Control is used. (PLACE-098)
Information: Enhanced auto density configuration is 13179.
Information: Automatic density control has selected the following settings: max_density 0.75, congestion_driven_max_util 0.91. (PLACE-027)
Information: HFW control 'on' invoked.
coarse place 100% done.
Information: Reducing cell density for 0.2% of the movable cells to alleviate congestion. This changes the average cell density in non-congested areas from 0.569 to 0.569. (PLACE-030)
CGRW: permuting timing equivalent pins only
Corner Scaling is off, multiplier is 1.000000
Information: timingScenario default timingCorner default.  Using corner default for worst leakage corner. (OPT-078)
Information: Using default layer METAL4 (Current) (OPT-079)
new default layer same as orig default layer
Information: Using default layer METAL4 (Inferior) (OPT-079)
Information: Nominal = 0.1347885  Design MT = 0.800000  Target = 0.6946049  MaxRC = 0.380783 Fast Target = 0.268452 (OPT-081)
nplLib: default vr hor dist = 3491
nplLib: default vr ver dist = 3491
nplLib: default vr buf size = 11
nplLib: default vr buf size = 5
Placer using max_unbuffered_distance = 3491.15

Placement Options:
Effort:                        medium_effort       
Timing Driven:                 true                
Buffering Aware Timing Driven: false               
Seed locs:                     true                
Incremental:                   false               
Congestion:                    true                
Congestion Effort:             medium              
Fix Macros:                    true                
Place Macros:                  false               
Channel Size Macros:           false               


Information: Activity propagation will be performed for scenario default.
Information: Doing activity propagation for mode 'default' and corner 'default' with effort level 'medium'. (POW-024)
Information: Timer-derived activity data is cached on scenario default (POW-052)
Information: Running switching activity propagation with 8 threads!

 **** Information : No. of simulation cycles = 7 ****
Warning: a large fraction of the nets have zero toggle rate (69.6644%)
****** eLpp estimated wire length 
7.26457% of the net wire length are clock nets
58.8841% of the clock net wire length has no activity
Clock net wire length: 1.57515e+08
Total net wire length: 2.16826e+09
****** eLpp weights (with caps) (no lengths)
Number of nets: 3903, of which 3841 non-clock nets
Number of nets with 0 toggle rate: 2719 (69.6644%)
Max toggle rate = 0.666667, average toggle rate = 0.00219947
Max non-clock toggle rate = 0.0347842
eLpp weight range = (0, 128.535)
*** 229 nets are filtered out
Start transferring placement data.
****** Net weight manager: report ******
Weights included: eLpp  PostEffort  
Number of nets with non-default weights: 3903
Amt power = 0.1
Non-default weight range: (0.9, 17.7535)
                             Min         Max         Avg       Stdev        Skew
       Toggle Rates            0    0.666667  0.00219948   0.0183503     27.0064
      Power Weights            0     128.535    0.424064     3.53799     27.0064
      Final Weights          0.9     17.7535     1.00595    0.707967     12.0226
Information: Automatic repeater spreading is enabled.
Information: Automatic timing control is enabled.
checking app option clockgate_objective_weight : none
DTDP placement: scenario=default
Information: The net parasitics of block sar_digi_paper_core are cleared. (TIM-123)
Completed transferring placement data.
Running placement using 8 thread(s)
Information: Enhanced Auto Density Control is used. (PLACE-098)
Information: Enhanced auto density configuration is 13179.
Information: Automatic density control has selected the following settings: max_density 0.75, congestion_driven_max_util 0.91. (PLACE-027)
Information: HFW control 'on' invoked.
coarse place 50% done.
coarse place 67% done.
coarse place 83% done.
coarse place 100% done.
Information: Coarse placer wire length estimate = 222757
Information: Coarse placer active wire length estimate = 1512.01
Information: Coarse placer weighted wire length estimate = 295424
Information: Extraction observers are detached as design net change threshold is reached.
Completed Timing-driven placement, Elapsed time =   0: 0: 4 
Moved 2640 out of 3751 cells, ratio = 0.703812
Total displacement = 10773.651367(um)
Max displacement = 33.252800(um), u_calib_ctrl/ctmTdsLR_2_1871 (94.379997, 257.040009, 0) => (85.501297, 235.305893, 6)
Displacement histogram:
  0 ~  10% cells displacement <=      0.80(um)
  0 ~  20% cells displacement <=      1.32(um)
  0 ~  30% cells displacement <=      1.78(um)
  0 ~  40% cells displacement <=      2.28(um)
  0 ~  50% cells displacement <=      2.78(um)
  0 ~  60% cells displacement <=      3.46(um)
  0 ~  70% cells displacement <=      4.33(um)
  0 ~  80% cells displacement <=      5.79(um)
  0 ~  90% cells displacement <=      8.93(um)
  0 ~ 100% cells displacement <=     33.25(um)
----------------------------------------------------------------
DFT optimization is skipped due to optimize_scan_chain being false
Information: The stitching and editing of coupling caps is turned OFF for design 'sar16_pnr_paper_core:sar_digi_paper_core.design'. (TIM-125)
Information: Design sar_digi_paper_core has 3905 nets, 0 global routed, 62 detail routed. (NEX-024)
Information: The RC mode used is CTO for design 'sar_digi_paper_core'. (NEX-022)
Information: Design Average RC for design sar_digi_paper_core  (NEX-011)
Information: r = 0.279036 ohm/um, via_r = 4.999999 ohm/cut, c = 0.481942 ff/um, cc = 0.000000 ff/um (X dir) (NEX-017)
Information: r = 0.240639 ohm/um, via_r = 5.000000 ohm/cut, c = 0.198201 ff/um, cc = 0.000000 ff/um (Y dir) (NEX-017)
Information: Update timing completed net estimation for all the timing graph nets (TIM-111)
Information: Net estimation statistics: timing graph nets = 3903, routed nets = 62, across physical hierarchy nets = 0, parasitics cached nets = 3903, delay annotated nets = 0, parasitics annotated nets = 0, multi-voltage nets = 0. (TIM-112)
Done with post-clock timing-driven placement.
Clock-opt optimization Phase 12 Iter  2         0.00        0.00      0.01         3     104784.93  3446927.25        3751              0.03      2147
Clock-opt optimization Phase 12 Iter  3         0.00        0.00      0.01         3     104784.93  3446927.25        3751              0.03      2147
Information: Initializing classic cellmap without advanced rules enabled and without PDC enabled
Information: The following app options are used in cellmap
        place.legalize.enable_color_aware_placement : false
        place.legalize.use_nll_query_cm : false
        place.legalize.enable_advanced_legalizer : false
        place.legalize.enable_prerouted_net_check : true
        place.legalize.enable_advanced_prerouted_net_check : false
        place.legalize.always_continue : true
        place.legalize.limit_legality_checks : false
        place.common.pnet_aware_density : 1.0000
        place.common.pnet_aware_min_width : 0.0000
        place.common.pnet_aware_layers : {}
        place.common.use_placement_model : false
        place.common.enable_advanced_placement_model : true
        cts.placement.cell_spacing_rule_style : maximum
Total 0.0064 seconds to build cellmap data
INFO: creating 29(r) x 29(c) GridCells YDim 15.12 XDim 15.12
INFO: number of GridCells (sar_digi_paper_core): 841
INFO: creating 29(r) x 29(c) GridCells YDim 15.12 XDim 15.12
INFO: number of GridCells (sar_digi_paper_core): 841
Total 0.0285 seconds to load 3751 cell instances into cellmap, 2640 cells are off site row
Moveable cells: 3691; Application fixed cells: 60; Macro cells: 0; User fixed cells: 0
0 out of 4068 data nets is detail routed, 62 out of 62 clock nets are detail routed and total 4130 nets have been analyzed
Only clock route nets/shapes. Estimated current stage is after clock detail route stage
Average cell width 5.5427, cell height 5.0400, cell area 27.9352 for total 3751 placed and application fixed cells
Clock-opt optimization Phase 12 Iter  4         0.00        0.00      0.01         3     104784.93  3446927.25        3751              0.03      2147
Number of Site types in the design = 1
Warning: No tie cell is available for constant fixing. (OPT-200)
INFO: Running TieOpt on MG
Added 0 tie-hi cells
Added 0 tie-low cells
Clock-opt optimization Phase 12 Iter  5         0.00        0.00      0.01         3     104784.93  3446927.25        3751              0.03      2147
Running post-clock legalization after dtdp.
----------------------------------------------------------------
Running legalize_placement
Start Legalization
nplDplc2Placer::setParam(effort,1)
nplDplc2Placer::setParam(debug,0)
nplDplc2Placer::setParam(site_check,2)
nplDplc2Placer::setParam(app_firm_wgt,0)
Warning: Routing direction of metal layer POLY1 is neither "horizontal" nor "vertical".  PDC checks will not be performed on this layer. (PDC-003)
PDC app_options settings =========
	place.legalize.enable_prerouted_net_check: 1
	place.legalize.num_tracks_for_access_check: 1
	place.legalize.use_eol_spacing_for_access_check: 0
	place.legalize.allow_touch_track_for_access_check: 1
	place.legalize.reduce_conservatism_in_eol_check: 0
	place.legalize.preroute_shape_merge_distance: 0.0
	place.legalize.enable_non_preferred_direction_span_check: 0

Layer METAL1: cached 0 shapes out of 254 total shapes.
Layer METAL2: cached 34 shapes out of 1372 total shapes.
Cached 1462 vias out of 4815 total vias.

Legalizing Top Level Design sar_digi_paper_core ... 
Information: Initializing classic cellmap without advanced rules enabled and without PDC enabled
Information: The following app options are used in cellmap
        place.legalize.enable_color_aware_placement : false
        place.legalize.use_nll_query_cm : false
        place.legalize.enable_advanced_legalizer : false
        place.legalize.enable_prerouted_net_check : true
        place.legalize.enable_advanced_prerouted_net_check : false
        place.legalize.always_continue : true
        place.legalize.limit_legality_checks : false
        place.common.pnet_aware_density : 1.0000
        place.common.pnet_aware_min_width : 0.0000
        place.common.pnet_aware_layers : {}
        place.common.use_placement_model : false
        place.common.enable_advanced_placement_model : true
        cts.placement.cell_spacing_rule_style : maximum
Total 0.0061 seconds to build cellmap data
Information: Creating classic rule checker.
Warning: Routing direction of metal layer POLY1 is neither "horizontal" nor "vertical".  PDC checks will not be performed on this layer. (PDC-003)
=====> Processed 119 ref cells (0 fillers) from library

Bounds/Regions In This Design:
        Area    Num Cells  Exclusive Name
 (square um)
      184066         3751        Yes DEFAULT_VA

Starting legalizer.
Warning: Exclusive bound 'DEFAULT' has no cells.
Optimizing Exclusive Bound 'DEFAULT_VA' (2/2)
    Done Exclusive Bound 'DEFAULT_VA' (2/2) (0 sec)
Legalization complete (0 total sec)

****************************************
  Report : Placement Attempts
  Site   : unit
****************************************

number of cells:                   3751
number of references:               119
number of site rows:                 85
number of locations attempted:    79577
number of locations failed:        7247  (9.1%)

Legality of references at locations:
76 references had failures.

Worst 10 references by total failures:
 CELLS       UNFLIPPED                       FLIPPED                REFERENCE NAME
         ATTEMPTS  FAILURES            ATTEMPTS  FAILURES           
   307       4381       552 ( 12.6%)       2633       349 ( 13.3%)  NAND2XL
   171       2870       476 ( 16.6%)       1558       311 ( 20.0%)  OAI21XL
   111       1771       382 ( 21.6%)       1263       323 ( 25.6%)  CLKBUFX2
   208       3185       403 ( 12.7%)        618       126 ( 20.4%)  DFFSX1
   111       1876       337 ( 18.0%)        756       165 ( 21.8%)  AOI22XL
    76       1318       189 ( 14.3%)        783       135 ( 17.2%)  AOI22X1
    73       1232       187 ( 15.2%)        592       109 ( 18.4%)  AOI21X1
    23        471       138 ( 29.3%)        327       108 ( 33.0%)  OAI211XL
    61       1007       132 ( 13.1%)        647        75 ( 11.6%)  AOI21XL
    24        424       122 ( 28.8%)        264        77 ( 29.2%)  OAI21X1

Worst 10 references by failure rate:
 CELLS       UNFLIPPED                       FLIPPED                REFERENCE NAME
         ATTEMPTS  FAILURES            ATTEMPTS  FAILURES           
     6        136        58 ( 42.6%)        112        53 ( 47.3%)  OAI211X1
    15        281        91 ( 32.4%)        136        40 ( 29.4%)  CMPR32X1
     1         40        12 ( 30.0%)         40        13 ( 32.5%)  OAI21X2
     1         16         5 ( 31.2%)          0         0 (  0.0%)  OAI2BB1X2
    23        471       138 ( 29.3%)        327       108 ( 33.0%)  OAI211XL
     7        112        37 ( 33.0%)         48        11 ( 22.9%)  ADDFX1
    24        424       122 ( 28.8%)        264        77 ( 29.2%)  OAI21X1
     9        152        43 ( 28.3%)        104        30 ( 28.8%)  OAI22X2
     2         40        10 ( 25.0%)         32        10 ( 31.2%)  AOI2BB1X1
    19        297        76 ( 25.6%)        194        59 ( 30.4%)  BUFX2

Legality of references in rows:
0 references had row failures.

****************************************
  Report : Cell Displacements
****************************************

number of cells aggregated:        3691 (31161 total sites)
avg row height over cells:        5.040 um
rms cell displacement:            0.758 um ( 0.15 row height)
rms weighted cell displacement:   0.758 um ( 0.15 row height)
max cell displacement:            2.978 um ( 0.59 row height)
avg cell displacement:            0.377 um ( 0.07 row height)
avg weighted cell displacement:   0.377 um ( 0.07 row height)
number of cells moved:             2642
number of large displacements:        0
large displacement threshold:     3.000 row height

Displacements of worst 10 cells:
Cell: u_calib_ctrl/U434 (NAND2XL)
  Input location: (298.778,299.549)
  Legal location: (299.64,302.4)
  Displacement:   2.978 um ( 0.59 row height)
Cell: u_calib_ctrl/U1509 (OAI21XL)
  Input location: (386.79,375.6)
  Legal location: (385.44,372.96)
  Displacement:   2.965 um ( 0.59 row height)
Cell: u_calib_ctrl/ctmTdsLR_3_1887 (AOI22X1)
  Input location: (198.456,309.906)
  Legal location: (199.98,307.44)
  Displacement:   2.899 um ( 0.58 row height)
Cell: u_calib_ctrl/U1053 (OAI21XL)
  Input location: (227.865,57.9152)
  Legal location: (226.38,55.44)
  Displacement:   2.887 um ( 0.57 row height)
Cell: u_calib_ctrl/U545 (AOI21XL)
  Input location: (190.297,53.1103)
  Legal location: (190.08,50.4)
  Displacement:   2.719 um ( 0.54 row height)
Cell: u_calib_ctrl/U763 (NAND2XL)
  Input location: (311.889,335.229)
  Legal location: (310.86,337.68)
  Displacement:   2.659 um ( 0.53 row height)
Cell: u_calib_ctrl/U1669 (NAND2XL)
  Input location: (412.299,299.837)
  Legal location: (413.16,297.36)
  Displacement:   2.622 um ( 0.52 row height)
Cell: u_srm_residue/U66 (OAI211XL)
  Input location: (346.689,73.126)
  Legal location: (345.84,75.6)
  Displacement:   2.616 um ( 0.52 row height)
Cell: u_calib_ctrl/U1718 (INVXL)
  Input location: (426.689,309.887)
  Legal location: (427.02,312.48)
  Displacement:   2.614 um ( 0.52 row height)
Cell: u_calib_ctrl/U69 (INVXL)
  Input location: (178.571,47.9469)
  Legal location: (178.2,45.36)
  Displacement:   2.613 um ( 0.52 row height)

Information: Extraction observers are detached as design net change threshold is reached.
Completed Legalization, Elapsed time =   0: 0: 0 
Moved 2642 out of 3751 cells, ratio = 0.704346
Total displacement = 2994.492920(um)
Max displacement = 3.990000(um), u_calib_ctrl/ctmTdsLR_3_1887 (201.755997, 314.946014, 2) => (203.279999, 307.440002, 6)
Displacement histogram:
  0 ~  10% cells displacement <=      0.22(um)
  0 ~  20% cells displacement <=      0.38(um)
  0 ~  30% cells displacement <=      0.56(um)
  0 ~  40% cells displacement <=      0.75(um)
  0 ~  50% cells displacement <=      0.96(um)
  0 ~  60% cells displacement <=      1.25(um)
  0 ~  70% cells displacement <=      1.54(um)
  0 ~  80% cells displacement <=      1.90(um)
  0 ~  90% cells displacement <=      2.31(um)
  0 ~ 100% cells displacement <=      3.99(um)
Information: The net parasitics of block sar_digi_paper_core are cleared. (TIM-123)
Legalization succeeded.
----------------------------------------------------------------
Information: The stitching and editing of coupling caps is turned OFF for design 'sar16_pnr_paper_core:sar_digi_paper_core.design'. (TIM-125)
Information: Design sar_digi_paper_core has 3905 nets, 0 global routed, 62 detail routed. (NEX-024)
Information: The RC mode used is CTO for design 'sar_digi_paper_core'. (NEX-022)
Information: Design Average RC for design sar_digi_paper_core  (NEX-011)
Information: r = 0.279036 ohm/um, via_r = 4.999999 ohm/cut, c = 0.481942 ff/um, cc = 0.000000 ff/um (X dir) (NEX-017)
Information: r = 0.240639 ohm/um, via_r = 5.000000 ohm/cut, c = 0.198201 ff/um, cc = 0.000000 ff/um (Y dir) (NEX-017)
Information: Update timing completed net estimation for all the timing graph nets (TIM-111)
Information: Net estimation statistics: timing graph nets = 3903, routed nets = 62, across physical hierarchy nets = 0, parasitics cached nets = 3903, delay annotated nets = 0, parasitics annotated nets = 0, multi-voltage nets = 0. (TIM-112)

Clock-opt optimization Phase 13 Iter  1         0.00        0.00      0.01        12     104784.93  3446927.25        3751              0.03      2147

Number of Site types in the design = 1
Setting up Chip Core
Chip Core shape: (0 0) (4296600 4284000)
Number of VARs = 1
Number of unique PDs = 1
Number of Power Domains = 1
Number of Voltage Areas = 1
Number of supply Nets = 2
Number of used supplies = 0
Blocked VAs: 
INFO: Running FTB cleanup in end of npo flow.
Enable dominated scenarios


INFO: GRE is running with flow.common.io_priority high.
INFO: place.legalize.enable_advanced_legalizer not set - need to revert CLO
INFO: First Clock-opt did not mark run with CLO enabled/disabled property
INFO: Concurrent Legalization and Optimization (CLO) Reverted
INFO: Propagating Switching Activities
Information: Activity for scenario default was cached, no propagation required. (POW-005)
INFO: Switching Activity propagation took     0.00007 sec
INFO: Propagating Switching Activity for all power flows 
Information: The netlist change observers are disabled for incremental extraction. (TIM-126)
INFO: place.legalize.enable_advanced_legalizer not set - need to revert CLO
INFO: First Clock-opt did not mark run with CLO enabled/disabled property
Clock-opt optimization summary            SETUP-COST    R2R-COST HOLD-COST LDRC-COST          AREA     LEAKAGE     INSTCNT            ELAPSE       MEM
runtime_assert false
enhanced site row merge :  1
Key: unit, value: 0x8b6347f8
Number of Site types in the design = 1
Setting up Chip Core
Chip Core shape: (0 0) (4296600 4284000)
Preroute opto area query mode: NDM
Using CLEO = true
Summary: is MV Ready (has MV info... UPF or derived)
Summary: design is not hierarchical
Voltage Area: id=0, index=0, name=DEFAULT_VA, is default, domain=DEFAULT_POWER_DOMAIN, scopeHier=, psn=VDD;
Number of VARs = 1
Number of unique PDs = 1
Number of Power Domains = 1
Number of Voltage Areas = 1
Number of supply Nets = 2
Number of used supplies = 0
Setup Voltages:
  Supply Net = VDD, voltages =  1.6200
  Supply Net = VSS, voltages = 
Hold Voltages:
  Supply Net = VDD, voltages =  1.6200
  Supply Net = VSS, voltages = 
Unique Voltages in Design:  1.6200
Default Voltage Area = DEFAULT_VA
Blocked VAs: 
{_snps_autoNdr_power}
INFO: place.legalize.enable_advanced_legalizer not set - need to revert CLO
INFO: First Clock-opt did not mark run with CLO enabled/disabled property

Clock-opt optimization Phase 17 Iter  1         0.00        0.00      0.01        12     104784.93  3446927.25        3751              0.03      2147
Information: The netlist change observers are enabled for incremental extraction. (TIM-127)
INFO: Running refresh_performance_via_ladder_constraints
Warning: max_routing_layer is not set in the design.
INFO: Running refresh_via_ladders
Warning: Please run the command "check_routability" before running Zroute commands. (ZRT-762)
Information: The net parasitics of block sar_digi_paper_core are cleared. (TIM-123)
No cell change area manager for zroute
Start Global Route ... 
[Init] Elapsed real time: 0:00:00 
[Init] Elapsed cpu  time: sys=0:00:00 usr=0:00:00 total=0:00:00
[Init] Stage (MB): Used    0  Alloctr    0  Proc    0 
[Init] Total (MB): Used    7  Alloctr    8  Proc 5941 
Printing options for 'route.common.*'
common.crosstalk_driven                                 :	 false               
common.verbose_level                                    :	 0                   

Printing options for 'route.global.*'
global.crosstalk_driven                                 :	 false               
global.force_rerun_after_global_route_opt               :	 true                
global.timing_driven                                    :	 false               

Begin global routing.
Cell Min-Routing-Layer = METAL1
Cell Max-Routing-Layer = METAL6
Turn off antenna since no rule is specified
Information: Option route.detail.force_end_on_preferred_grid will be ignored since none of the layers have preferred grid. (ZRT-703)
Info: number of net_type_blockage: 0 
Information: Via ladder engine would be activated for pattern must join connection in certain commands. Please refer to man-page for the command list. (ZRT-619)
Warning: Port  VSS at {{165.660,427.305} {178.200,428.800}} is out of boundary. Cannot be routed. (ZRT-720)
Warning: Port  VDD at {{382.140,-0.400} {390.720,0.950}} is out of boundary. Cannot be routed. (ZRT-720)
Warning: Port  VSS at {{291.720,426.945} {294.360,428.800}} is out of boundary. Cannot be routed. (ZRT-720)
Warning: Port  VSS at {{306.240,427.825} {311.520,428.800}} is out of boundary. Cannot be routed. (ZRT-720)
Warning: Port  VDD at {{215.160,-0.400} {221.100,1.275}} is out of boundary. Cannot be routed. (ZRT-720)
Warning: Port  VDD at {{225.060,-0.400} {231.000,1.275}} is out of boundary. Cannot be routed. (ZRT-720)
Warning: Port  VSS at {{297.000,427.825} {299.640,428.800}} is out of boundary. Cannot be routed. (ZRT-720)
Warning: Port  VSS at {{300.960,427.825} {303.600,428.800}} is out of boundary. Cannot be routed. (ZRT-720)
Warning: Port  VDD at {{411.840,-0.400} {424.380,2.100}} is out of boundary. Cannot be routed. (ZRT-720)
Warning: Port  VDD at {{240.900,-0.400} {243.540,0.575}} is out of boundary. Cannot be routed. (ZRT-720)
Skipping 26 ectangle_only route guides because they don't cover the design boundary in the layer's  preferred direction.
Warning: Found AutoNdr rule _snps_autoNdr_power by name when the auto ndr flow is not enabled. (ZRT-828)
Information: When applicable Min-max layer allow_pin_connection mode will allow paths of length 6.70 outside the layer range. (ZRT-707)
Information: When applicable Min-max layer allow_pin_connection mode will allow paths of length 6.70 outside the layer range on clock nets. (ZRT-718)
Information: When applicable layer based tapering will taper up to 0.00 in distance from the pin. (ZRT-706)
Warning: Standard cell pin AOI222X1/Y has no valid via regions. (ZRT-044)
Warning: Standard cell pin OAI22XL/Y has no valid via regions. (ZRT-044)
Warning: Standard cell pin AOI222X4/B1 has no valid via regions. (ZRT-044)
Warning: Standard cell pin AOI2BB2X1/B0 has no valid via regions. (ZRT-044)
Warning: Standard cell pin AOI221X1/A1 has no valid via regions. (ZRT-044)
Warning: Standard cell pin AOI221X1/C0 has no valid via regions. (ZRT-044)
Warning: Standard cell pin AOI221X1/Y has no valid via regions. (ZRT-044)
Warning: Standard cell pin BUFX2/Y has no valid via regions. (ZRT-044)
Warning: Standard cell pin AOI32XL/Y has no valid via regions. (ZRT-044)
Warning: Standard cell pin OAI22X1/Y has no valid via regions. (ZRT-044)
Warning: Standard cell pin NAND3XL/A has no valid via regions. (ZRT-044)
Warning: Standard cell pin DFFSXL/Q has no valid via regions. (ZRT-044)
Warning: Standard cell pin OAI31X1/Y has no valid via regions. (ZRT-044)
Warning: Standard cell pin INVX12/A has no valid via regions. (ZRT-044)
Warning: Standard cell pin AOI2BB1X2/B0 has no valid via regions. (ZRT-044)
Warning: Standard cell pin CLKBUFXL/Y has no valid via regions. (ZRT-044)
Warning: Standard cell pin DFFSX1/CK has no valid via regions. (ZRT-044)
Warning: Standard cell pin ADDFX1/B has no valid via regions. (ZRT-044)
Warning: Standard cell pin AOI21XL/Y has no valid via regions. (ZRT-044)
Warning: Standard cell pin NAND4X2/A has no valid via regions. (ZRT-044)
Warning: Standard cell pin NAND4X2/D has no valid via regions. (ZRT-044)
Warning: Standard cell pin OAI21XL/Y has no valid via regions. (ZRT-044)
Warning: Standard cell pin ADDFXL/B has no valid via regions. (ZRT-044)
Warning: Standard cell pin NAND3X1/A has no valid via regions. (ZRT-044)
Warning: Standard cell pin AOI22X2/A1 has no valid via regions. (ZRT-044)
Warning: Standard cell pin AOI22X2/Y has no valid via regions. (ZRT-044)
Warning: Standard cell pin NOR3XL/A has no valid via regions. (ZRT-044)
Warning: Standard cell pin NAND4X1/A has no valid via regions. (ZRT-044)
Warning: Standard cell pin NOR4X1/B has no valid via regions. (ZRT-044)
Warning: Standard cell pin DLY2X1/Y has no valid via regions. (ZRT-044)
Warning: Standard cell pin OAI2BB1XL/Y has no valid via regions. (ZRT-044)
Warning: Standard cell pin NOR3BX1/AN has no valid via regions. (ZRT-044)
Warning: Standard cell pin DLY4X1/Y has no valid via regions. (ZRT-044)
Warning: Standard cell pin NOR2BX2/Y has no valid via regions. (ZRT-044)
Warning: Standard cell pin AOI211XL/Y has no valid via regions. (ZRT-044)
Warning: Standard cell pin ADDHXL/CO has no valid via regions. (ZRT-044)
Warning: Standard cell pin XNOR2X1/B has no valid via regions. (ZRT-044)
Warning: Standard cell pin ADDHXL/S has no valid via regions. (ZRT-044)
Warning: Standard cell pin XNOR2X1/Y has no valid via regions. (ZRT-044)
Warning: Standard cell pin DLY3X1/Y has no valid via regions. (ZRT-044)
Warning: Standard cell pin CMPR32X1/B has no valid via regions. (ZRT-044)
Warning: Standard cell pin AND2XL/Y has no valid via regions. (ZRT-044)
Warning: Standard cell pin NAND2X2/B has no valid via regions. (ZRT-044)
Warning: Standard cell pin AOI211X1/B0 has no valid via regions. (ZRT-044)
Warning: Standard cell pin NAND2X2/Y has no valid via regions. (ZRT-044)
Warning: Standard cell pin AND4X2/C has no valid via regions. (ZRT-044)
Warning: Standard cell pin OAI2BB1X2/Y has no valid via regions. (ZRT-044)
Warning: Standard cell pin XOR2X1/B has no valid via regions. (ZRT-044)
Warning: Standard cell pin XOR2X1/Y has no valid via regions. (ZRT-044)
Warning: Standard cell pin ADDFHX1/CI has no valid via regions. (ZRT-044)
Warning: Standard cell pin NOR2X4/A has no valid via regions. (ZRT-044)
Warning: Standard cell pin ADDFHX1/CO has no valid via regions. (ZRT-044)
Warning: Standard cell pin NOR2X4/B has no valid via regions. (ZRT-044)
Warning: Standard cell pin ADDFHX1/S has no valid via regions. (ZRT-044)
Warning: Standard cell pin OAI2BB1X1/Y has no valid via regions. (ZRT-044)
Warning: Standard cell pin OAI31XL/A0 has no valid via regions. (ZRT-044)
Warning: Standard cell pin OAI31XL/Y has no valid via regions. (ZRT-044)
Warning: Standard cell pin NOR3BX2/AN has no valid via regions. (ZRT-044)
Warning: Standard cell pin NOR3BX2/B has no valid via regions. (ZRT-044)
Warning: Standard cell pin AOI22XL/Y has no valid via regions. (ZRT-044)
Warning: Standard cell pin NOR3BX2/Y has no valid via regions. (ZRT-044)
Warning: Standard cell pin XOR2XL/B has no valid via regions. (ZRT-044)
Warning: Standard cell pin XOR2XL/Y has no valid via regions. (ZRT-044)
Warning: Standard cell pin AOI31XL/Y has no valid via regions. (ZRT-044)
Warning: Standard cell pin ADDFX2/B has no valid via regions. (ZRT-044)
Warning: Standard cell pin NAND2XL/Y has no valid via regions. (ZRT-044)
Warning: Standard cell pin TLATNXL/QN has no valid via regions. (ZRT-044)
Warning: Standard cell pin NOR4BX1/C has no valid via regions. (ZRT-044)
Warning: Standard cell pin XNOR2XL/B has no valid via regions. (ZRT-044)
Warning: Standard cell pin NOR4BX1/D has no valid via regions. (ZRT-044)
Warning: Standard cell pin XNOR2XL/Y has no valid via regions. (ZRT-044)
Warning: Standard cell pin NAND4XL/B has no valid via regions. (ZRT-044)
Warning: Standard cell pin AOI2BB1X1/Y has no valid via regions. (ZRT-044)
Warning: Standard cell pin NAND4XL/C has no valid via regions. (ZRT-044)
Warning: Standard cell pin NAND4XL/D has no valid via regions. (ZRT-044)
Warning: Standard cell pin AOI21X1/A0 has no valid via regions. (ZRT-044)
Warning: Standard cell pin AOI21X1/B0 has no valid via regions. (ZRT-044)
Warning: Standard cell pin AOI2BB1XL/Y has no valid via regions. (ZRT-044)
Warning: Standard cell pin NOR4BXL/C has no valid via regions. (ZRT-044)
Warning: Standard cell pin NOR4BXL/D has no valid via regions. (ZRT-044)
Warning: Standard cell pin CMPR22X1/CO has no valid via regions. (ZRT-044)
Warning: Standard cell pin NOR3X1/A has no valid via regions. (ZRT-044)
Warning: Standard cell pin AOI2BB2XL/Y has no valid via regions. (ZRT-044)
Current Stage stats:
[End of Read DB] Elapsed real time: 0:00:00 
[End of Read DB] Elapsed cpu  time: sys=0:00:00 usr=0:00:00 total=0:00:00
[End of Read DB] Stage (MB): Used   18  Alloctr   18  Proc  -32 
[End of Read DB] Total (MB): Used   25  Alloctr   26  Proc 5909 
Loading parastics information to the router ...
parastics information loaded to the router.
[End of Loading Timing] Elapsed real time: 0:00:00 
[End of Loading Timing] Elapsed cpu  time: sys=0:00:00 usr=0:00:00 total=0:00:00
Constructing data structure ...
Design statistics:
Design Bounding Box (0.00um,0.00um,429.66um,428.40um)
Number of routing layers = 6
layer METAL1, dir Hor, min width = 0.23um, min space = 0.23um pitch = 0.56um
layer METAL2, dir Ver, min width = 0.28um, min space = 0.28um pitch = 0.66um
layer METAL3, dir Hor, min width = 0.28um, min space = 0.28um pitch = 0.56um
layer METAL4, dir Ver, min width = 0.28um, min space = 0.28um pitch = 0.66um
layer METAL5, dir Hor, min width = 0.28um, min space = 0.28um pitch = 0.61um
layer METAL6, dir Ver, min width = 0.44um, min space = 0.46um pitch = 0.95um
Current Stage stats:
[End of Build Tech Data] Elapsed real time: 0:00:00 
[End of Build Tech Data] Elapsed cpu  time: sys=0:00:00 usr=0:00:00 total=0:00:00
[End of Build Tech Data] Stage (MB): Used    1  Alloctr    0  Proc    0 
[End of Build Tech Data] Total (MB): Used   26  Alloctr   27  Proc 5909 
Net statistics:
Total number of nets     = 3905
Number of nets to route  = 3843
2 nets are partially connected,
 of which 2 are detail routed and 0 are global routed.
62 nets are fully connected,
 of which 62 are detail routed and 0 are global routed.
Current Stage stats:
[End of Build All Nets] Elapsed real time: 0:00:00 
[End of Build All Nets] Elapsed cpu  time: sys=0:00:00 usr=0:00:00 total=0:00:00
[End of Build All Nets] Stage (MB): Used    2  Alloctr    3  Proc    0 
[End of Build All Nets] Total (MB): Used   29  Alloctr   31  Proc 5909 
Net length statistics: 
Net Count(Ignore Fully Rted) 3843, Total Half Perimeter Wire Length (HPWL) 194147 microns
HPWL   0 ~   50 microns: Net Count     2906	Total HPWL        57997 microns
HPWL  50 ~  100 microns: Net Count      451	Total HPWL        31252 microns
HPWL 100 ~  200 microns: Net Count      284	Total HPWL        40019 microns
HPWL 200 ~  300 microns: Net Count      100	Total HPWL        24323 microns
HPWL 300 ~  400 microns: Net Count       63	Total HPWL        21562 microns
HPWL 400 ~  500 microns: Net Count       23	Total HPWL        10167 microns
HPWL 500 ~  600 microns: Net Count       14	Total HPWL         7562 microns
HPWL 600 ~  700 microns: Net Count        2	Total HPWL         1265 microns
HPWL 700 ~  800 microns: Net Count        0	Total HPWL            0 microns
HPWL 800 ~  900 microns: Net Count        0	Total HPWL            0 microns
HPWL 900 ~ 1000 microns: Net Count        0	Total HPWL            0 microns
HPWL     > 1000 microns: Net Count        0	Total HPWL            0 microns
Number of partitions: 1 (1 x 1)
Size of partitions: 85 gCells x 85 gCells
Average gCell capacity  2.10	 on layer (1)	 METAL1
Average gCell capacity  6.67	 on layer (2)	 METAL2
Average gCell capacity  8.98	 on layer (3)	 METAL3
Average gCell capacity  7.65	 on layer (4)	 METAL4
Average gCell capacity  8.25	 on layer (5)	 METAL5
Average gCell capacity  5.31	 on layer (6)	 METAL6
Average number of tracks per gCell 9.01	 on layer (1)	 METAL1
Average number of tracks per gCell 7.67	 on layer (2)	 METAL2
Average number of tracks per gCell 9.01	 on layer (3)	 METAL3
Average number of tracks per gCell 7.67	 on layer (4)	 METAL4
Average number of tracks per gCell 8.27	 on layer (5)	 METAL5
Average number of tracks per gCell 5.33	 on layer (6)	 METAL6
Number of gCells = 43350
Current Stage stats:
[End of Build Congestion Map] Elapsed real time: 0:00:00 
[End of Build Congestion Map] Elapsed cpu  time: sys=0:00:00 usr=0:00:00 total=0:00:00
[End of Build Congestion Map] Stage (MB): Used    1  Alloctr    1  Proc    0 
[End of Build Congestion Map] Total (MB): Used   30  Alloctr   32  Proc 5909 
Number of partitions: 1 (1 x 1)
Size of partitions: 85 gCells x 85 gCells
Current Stage stats:
[End of Add Nets Demand] Elapsed real time: 0:00:00 
[End of Add Nets Demand] Elapsed cpu  time: sys=0:00:00 usr=0:00:00 total=0:00:00
[End of Add Nets Demand] Stage (MB): Used    0  Alloctr    0  Proc    0 
[End of Add Nets Demand] Total (MB): Used   31  Alloctr   33  Proc 5909 
Number of user frozen nets = 0
Information: RC layer preference is turned on for this design. (ZRT-613)
Total stats:
[End of Build Data] Elapsed real time: 0:00:00 
[End of Build Data] Elapsed cpu  time: sys=0:00:00 usr=0:00:00 total=0:00:00
[End of Build Data] Stage (MB): Used    5  Alloctr    6  Proc    0 
[End of Build Data] Total (MB): Used   31  Alloctr   33  Proc 5909 
Number of partitions: 1 (1 x 1)
Size of partitions: 85 gCells x 85 gCells
Current Stage stats:
[End of Blocked Pin Detection] Elapsed real time: 0:00:00 
[End of Blocked Pin Detection] Elapsed cpu  time: sys=0:00:00 usr=0:00:00 total=0:00:00
[End of Blocked Pin Detection] Stage (MB): Used  176  Alloctr  176  Proc    0 
[End of Blocked Pin Detection] Total (MB): Used  207  Alloctr  209  Proc 5909 
Information: Using 8 threads for routing. (ZRT-444)
Information: Multiple gcell levels ON
Information: Buffer distance is estimated to be ~6372.0000um (1264 gCells)

Start GR phase 0
Number of partitions: 1 (1 x 1)
Size of partitions: 85 gCells x 85 gCells
[rtAllBotParts] Elapsed real time: 0:00:00 
[rtAllBotParts] Elapsed cpu  time: sys=0:00:00 usr=0:00:00 total=0:00:00
[rtTop] Elapsed real time: 0:00:00 
[rtTop] Elapsed cpu  time: sys=0:00:00 usr=0:00:00 total=0:00:00
Current Stage stats:
[End of Initial Routing] Elapsed real time: 0:00:00 
[End of Initial Routing] Elapsed cpu  time: sys=0:00:00 usr=0:00:00 total=0:00:00
[End of Initial Routing] Stage (MB): Used    1  Alloctr    2  Proc    0 
[End of Initial Routing] Total (MB): Used  209  Alloctr  211  Proc 5909 
Initial. Routing result:
Initial. Both Dirs: Dmd-Cap  =     0 Max = 0 GRCs =     0 (0.00%)
Initial. H routing: Dmd-Cap  =     0 Max = 0 (GRCs =  0) GRCs =     0 (0.00%)
Initial. V routing: Dmd-Cap  =     0 Max = 0 (GRCs =  0) GRCs =     0 (0.00%)
Initial. Both Dirs: Overflow =   315 Max = 4 GRCs =   433 (3.00%)
Initial. H routing: Overflow =    21 Max = 2 (GRCs =  4) GRCs =    45 (0.62%)
Initial. V routing: Overflow =   293 Max = 4 (GRCs =  3) GRCs =   388 (5.37%)
Initial. METAL1     Overflow =    10 Max = 1 (GRCs = 17) GRCs =    17 (0.24%)
Initial. METAL2     Overflow =   293 Max = 4 (GRCs =  3) GRCs =   388 (5.37%)
Initial. METAL3     Overflow =    11 Max = 2 (GRCs =  4) GRCs =    28 (0.39%)
Initial. METAL4     Overflow =     0 Max = 0 (GRCs =  0) GRCs =     0 (0.00%)
Initial. METAL5     Overflow =     0 Max = 0 (GRCs =  0) GRCs =     0 (0.00%)
Initial. METAL6     Overflow =     0 Max = 0 (GRCs =  0) GRCs =     0 (0.00%)

Initial. Total Wire Length = 197909.94
Initial. Layer METAL1 wire length = 3062.58
Initial. Layer METAL2 wire length = 52619.82
Initial. Layer METAL3 wire length = 92978.72
Initial. Layer METAL4 wire length = 43705.05
Initial. Layer METAL5 wire length = 5543.76
Initial. Layer METAL6 wire length = 0.00
Initial. Total Number of Contacts = 22723
Initial. Via via1 count = 11246
Initial. Via via2 count = 9653
Initial. Via via3 count = 1746
Initial. Via via4 count = 78
Initial. Via via5 count = 0
Initial. completed.

Start GR phase 1
Fri Sep 18 20:21:56 2026
Number of partitions: 1 (1 x 1)
Size of partitions: 85 gCells x 85 gCells
[rtAllParts] Elapsed real time: 0:00:00 
[rtAllParts] Elapsed cpu  time: sys=0:00:00 usr=0:00:00 total=0:00:00
Current Stage stats:
[End of Phase1 Routing] Elapsed real time: 0:00:00 
[End of Phase1 Routing] Elapsed cpu  time: sys=0:00:00 usr=0:00:00 total=0:00:00
[End of Phase1 Routing] Stage (MB): Used    0  Alloctr    0  Proc    0 
[End of Phase1 Routing] Total (MB): Used  209  Alloctr  211  Proc 5909 
phase1. Routing result:
phase1. Both Dirs: Dmd-Cap  =     0 Max = 0 GRCs =     0 (0.00%)
phase1. H routing: Dmd-Cap  =     0 Max = 0 (GRCs =  0) GRCs =     0 (0.00%)
phase1. V routing: Dmd-Cap  =     0 Max = 0 (GRCs =  0) GRCs =     0 (0.00%)
phase1. Both Dirs: Overflow =   273 Max = 5 GRCs =   294 (2.03%)
phase1. H routing: Overflow =    10 Max = 1 (GRCs = 18) GRCs =    18 (0.25%)
phase1. V routing: Overflow =   262 Max = 5 (GRCs =  2) GRCs =   276 (3.82%)
phase1. METAL1     Overflow =    10 Max = 1 (GRCs = 18) GRCs =    18 (0.25%)
phase1. METAL2     Overflow =   262 Max = 5 (GRCs =  2) GRCs =   276 (3.82%)
phase1. METAL3     Overflow =     0 Max = 0 (GRCs =  0) GRCs =     0 (0.00%)
phase1. METAL4     Overflow =     0 Max = 0 (GRCs =  0) GRCs =     0 (0.00%)
phase1. METAL5     Overflow =     0 Max = 0 (GRCs =  0) GRCs =     0 (0.00%)
phase1. METAL6     Overflow =     0 Max = 0 (GRCs =  0) GRCs =     0 (0.00%)

phase1. Total Wire Length = 198108.48
phase1. Layer METAL1 wire length = 3142.46
phase1. Layer METAL2 wire length = 50812.18
phase1. Layer METAL3 wire length = 92723.21
phase1. Layer METAL4 wire length = 45746.72
phase1. Layer METAL5 wire length = 5683.90
phase1. Layer METAL6 wire length = 0.00
phase1. Total Number of Contacts = 22976
phase1. Via via1 count = 11244
phase1. Via via2 count = 9656
phase1. Via via3 count = 1982
phase1. Via via4 count = 94
phase1. Via via5 count = 0
phase1. completed.

Start GR phase 2
Fri Sep 18 20:21:57 2026
Number of partitions: 1 (1 x 1)
Size of partitions: 85 gCells x 85 gCells
[rtAllParts] Elapsed real time: 0:00:00 
[rtAllParts] Elapsed cpu  time: sys=0:00:00 usr=0:00:00 total=0:00:00
Number of partitions: 1 (1 x 1)
Size of partitions: 85 gCells x 85 gCells
[updNetsDmd] Elapsed real time: 0:00:00 
[updNetsDmd] Elapsed cpu  time: sys=0:00:00 usr=0:00:00 total=0:00:00
Current Stage stats:
[End of Phase2 Routing] Elapsed real time: 0:00:00 
[End of Phase2 Routing] Elapsed cpu  time: sys=0:00:00 usr=0:00:00 total=0:00:00
[End of Phase2 Routing] Stage (MB): Used    0  Alloctr    0  Proc    0 
[End of Phase2 Routing] Total (MB): Used  209  Alloctr  211  Proc 5909 
phase2. Routing result:
phase2. Both Dirs: Dmd-Cap  =     0 Max = 0 GRCs =     0 (0.00%)
phase2. H routing: Dmd-Cap  =     0 Max = 0 (GRCs =  0) GRCs =     0 (0.00%)
phase2. V routing: Dmd-Cap  =     0 Max = 0 (GRCs =  0) GRCs =     0 (0.00%)
phase2. Both Dirs: Overflow =    16 Max = 2 GRCs =    30 (0.21%)
phase2. H routing: Overflow =     6 Max = 1 (GRCs = 12) GRCs =    12 (0.17%)
phase2. V routing: Overflow =    10 Max = 2 (GRCs =  1) GRCs =    18 (0.25%)
phase2. METAL1     Overflow =     6 Max = 1 (GRCs = 12) GRCs =    12 (0.17%)
phase2. METAL2     Overflow =    10 Max = 2 (GRCs =  1) GRCs =    18 (0.25%)
phase2. METAL3     Overflow =     0 Max = 0 (GRCs =  0) GRCs =     0 (0.00%)
phase2. METAL4     Overflow =     0 Max = 0 (GRCs =  0) GRCs =     0 (0.00%)
phase2. METAL5     Overflow =     0 Max = 0 (GRCs =  0) GRCs =     0 (0.00%)
phase2. METAL6     Overflow =     0 Max = 0 (GRCs =  0) GRCs =     0 (0.00%)

phase2. Total Wire Length = 198158.68
phase2. Layer METAL1 wire length = 3118.74
phase2. Layer METAL2 wire length = 50699.99
phase2. Layer METAL3 wire length = 92768.23
phase2. Layer METAL4 wire length = 45927.83
phase2. Layer METAL5 wire length = 5643.90
phase2. Layer METAL6 wire length = 0.00
phase2. Total Number of Contacts = 22997
phase2. Via via1 count = 11245
phase2. Via via2 count = 9656
phase2. Via via3 count = 2004
phase2. Via via4 count = 92
phase2. Via via5 count = 0
phase2. completed.

Start GR phase 3
Fri Sep 18 20:21:57 2026
Number of partitions: 1 (1 x 1)
Size of partitions: 85 gCells x 85 gCells
[rtAllParts] Elapsed real time: 0:00:00 
[rtAllParts] Elapsed cpu  time: sys=0:00:00 usr=0:00:00 total=0:00:00
Number of partitions: 1 (1 x 1)
Size of partitions: 85 gCells x 85 gCells
[updNetsDmd] Elapsed real time: 0:00:00 
[updNetsDmd] Elapsed cpu  time: sys=0:00:00 usr=0:00:00 total=0:00:00
Current Stage stats:
[End of Phase3 Routing] Elapsed real time: 0:00:00 
[End of Phase3 Routing] Elapsed cpu  time: sys=0:00:00 usr=0:00:00 total=0:00:00
[End of Phase3 Routing] Stage (MB): Used    0  Alloctr    0  Proc    0 
[End of Phase3 Routing] Total (MB): Used  209  Alloctr  211  Proc 5909 
phase3. Routing result:
phase3. Both Dirs: Dmd-Cap  =     0 Max = 0 GRCs =     0 (0.00%)
phase3. H routing: Dmd-Cap  =     0 Max = 0 (GRCs =  0) GRCs =     0 (0.00%)
phase3. V routing: Dmd-Cap  =     0 Max = 0 (GRCs =  0) GRCs =     0 (0.00%)
phase3. Both Dirs: Overflow =    16 Max = 2 GRCs =    30 (0.21%)
phase3. H routing: Overflow =     6 Max = 1 (GRCs = 12) GRCs =    12 (0.17%)
phase3. V routing: Overflow =    10 Max = 2 (GRCs =  1) GRCs =    18 (0.25%)
phase3. METAL1     Overflow =     6 Max = 1 (GRCs = 12) GRCs =    12 (0.17%)
phase3. METAL2     Overflow =    10 Max = 2 (GRCs =  1) GRCs =    18 (0.25%)
phase3. METAL3     Overflow =     0 Max = 0 (GRCs =  0) GRCs =     0 (0.00%)
phase3. METAL4     Overflow =     0 Max = 0 (GRCs =  0) GRCs =     0 (0.00%)
phase3. METAL5     Overflow =     0 Max = 0 (GRCs =  0) GRCs =     0 (0.00%)
phase3. METAL6     Overflow =     0 Max = 0 (GRCs =  0) GRCs =     0 (0.00%)

phase3. Total Wire Length = 198158.68
phase3. Layer METAL1 wire length = 3118.74
phase3. Layer METAL2 wire length = 50699.99
phase3. Layer METAL3 wire length = 92768.23
phase3. Layer METAL4 wire length = 45927.83
phase3. Layer METAL5 wire length = 5643.90
phase3. Layer METAL6 wire length = 0.00
phase3. Total Number of Contacts = 22997
phase3. Via via1 count = 11245
phase3. Via via2 count = 9656
phase3. Via via3 count = 2004
phase3. Via via4 count = 92
phase3. Via via5 count = 0
phase3. completed.
[End of Whole Chip Routing] Elapsed real time: 0:00:01 
[End of Whole Chip Routing] Elapsed cpu  time: sys=0:00:00 usr=0:00:01 total=0:00:01
[End of Whole Chip Routing] Stage (MB): Used  183  Alloctr  184  Proc    0 
[End of Whole Chip Routing] Total (MB): Used  209  Alloctr  211  Proc 5909 

Information: Global Routing didn't terminate early. (ZRT-103)

Congestion utilization per direction:
Average vertical track utilization   = 22.79 %
Peak    vertical track utilization   = 76.47 %
Average horizontal track utilization = 19.68 %
Peak    horizontal track utilization = 64.71 %

[End of Global Routing] Elapsed real time: 0:00:01 
[End of Global Routing] Elapsed cpu  time: sys=0:00:00 usr=0:00:01 total=0:00:01
[End of Global Routing] Stage (MB): Used  182  Alloctr  183  Proc    0 
[End of Global Routing] Total (MB): Used  208  Alloctr  210  Proc 5909 
Updating the database ...
Updating congestion ...
Information: Extraction observers are detached as design net change threshold is reached.
[End of dbOut] Elapsed real time: 0:00:00 
[End of dbOut] Elapsed cpu  time: sys=0:00:00 usr=0:00:00 total=0:00:00
[End of dbOut] Stage (MB): Used  -19  Alloctr  -20  Proc    0 
[End of dbOut] Total (MB): Used   36  Alloctr   37  Proc 5909 
Information: The stitching and editing of coupling caps is turned OFF for design 'sar16_pnr_paper_core:sar_digi_paper_core.design'. (TIM-125)
Information: Design sar_digi_paper_core has 3905 nets, 3843 global routed, 60 detail routed. (NEX-024)
Information: build GR coup map successfully (NEX-012)
Information: The RC mode used is GR for design 'sar_digi_paper_core'. (NEX-022)
Information: Update timing completed net estimation for all the timing graph nets (TIM-111)
Information: Net estimation statistics: timing graph nets = 3903, routed nets = 3903, across physical hierarchy nets = 0, parasitics cached nets = 3903, delay annotated nets = 0, parasitics annotated nets = 0, multi-voltage nets = 0. (TIM-112)
Information: The netlist change observers are disabled for incremental extraction. (TIM-126)

Clock-opt route-global QoR
__________________________
Scenario Mapping Table
1: default

Pathgroup Mapping Table
1: **default**
2: **async_default**
3: **clock_gating_default**
4: **in2reg_default**
5: **reg2out_default**
6: **in2out_default**
7: **internal_default**
8: clk
9: dec_clk

-------------------------------------------------------------------------------------------------------------------------------------------------------------
PATHGROUP QOR 
-------------------------------------------------------------------------------------------------------------------------------------------------------------
Scene  PG      WNS        TNS    NSV      WHV        THV    NHV
    1   1   0.0000     0.0000      0   0.0000     0.0000      0
    1   2   0.0000     0.0000      0   0.0000     0.0000      0
    1   3   0.0000     0.0000      0   0.0000     0.0000      0
    1   4   0.0000     0.0000      0   0.0000     0.0000      0
    1   5   0.0000     0.0000      0   0.0053     0.0053      1
    1   6   0.0000     0.0000      0   0.0000     0.0000      0
    1   7   0.0000     0.0000      0   0.0000     0.0000      0
    1   8   0.0000     0.0000      0   0.0000     0.0000      0
    1   9   0.0000     0.0000      0   0.0000     0.0000      0
----------------------------------------------------------------------------------------------------------------------------------------------------------------------
SCENARIO QOR 
----------------------------------------------------------------------------------------------------------------------------------------------------------------------
Scene  PG      WNS        TNS   R2RTNS    NSV      WHV        THV    NHV  MaxTrnV   MaxTranC  MaxCapV    Leakage
    1   *   0.0000     0.0000   0.0000      0   0.0053     0.0053      1       18     3.4884        0 3446927.25
----------------------------------------------------------------------------------------------------------------------------------------------------------------------
DESIGN QOR 
----------------------------------------------------------------------------------------------------------------------------------------------------------------------
Scene  PG      WNS        TNS   R2RTNS    NSV      WHV        THV    NHV  MaxTrnV   MaxTranC  MaxCapV    Leakage         Area    InstCnt     BufCnt     InvCnt
    *   *   0.0000     0.0000   0.0000      0   0.0053     0.0053      1       18     3.4884        0 3446927.25    104784.93       3751        313        333
----------------------------------------------------------------------------------------------------------------------------------------------------------------------

Clock-opt route-global QoR Summary      WNS        TNS   R2RTNS    NSV      WHV        THV    NHV  MaxTrnV  MaxCapV    Leakage         Area    InstCnt
Clock-opt route-global QoR Summary   0.0000     0.0000   0.0000      0   0.0053     0.0053      1       18        0 3446927.25    104784.93       3751

Clock-opt Global-routing complete         CPU:   204 s (  0.06 hr )  ELAPSE:   110 s (  0.03 hr )  MEM-PEAK:  2147 MB

runtime_assert false
enhanced site row merge :  1
Key: unit, value: 0x8b634c30
Number of Site types in the design = 1
Setting up Chip Core
Chip Core shape: (0 0) (4296600 4284000)
Preroute opto area query mode: NDM
Using CLEO = true
Summary: is MV Ready (has MV info... UPF or derived)
Summary: design is not hierarchical
Voltage Area: id=0, index=0, name=DEFAULT_VA, is default, domain=DEFAULT_POWER_DOMAIN, scopeHier=, psn=VDD;
Number of VARs = 1
Number of unique PDs = 1
Number of Power Domains = 1
Number of Voltage Areas = 1
Number of supply Nets = 2
Number of used supplies = 0
Setup Voltages:
  Supply Net = VDD, voltages =  1.6200
  Supply Net = VSS, voltages = 
Hold Voltages:
  Supply Net = VDD, voltages =  1.6200
  Supply Net = VSS, voltages = 
Unique Voltages in Design:  1.6200
Default Voltage Area = DEFAULT_VA
Blocked VAs: 
Cell Min-Routing-Layer = METAL1
Cell Max-Routing-Layer = METAL6
Turn off antenna since no rule is specified
Information: Option route.detail.force_end_on_preferred_grid will be ignored since none of the layers have preferred grid. (ZRT-703)
Info: number of net_type_blockage: 0 
Information: Via ladder engine would be activated for pattern must join connection in certain commands. Please refer to man-page for the command list. (ZRT-619)
Warning: Port  VSS at {{165.660,427.305} {178.200,428.800}} is out of boundary. Cannot be routed. (ZRT-720)
Warning: Port  VDD at {{382.140,-0.400} {390.720,0.950}} is out of boundary. Cannot be routed. (ZRT-720)
Warning: Port  VSS at {{291.720,426.945} {294.360,428.800}} is out of boundary. Cannot be routed. (ZRT-720)
Warning: Port  VSS at {{306.240,427.825} {311.520,428.800}} is out of boundary. Cannot be routed. (ZRT-720)
Warning: Port  VDD at {{215.160,-0.400} {221.100,1.275}} is out of boundary. Cannot be routed. (ZRT-720)
Warning: Port  VDD at {{225.060,-0.400} {231.000,1.275}} is out of boundary. Cannot be routed. (ZRT-720)
Warning: Port  VSS at {{297.000,427.825} {299.640,428.800}} is out of boundary. Cannot be routed. (ZRT-720)
Warning: Port  VSS at {{300.960,427.825} {303.600,428.800}} is out of boundary. Cannot be routed. (ZRT-720)
Warning: Port  VDD at {{411.840,-0.400} {424.380,2.100}} is out of boundary. Cannot be routed. (ZRT-720)
Warning: Port  VDD at {{240.900,-0.400} {243.540,0.575}} is out of boundary. Cannot be routed. (ZRT-720)
Skipping 26 ectangle_only route guides because they don't cover the design boundary in the layer's  preferred direction.
Warning: Found AutoNdr rule _snps_autoNdr_power by name when the auto ndr flow is not enabled. (ZRT-828)
Information: When applicable Min-max layer allow_pin_connection mode will allow paths of length 6.70 outside the layer range. (ZRT-707)
Information: When applicable Min-max layer allow_pin_connection mode will allow paths of length 6.70 outside the layer range on clock nets. (ZRT-718)
Information: When applicable layer based tapering will taper up to 0.00 in distance from the pin. (ZRT-706)
Warning: Standard cell pin OAI22XL/Y has no valid via regions. (ZRT-044)
Warning: Standard cell pin BUFX2/Y has no valid via regions. (ZRT-044)
Warning: Standard cell pin AOI2BB2X1/B0 has no valid via regions. (ZRT-044)
Warning: Standard cell pin NAND3XL/A has no valid via regions. (ZRT-044)
Warning: Standard cell pin OAI22X1/Y has no valid via regions. (ZRT-044)
Warning: Standard cell pin AOI2BB1X2/B0 has no valid via regions. (ZRT-044)
Warning: Standard cell pin OAI31X1/Y has no valid via regions. (ZRT-044)
Warning: Standard cell pin AOI222X1/Y has no valid via regions. (ZRT-044)
Warning: Standard cell pin DFFSX1/CK has no valid via regions. (ZRT-044)
Warning: Standard cell pin INVX12/A has no valid via regions. (ZRT-044)
Warning: Standard cell pin AOI21XL/Y has no valid via regions. (ZRT-044)
Warning: Standard cell pin AOI222X4/B1 has no valid via regions. (ZRT-044)
Warning: Standard cell pin CLKBUFXL/Y has no valid via regions. (ZRT-044)
Warning: Standard cell pin OAI21XL/Y has no valid via regions. (ZRT-044)
Warning: Standard cell pin NAND3X1/A has no valid via regions. (ZRT-044)
Warning: Standard cell pin ADDFXL/B has no valid via regions. (ZRT-044)
Warning: Standard cell pin NOR3XL/A has no valid via regions. (ZRT-044)
Warning: Standard cell pin AOI221X1/A1 has no valid via regions. (ZRT-044)
Warning: Standard cell pin AOI221X1/C0 has no valid via regions. (ZRT-044)
Warning: Standard cell pin OAI2BB1XL/Y has no valid via regions. (ZRT-044)
Warning: Standard cell pin NAND4X1/A has no valid via regions. (ZRT-044)
Warning: Standard cell pin AOI221X1/Y has no valid via regions. (ZRT-044)
Warning: Standard cell pin NOR3BX1/AN has no valid via regions. (ZRT-044)
Warning: Standard cell pin NOR2BX2/Y has no valid via regions. (ZRT-044)
Warning: Standard cell pin XNOR2X1/B has no valid via regions. (ZRT-044)
Warning: Standard cell pin AOI32XL/Y has no valid via regions. (ZRT-044)
Warning: Standard cell pin ADDHXL/CO has no valid via regions. (ZRT-044)
Warning: Standard cell pin XNOR2X1/Y has no valid via regions. (ZRT-044)
Warning: Standard cell pin ADDHXL/S has no valid via regions. (ZRT-044)
Warning: Standard cell pin AND2XL/Y has no valid via regions. (ZRT-044)
Warning: Standard cell pin DFFSXL/Q has no valid via regions. (ZRT-044)
Warning: Standard cell pin NAND2X2/B has no valid via regions. (ZRT-044)
Warning: Standard cell pin NAND2X2/Y has no valid via regions. (ZRT-044)
Warning: Standard cell pin OAI2BB1X2/Y has no valid via regions. (ZRT-044)
Warning: Standard cell pin DLY2X1/Y has no valid via regions. (ZRT-044)
Warning: Standard cell pin XOR2X1/B has no valid via regions. (ZRT-044)
Warning: Standard cell pin ADDFX1/B has no valid via regions. (ZRT-044)
Warning: Standard cell pin XOR2X1/Y has no valid via regions. (ZRT-044)
Warning: Standard cell pin DLY4X1/Y has no valid via regions. (ZRT-044)
Warning: Standard cell pin NAND4X2/A has no valid via regions. (ZRT-044)
Warning: Standard cell pin NAND4X2/D has no valid via regions. (ZRT-044)
Warning: Standard cell pin OAI2BB1X1/Y has no valid via regions. (ZRT-044)
Warning: Standard cell pin NOR2X4/A has no valid via regions. (ZRT-044)
Warning: Standard cell pin NOR2X4/B has no valid via regions. (ZRT-044)
Warning: Standard cell pin DLY3X1/Y has no valid via regions. (ZRT-044)
Warning: Standard cell pin NOR3BX2/AN has no valid via regions. (ZRT-044)
Warning: Standard cell pin NOR3BX2/B has no valid via regions. (ZRT-044)
Warning: Standard cell pin NOR3BX2/Y has no valid via regions. (ZRT-044)
Warning: Standard cell pin AOI22X2/A1 has no valid via regions. (ZRT-044)
Warning: Standard cell pin AOI22X2/Y has no valid via regions. (ZRT-044)
Warning: Standard cell pin NOR4X1/B has no valid via regions. (ZRT-044)
Warning: Standard cell pin XOR2XL/B has no valid via regions. (ZRT-044)
Warning: Standard cell pin XOR2XL/Y has no valid via regions. (ZRT-044)
Warning: Standard cell pin AOI211XL/Y has no valid via regions. (ZRT-044)
Warning: Standard cell pin TLATNXL/QN has no valid via regions. (ZRT-044)
Warning: Standard cell pin NAND2XL/Y has no valid via regions. (ZRT-044)
Warning: Standard cell pin XNOR2XL/B has no valid via regions. (ZRT-044)
Warning: Standard cell pin XNOR2XL/Y has no valid via regions. (ZRT-044)
Warning: Standard cell pin CMPR32X1/B has no valid via regions. (ZRT-044)
Warning: Standard cell pin AOI2BB1X1/Y has no valid via regions. (ZRT-044)
Warning: Standard cell pin AOI21X1/A0 has no valid via regions. (ZRT-044)
Warning: Standard cell pin AOI21X1/B0 has no valid via regions. (ZRT-044)
Warning: Standard cell pin AOI211X1/B0 has no valid via regions. (ZRT-044)
Warning: Standard cell pin AOI2BB1XL/Y has no valid via regions. (ZRT-044)
Warning: Standard cell pin AND4X2/C has no valid via regions. (ZRT-044)
Warning: Standard cell pin CMPR22X1/CO has no valid via regions. (ZRT-044)
Warning: Standard cell pin NOR3X1/A has no valid via regions. (ZRT-044)
Warning: Standard cell pin ADDFHX1/CI has no valid via regions. (ZRT-044)
Warning: Standard cell pin ADDFHX1/CO has no valid via regions. (ZRT-044)
Warning: Standard cell pin ADDFHX1/S has no valid via regions. (ZRT-044)
Warning: Standard cell pin OAI31XL/A0 has no valid via regions. (ZRT-044)
Warning: Standard cell pin OAI31XL/Y has no valid via regions. (ZRT-044)
Warning: Standard cell pin AOI22XL/Y has no valid via regions. (ZRT-044)
Warning: Standard cell pin AOI31XL/Y has no valid via regions. (ZRT-044)
Warning: Standard cell pin ADDFX2/B has no valid via regions. (ZRT-044)
Warning: Standard cell pin NOR4BX1/C has no valid via regions. (ZRT-044)
Warning: Standard cell pin NOR4BX1/D has no valid via regions. (ZRT-044)
Warning: Standard cell pin NAND4XL/B has no valid via regions. (ZRT-044)
Warning: Standard cell pin NAND4XL/C has no valid via regions. (ZRT-044)
Warning: Standard cell pin NAND4XL/D has no valid via regions. (ZRT-044)
Warning: Standard cell pin NOR4BXL/C has no valid via regions. (ZRT-044)
Warning: Standard cell pin NOR4BXL/D has no valid via regions. (ZRT-044)
Warning: Standard cell pin AOI2BB2XL/Y has no valid via regions. (ZRT-044)
GR Routing Service: Started IMRD 
GR Routing Service: ndmAttrDef 'usr_tmng_crit' created with default value 0 
GR Routing Service: ndmAttrDef 'rted_by_minDly' created with default value 0 
GR Routing Service: ndmAttrDef 'port_subnet_crit_blkConn' created with default value 0 
GR Routing Service: ndmAttrDef 'port_subnet_crit_blkPort' created with default value 0 
Loading timing information to the router ...
Design  Scenario default (Mode default Corner default)
Timing information loaded to the router.
GR Routing Service: Setting costIdx to 3 
GR Routing Service: rebuildCongmap: itr = 3 
Number of partitions: 1 (1 x 1)
Size of partitions: 85 gCells x 85 gCells
Average gCell capacity  2.10	 on layer (1)	 METAL1
Average gCell capacity  6.67	 on layer (2)	 METAL2
Average gCell capacity  8.98	 on layer (3)	 METAL3
Average gCell capacity  7.65	 on layer (4)	 METAL4
Average gCell capacity  8.25	 on layer (5)	 METAL5
Average gCell capacity  5.31	 on layer (6)	 METAL6
Average number of tracks per gCell 9.01	 on layer (1)	 METAL1
Average number of tracks per gCell 7.67	 on layer (2)	 METAL2
Average number of tracks per gCell 9.01	 on layer (3)	 METAL3
Average number of tracks per gCell 7.67	 on layer (4)	 METAL4
Average number of tracks per gCell 8.27	 on layer (5)	 METAL5
Average number of tracks per gCell 5.33	 on layer (6)	 METAL6
Number of gCells = 43350
Number of partitions: 1 (1 x 1)
Size of partitions: 85 gCells x 85 gCells
[updNetsDmd] Elapsed real time: 0:00:00 
[updNetsDmd] Elapsed cpu  time: sys=0:00:00 usr=0:00:00 total=0:00:00
Created 8 thread routing service with costIdx = 3. (tbbMode 0)
GR Routing Service: Setting costIdx to 3 
rtapi Thread-server 7: startup 
rtapi Thread-server 6: startup 
rtapi Thread-server 5: startup 
rtapi Thread-server 3: startup 
rtapi Thread-server 0: startup 
rtapi Thread-server 1: startup 
rtapi Thread-server 2: startup 
rtapi Thread-server 4: startup 
Corner Scaling is off, multiplier is 1.000000
Information: Using default layer METAL4 (Current) (OPT-079)
new default layer same as orig default layer
Information: Using default layer METAL4 (Inferior) (OPT-079)
GR Routing Service: loadPermBufBlockages 

INFO: GRE flow is enabled.

Clock-opt optimization Phase 19 Iter  1         0.00        0.00      0.01        18     104784.93  3446927.25        3751              0.03      2147

INFO: New Levelizer turned on
Corner Scaling is off, multiplier is 1.000000
Information: Using default layer METAL4 (Current) (OPT-079)
new default layer same as orig default layer
Information: Using default layer METAL4 (Inferior) (OPT-079)
Information: Design Average RC for design sar_digi_paper_core  (NEX-011)
Information: r = 0.279036 ohm/um, via_r = 4.999999 ohm/cut, c = 0.481942 ff/um, cc = 0.000000 ff/um (X dir) (NEX-017)
Information: r = 0.240639 ohm/um, via_r = 5.000000 ohm/cut, c = 0.198201 ff/um, cc = 0.000000 ff/um (Y dir) (NEX-017)
Clock-opt optimization Phase 20 Iter  1         0.00        0.00      0.01        18     104718.40  3444195.25        3746              0.03      2147
Clock-opt optimization Phase 20 Iter  2         0.00        0.00      0.01        18     104718.40  3444195.25        3746              0.03      2147
Clock-opt optimization Phase 20 Iter  3         0.00        0.00      0.01         0     104811.54  3454327.00        3746              0.03      2147
Corner Scaling is off, multiplier is 1.000000
Information: Using default layer METAL4 (Current) (OPT-079)
new default layer same as orig default layer
Information: Using default layer METAL4 (Inferior) (OPT-079)
Information: Using default layer METAL4 (Current) (OPT-079)
new default layer same as orig default layer
Information: Using default layer METAL4 (Inferior) (OPT-079)
Information: Using default layer METAL4 (Current) (OPT-079)
new default layer same as orig default layer
Information: Using default layer METAL4 (Inferior) (OPT-079)
Information: Using default layer METAL4 (Current) (OPT-079)
new default layer same as orig default layer
Information: Using default layer METAL4 (Inferior) (OPT-079)
Information: Using default layer METAL4 (Current) (OPT-079)
new default layer same as orig default layer
Information: Using default layer METAL4 (Inferior) (OPT-079)
Information: Using default layer METAL4 (Current) (OPT-079)
new default layer same as orig default layer
Information: Using default layer METAL4 (Inferior) (OPT-079)
Information: Using default layer METAL4 (Current) (OPT-079)
new default layer same as orig default layer
Information: Using default layer METAL4 (Inferior) (OPT-079)
Information: Using default layer METAL4 (Current) (OPT-079)
new default layer same as orig default layer
Information: Using default layer METAL4 (Inferior) (OPT-079)
Information: Using default layer METAL4 (Current) (OPT-079)
new default layer same as orig default layer
Information: Using default layer METAL4 (Inferior) (OPT-079)
Clock-opt optimization Phase 20 Iter  4         0.00        0.00      0.01         0     104811.54  3454327.00        3746              0.03      2147
Corner Scaling is off, multiplier is 1.000000
Information: Using default layer METAL4 (Current) (OPT-079)
new default layer same as orig default layer
Information: Using default layer METAL4 (Inferior) (OPT-079)
Information: Using default layer METAL4 (Current) (OPT-079)
new default layer same as orig default layer
Information: Using default layer METAL4 (Inferior) (OPT-079)
Information: Using default layer METAL4 (Current) (OPT-079)
new default layer same as orig default layer
Information: Using default layer METAL4 (Inferior) (OPT-079)
Information: Using default layer METAL4 (Current) (OPT-079)
new default layer same as orig default layer
Information: Using default layer METAL4 (Inferior) (OPT-079)
Information: Using default layer METAL4 (Current) (OPT-079)
new default layer same as orig default layer
Information: Using default layer METAL4 (Inferior) (OPT-079)
Information: Using default layer METAL4 (Current) (OPT-079)
new default layer same as orig default layer
Information: Using default layer METAL4 (Inferior) (OPT-079)
Information: Using default layer METAL4 (Current) (OPT-079)
new default layer same as orig default layer
Information: Using default layer METAL4 (Inferior) (OPT-079)
Information: Using default layer METAL4 (Current) (OPT-079)
new default layer same as orig default layer
Information: Using default layer METAL4 (Inferior) (OPT-079)
Information: Using default layer METAL4 (Current) (OPT-079)
new default layer same as orig default layer
Information: Using default layer METAL4 (Inferior) (OPT-079)
Clock-opt optimization Phase 20 Iter  5         0.00        0.00      0.01         0     104811.54  3454327.00        3746              0.03      2147
Clock-opt optimization Phase 20 Iter  6         0.00        0.00      0.01         0     104811.54  3454327.00        3746              0.03      2147

Clock-opt optimization Phase 21 Iter  1         0.00        0.00      0.01         0     104811.54  3454327.00        3751              0.03      2147
Clock-opt optimization Phase 21 Iter  2         0.00        0.00      0.01         0     104811.54  3454327.00        3751              0.03      2147
Clock-opt optimization Phase 21 Iter  3         0.00        0.00      0.01         0     104811.54  3454327.00        3751              0.03      2147
Clock-opt optimization Phase 21 Iter  4         0.00        0.00      0.01         0     104811.54  3454327.00        3751              0.03      2147
Corner Scaling is off, multiplier is 1.000000
Information: Using default layer METAL4 (Current) (OPT-079)
new default layer same as orig default layer
Information: Using default layer METAL4 (Inferior) (OPT-079)
Clock-opt optimization summary            SETUP-COST    R2R-COST HOLD-COST LDRC-COST          AREA     LEAKAGE     INSTCNT            ELAPSE       MEM
Clock-opt optimization Phase 21 Iter  5         0.00        0.00      0.01         0     104811.54  3454327.00        3751              0.03      2147
Clock-opt optimization Phase 21 Iter  6         0.00        0.00      0.01         0     104811.54  3454327.00        3751              0.03      2147
Corner Scaling is off, multiplier is 1.000000
Information: Using default layer METAL4 (Current) (OPT-079)
new default layer same as orig default layer
Information: Using default layer METAL4 (Inferior) (OPT-079)
Clock-opt optimization Phase 21 Iter  7         0.00        0.00      0.01         0     104811.54  3454327.00        3751              0.03      2147
Corner Scaling is off, multiplier is 1.000000
Information: Using default layer METAL4 (Current) (OPT-079)
new default layer same as orig default layer
Information: Using default layer METAL4 (Inferior) (OPT-079)
Clock-opt optimization Phase 21 Iter  8         0.00        0.00      0.01         0     104811.54  3454327.00        3751              0.03      2147

Clock-opt optimization Phase 22 Iter  1         0.00        0.00      0.01         0     104811.54  3454327.00        3751              0.03      2147
Information: The value of option cts.compile.enable_cell_relocation has been overridden to "leaf_only" to support latency-driven placement. (CTS-973)
Information: CTS will work on the following scenarios. (CTS-101)
   default	(Mode: default; Corner: default)
Information: CTS will work on all clocks in active scenarios, including 2 master clocks and 0 generated clocks. (CTS-107)
Output units used in this log:
   Time        : 1.00ns
   Resistance  : 1.00kOhm
   Capacitance : 1.00pF
   Power       : 1.00pW
   Length      : 1.00um
Information: Clock derating is enabled

CTS related app options set by user:
   No CTS related app option is set.

Buffer/Inverter reference list for clock tree synthesis:
   sar16_smic18_6lm_v4/BUFX1
   sar16_smic18_6lm_v4/BUFX12
   sar16_smic18_6lm_v4/BUFX16
   sar16_smic18_6lm_v4/BUFX2
   sar16_smic18_6lm_v4/BUFX20
   sar16_smic18_6lm_v4/BUFX3
   sar16_smic18_6lm_v4/BUFX4
   sar16_smic18_6lm_v4/BUFX8
   sar16_smic18_6lm_v4/BUFXL
   sar16_smic18_6lm_v4/CLKBUFX1
   sar16_smic18_6lm_v4/CLKBUFX12
   sar16_smic18_6lm_v4/CLKBUFX16
   sar16_smic18_6lm_v4/CLKBUFX2
   sar16_smic18_6lm_v4/CLKBUFX20
   sar16_smic18_6lm_v4/CLKBUFX3
   sar16_smic18_6lm_v4/CLKBUFX4
   sar16_smic18_6lm_v4/CLKBUFX8
   sar16_smic18_6lm_v4/CLKBUFXL
   sar16_smic18_6lm_v4/DLY1X1
   sar16_smic18_6lm_v4/DLY2X1
   sar16_smic18_6lm_v4/DLY3X1
   sar16_smic18_6lm_v4/DLY4X1
   sar16_smic18_6lm_v4/CLKINVX1
   sar16_smic18_6lm_v4/CLKINVX12
   sar16_smic18_6lm_v4/CLKINVX16
   sar16_smic18_6lm_v4/CLKINVX2
   sar16_smic18_6lm_v4/CLKINVX20
   sar16_smic18_6lm_v4/CLKINVX3
   sar16_smic18_6lm_v4/CLKINVX4
   sar16_smic18_6lm_v4/CLKINVX8
   sar16_smic18_6lm_v4/CLKINVXL
   sar16_smic18_6lm_v4/INVX1
   sar16_smic18_6lm_v4/INVX12
   sar16_smic18_6lm_v4/INVX16
   sar16_smic18_6lm_v4/INVX2
   sar16_smic18_6lm_v4/INVX20
   sar16_smic18_6lm_v4/INVX3
   sar16_smic18_6lm_v4/INVX4
   sar16_smic18_6lm_v4/INVX8
   sar16_smic18_6lm_v4/INVXL
There is no CTS reference for ICG cells

register reference list:
   sar16_smic18_6lm_v4/DFFHQX1
   sar16_smic18_6lm_v4/DFFHQX2
   sar16_smic18_6lm_v4/DFFHQX4
   sar16_smic18_6lm_v4/DFFHQXL
   sar16_smic18_6lm_v4/DFFNRX1
   sar16_smic18_6lm_v4/DFFNRX2
   sar16_smic18_6lm_v4/DFFNRX4
   sar16_smic18_6lm_v4/DFFNRXL
   sar16_smic18_6lm_v4/DFFNSRX1
   sar16_smic18_6lm_v4/DFFNSRX2
   sar16_smic18_6lm_v4/DFFNSRX4
   sar16_smic18_6lm_v4/DFFNSRXL
   sar16_smic18_6lm_v4/DFFNSX1
   sar16_smic18_6lm_v4/DFFNSX2
   sar16_smic18_6lm_v4/DFFNSX4
   sar16_smic18_6lm_v4/DFFNSXL
   sar16_smic18_6lm_v4/DFFNX1
   sar16_smic18_6lm_v4/DFFNX2
   sar16_smic18_6lm_v4/DFFNX4
   sar16_smic18_6lm_v4/DFFNXL
   sar16_smic18_6lm_v4/DFFRHQX1
   sar16_smic18_6lm_v4/DFFRHQX2
   sar16_smic18_6lm_v4/DFFRHQX4
   sar16_smic18_6lm_v4/DFFRHQXL
   sar16_smic18_6lm_v4/DFFRX1
   sar16_smic18_6lm_v4/DFFRX2
   sar16_smic18_6lm_v4/DFFRX4
   sar16_smic18_6lm_v4/DFFRXL
   sar16_smic18_6lm_v4/DFFSHQX1
   sar16_smic18_6lm_v4/DFFSHQX2
   sar16_smic18_6lm_v4/DFFSHQX4
   sar16_smic18_6lm_v4/DFFSHQXL
   sar16_smic18_6lm_v4/DFFSRHQX1
   sar16_smic18_6lm_v4/DFFSRHQX2
   sar16_smic18_6lm_v4/DFFSRHQX4
   sar16_smic18_6lm_v4/DFFSRHQXL
   sar16_smic18_6lm_v4/DFFSRX1
   sar16_smic18_6lm_v4/DFFSRX2
   sar16_smic18_6lm_v4/DFFSRX4
   sar16_smic18_6lm_v4/DFFSRXL
   sar16_smic18_6lm_v4/DFFSX1
   sar16_smic18_6lm_v4/DFFSX2
   sar16_smic18_6lm_v4/DFFSX4
   sar16_smic18_6lm_v4/DFFSXL
   sar16_smic18_6lm_v4/DFFTRX1
   sar16_smic18_6lm_v4/DFFTRX2
   sar16_smic18_6lm_v4/DFFTRX4
   sar16_smic18_6lm_v4/DFFTRXL
   sar16_smic18_6lm_v4/DFFX1
   sar16_smic18_6lm_v4/DFFX2
   sar16_smic18_6lm_v4/DFFX4
   sar16_smic18_6lm_v4/DFFXL
   sar16_smic18_6lm_v4/EDFFTRX1
   sar16_smic18_6lm_v4/EDFFTRX2
   sar16_smic18_6lm_v4/EDFFTRX4
   sar16_smic18_6lm_v4/EDFFTRXL
   sar16_smic18_6lm_v4/EDFFX1
   sar16_smic18_6lm_v4/EDFFX2
   sar16_smic18_6lm_v4/EDFFX4
   sar16_smic18_6lm_v4/EDFFXL
   sar16_smic18_6lm_v4/JKFFRX1
   sar16_smic18_6lm_v4/JKFFRX2
   sar16_smic18_6lm_v4/JKFFRX4
   sar16_smic18_6lm_v4/JKFFRXL
   sar16_smic18_6lm_v4/JKFFSRX1
   sar16_smic18_6lm_v4/JKFFSRX2
   sar16_smic18_6lm_v4/JKFFSRX4
   sar16_smic18_6lm_v4/JKFFSRXL
   sar16_smic18_6lm_v4/JKFFSX1
   sar16_smic18_6lm_v4/JKFFSX2
   sar16_smic18_6lm_v4/JKFFSX4
   sar16_smic18_6lm_v4/JKFFSXL
   sar16_smic18_6lm_v4/JKFFX1
   sar16_smic18_6lm_v4/JKFFX2
   sar16_smic18_6lm_v4/JKFFX4
   sar16_smic18_6lm_v4/JKFFXL
   sar16_smic18_6lm_v4/RSLATNX1
   sar16_smic18_6lm_v4/RSLATNX2
   sar16_smic18_6lm_v4/RSLATNX4
   sar16_smic18_6lm_v4/RSLATNXL
   sar16_smic18_6lm_v4/RSLATX1
   sar16_smic18_6lm_v4/RSLATX2
   sar16_smic18_6lm_v4/RSLATX4
   sar16_smic18_6lm_v4/RSLATXL
   sar16_smic18_6lm_v4/SDFFHQX1
   sar16_smic18_6lm_v4/SDFFHQX2
   sar16_smic18_6lm_v4/SDFFHQX4
   sar16_smic18_6lm_v4/SDFFHQXL
   sar16_smic18_6lm_v4/SDFFNRX1
   sar16_smic18_6lm_v4/SDFFNRX2
   sar16_smic18_6lm_v4/SDFFNRX4
   sar16_smic18_6lm_v4/SDFFNRXL
   sar16_smic18_6lm_v4/SDFFNSRX1
   sar16_smic18_6lm_v4/SDFFNSRX2
   sar16_smic18_6lm_v4/SDFFNSRX4
   sar16_smic18_6lm_v4/SDFFNSRXL
   sar16_smic18_6lm_v4/SDFFNSX1
   sar16_smic18_6lm_v4/SDFFNSX2
   sar16_smic18_6lm_v4/SDFFNSX4
   sar16_smic18_6lm_v4/SDFFNSXL
   sar16_smic18_6lm_v4/SDFFNX1
   sar16_smic18_6lm_v4/SDFFNX2
   sar16_smic18_6lm_v4/SDFFNX4
   sar16_smic18_6lm_v4/SDFFNXL
   sar16_smic18_6lm_v4/SDFFRHQX1
   sar16_smic18_6lm_v4/SDFFRHQX2
   sar16_smic18_6lm_v4/SDFFRHQX4
   sar16_smic18_6lm_v4/SDFFRHQXL
   sar16_smic18_6lm_v4/SDFFRX1
   sar16_smic18_6lm_v4/SDFFRX2
   sar16_smic18_6lm_v4/SDFFRX4
   sar16_smic18_6lm_v4/SDFFRXL
   sar16_smic18_6lm_v4/SDFFSHQX1
   sar16_smic18_6lm_v4/SDFFSHQX2
   sar16_smic18_6lm_v4/SDFFSHQX4
   sar16_smic18_6lm_v4/SDFFSHQXL
   sar16_smic18_6lm_v4/SDFFSRHQX1
   sar16_smic18_6lm_v4/SDFFSRHQX2
   sar16_smic18_6lm_v4/SDFFSRHQX4
   sar16_smic18_6lm_v4/SDFFSRHQXL
   sar16_smic18_6lm_v4/SDFFSRX1
   sar16_smic18_6lm_v4/SDFFSRX2
   sar16_smic18_6lm_v4/SDFFSRX4
   sar16_smic18_6lm_v4/SDFFSRXL
   sar16_smic18_6lm_v4/SDFFSX1
   sar16_smic18_6lm_v4/SDFFSX2
   sar16_smic18_6lm_v4/SDFFSX4
   sar16_smic18_6lm_v4/SDFFSXL
   sar16_smic18_6lm_v4/SDFFTRX1
   sar16_smic18_6lm_v4/SDFFTRX2
   sar16_smic18_6lm_v4/SDFFTRX4
   sar16_smic18_6lm_v4/SDFFTRXL
   sar16_smic18_6lm_v4/SDFFX1
   sar16_smic18_6lm_v4/SDFFX2
   sar16_smic18_6lm_v4/SDFFX4
   sar16_smic18_6lm_v4/SDFFXL
   sar16_smic18_6lm_v4/SEDFFHQX1
   sar16_smic18_6lm_v4/SEDFFHQX2
   sar16_smic18_6lm_v4/SEDFFHQX4
   sar16_smic18_6lm_v4/SEDFFHQXL
   sar16_smic18_6lm_v4/SEDFFTRX1
   sar16_smic18_6lm_v4/SEDFFTRX2
   sar16_smic18_6lm_v4/SEDFFTRX4
   sar16_smic18_6lm_v4/SEDFFTRXL
   sar16_smic18_6lm_v4/SEDFFX1
   sar16_smic18_6lm_v4/SEDFFX2
   sar16_smic18_6lm_v4/SEDFFX4
   sar16_smic18_6lm_v4/SEDFFXL
   sar16_smic18_6lm_v4/TLATNRX1
   sar16_smic18_6lm_v4/TLATNRX2
   sar16_smic18_6lm_v4/TLATNRX4
   sar16_smic18_6lm_v4/TLATNRXL
   sar16_smic18_6lm_v4/TLATNSRX1
   sar16_smic18_6lm_v4/TLATNSRX2
   sar16_smic18_6lm_v4/TLATNSRX4
   sar16_smic18_6lm_v4/TLATNSRXL
   sar16_smic18_6lm_v4/TLATNSX1
   sar16_smic18_6lm_v4/TLATNSX2
   sar16_smic18_6lm_v4/TLATNSX4
   sar16_smic18_6lm_v4/TLATNSXL
   sar16_smic18_6lm_v4/TLATNX1
   sar16_smic18_6lm_v4/TLATNX2
   sar16_smic18_6lm_v4/TLATNX4
   sar16_smic18_6lm_v4/TLATNXL
   sar16_smic18_6lm_v4/TLATRX1
   sar16_smic18_6lm_v4/TLATRX2
   sar16_smic18_6lm_v4/TLATRX4
   sar16_smic18_6lm_v4/TLATRXL
   sar16_smic18_6lm_v4/TLATSRX1
   sar16_smic18_6lm_v4/TLATSRX2
   sar16_smic18_6lm_v4/TLATSRX4
   sar16_smic18_6lm_v4/TLATSRXL
   sar16_smic18_6lm_v4/TLATSX1
   sar16_smic18_6lm_v4/TLATSX2
   sar16_smic18_6lm_v4/TLATSX4
   sar16_smic18_6lm_v4/TLATSXL
   sar16_smic18_6lm_v4/TLATX1
   sar16_smic18_6lm_v4/TLATX2
   sar16_smic18_6lm_v4/TLATX4
   sar16_smic18_6lm_v4/TLATXL
   sar16_smic18_6lm_v4/TTLATX1
   sar16_smic18_6lm_v4/TTLATX2
   sar16_smic18_6lm_v4/TTLATX4

Information: 'default' is identified as primary corner for initial clock tree building. (CTS-103)
Warning: No clock routing rule is specified. (CTS-038)

Clock cell spacing rule list:
   No clock cell spacing rule is found.
DBG: ccdInfra::ccdInfra
Drc Mode Option: auto
Information: Legalizer's PDC rule check is NOT enabled
Information: Legalizer's advanced rule check is NOT enabled
DBG: ccdInfra::initAppOptions
DBG: ccdInfra::initCtsFixedBalancePins
CCD initialization runtime: cpu 0.036674, elapsed 0.009244, speed up 3.967330.

CCD-Info: App options set by user
   ccd.hold_control_effort = medium

CCD: Netlist change observers are disabled for incremental timing updates
Information: The netlist change observers are disabled for incremental timing updates. (TIM-119)
Information: The timing has been updated before disabling netlist and extraction change observers. (TIM-121)
CCD: using 8 threads
CTSSC route status detected: clock (VR 0, GR 4, DR 3515), data (VR 0, GR 17285, DR 0); stage = auto, isPostRoute = FALSE
INFO: optApi switch to CTS purpose
Information: Creating classic rule checker.
Warning: Routing direction of metal layer POLY1 is neither "horizontal" nor "vertical".  PDC checks will not be performed on this layer. (PDC-003)
PDC app_options settings =========
	place.legalize.enable_prerouted_net_check: 1
	place.legalize.num_tracks_for_access_check: 1
	place.legalize.use_eol_spacing_for_access_check: 0
	place.legalize.allow_touch_track_for_access_check: 1
	place.legalize.reduce_conservatism_in_eol_check: 0
	place.legalize.preroute_shape_merge_distance: 0.0
	place.legalize.enable_non_preferred_direction_span_check: 0

Layer METAL1: cached 0 shapes out of 4077 total shapes.
Layer METAL2: cached 34 shapes out of 7914 total shapes.
Cached 1462 vias out of 27858 total vias.
enhanced site row merge :  1
Key: unit, value: 0x8b634960
Number of Site types in the design = 1
Total power = 1.940629, Leakage = 0.003454, Internal = 1.106810, Switching = 0.830365
Information: 'default' is identified as primary corner for initial clock tree building. (CTS-103)

CCD: Initial QOR:
---------------------------------------------------------------------------------------------
 Design (setup) WNS = 0.274968, TNS = 0.000000, NVP = 0
 Design (hold) WNHS = -0.005291, TNHS = -0.005291, NHVP = 1

    Scenario default  WNS = 0.274968, TNS = 0.000000, NVP = 0
    Scenario default  WNHS = -0.005291, TNHS = -0.005291, NHVP = 1
    Scenario default
       Path Group **in2reg_default**  WNS = 0.274968, TNS = 0.000000, NVP = 0
       Path Group dec_clk  WNS = 0.387814, TNS = 0.000000, NVP = 0
       Path Group **reg2out_default**  WNS = 2.311696, TNS = 0.000000, NVP = 0
       Path Group clk  WNS = 2.499094, TNS = 0.000000, NVP = 0
    Scenario default
       Path Group **reg2out_default**  WNHS = -0.005291, TNHS = -0.005291, NHVP = 1
       Path Group clk  WNHS = 0.191278, TNHS = 0.000000, NHVP = 0
       Path Group **in2reg_default**  WNHS = 0.286851, TNHS = 0.000000, NHVP = 0
       Path Group dec_clk  WNHS = 0.572834, TNHS = 0.000000, NHVP = 0
---------------------------------------------------------------------------------------------
CCD-QoR: Timing: WNS = 0.275, TNS = 0.000, NVP = 0, UNWEIGHTED_TNS = 0.000, WNHS = -0.005, TNHS = -0.005, NHVP = 1, UNWEIGHTED_TNHS = -0.005, R2R(wns=0.387814, tns=0.000000, nvp=0)

CCD: Before drc optimization

Information: There is no DRC violation or all DRC violations are not fixable.

    Optimization Summary 		

-------------------------------------------------

	# Drivers Attempted               =          0
	# Skipped during isValid and estimate          =          0
	# Failed subgraph evaluation           =          0
	# Failed main graph committ          =          0
	# Successful main graph commit      =          0
	# NumCTCells changed               =          0


	# Total CPU time                  = 00h:00m:00s
	# Total elapsed time              = 00h:00m:00s
	# Flow total speed up             =     0.9755

-------------------------------------------------


CCD: After drc optimization:
---------------------------------------------------------------------------------------------
 Design (setup) WNS = 0.274968, TNS = 0.000000, NVP = 0
 Design (hold) WNHS = -0.005291, TNHS = -0.005291, NHVP = 1

    Scenario default  WNS = 0.274968, TNS = 0.000000, NVP = 0
    Scenario default  WNHS = -0.005291, TNHS = -0.005291, NHVP = 1
    Scenario default
       Path Group **in2reg_default**  WNS = 0.274968, TNS = 0.000000, NVP = 0
       Path Group dec_clk  WNS = 0.387814, TNS = 0.000000, NVP = 0
       Path Group **reg2out_default**  WNS = 2.311696, TNS = 0.000000, NVP = 0
       Path Group clk  WNS = 2.499094, TNS = 0.000000, NVP = 0
    Scenario default
       Path Group **reg2out_default**  WNHS = -0.005291, TNHS = -0.005291, NHVP = 1
       Path Group clk  WNHS = 0.191278, TNHS = 0.000000, NHVP = 0
       Path Group **in2reg_default**  WNHS = 0.286851, TNHS = 0.000000, NHVP = 0
       Path Group dec_clk  WNHS = 0.572834, TNHS = 0.000000, NHVP = 0
---------------------------------------------------------------------------------------------
CCD-QoR: Timing: WNS = 0.275, TNS = 0.000, NVP = 0, UNWEIGHTED_TNS = 0.000, WNHS = -0.005, TNHS = -0.005, NHVP = 1, UNWEIGHTED_TNHS = -0.005, R2R(wns=0.387814, tns=0.000000, nvp=0)

Information: There is no DRC violation or all DRC violations are not fixable.

    Optimization Summary 		

-------------------------------------------------

	# Drivers Attempted               =          0
	# Skipped during isValid and estimate          =          0
	# Failed subgraph evaluation           =          0
	# Failed main graph committ          =          0
	# Successful main graph commit      =          0
	# NumCTCells changed               =          0


	# Total CPU time                  = 00h:00m:00s
	# Total elapsed time              = 00h:00m:00s
	# Flow total speed up             =     0.9778

-------------------------------------------------


CCD: After CG based optimization:
---------------------------------------------------------------------------------------------
 Design (setup) WNS = 0.274968, TNS = 0.000000, NVP = 0
 Design (hold) WNHS = -0.005291, TNHS = -0.005291, NHVP = 1

    Scenario default  WNS = 0.274968, TNS = 0.000000, NVP = 0
    Scenario default  WNHS = -0.005291, TNHS = -0.005291, NHVP = 1
    Scenario default
       Path Group **in2reg_default**  WNS = 0.274968, TNS = 0.000000, NVP = 0
       Path Group dec_clk  WNS = 0.387814, TNS = 0.000000, NVP = 0
       Path Group **reg2out_default**  WNS = 2.311696, TNS = 0.000000, NVP = 0
       Path Group clk  WNS = 2.499094, TNS = 0.000000, NVP = 0
    Scenario default
       Path Group **reg2out_default**  WNHS = -0.005291, TNHS = -0.005291, NHVP = 1
       Path Group clk  WNHS = 0.191278, TNHS = 0.000000, NHVP = 0
       Path Group **in2reg_default**  WNHS = 0.286851, TNHS = 0.000000, NHVP = 0
       Path Group dec_clk  WNHS = 0.572834, TNHS = 0.000000, NHVP = 0
---------------------------------------------------------------------------------------------
CCD-QoR: Timing: WNS = 0.275, TNS = 0.000, NVP = 0, UNWEIGHTED_TNS = 0.000, WNHS = -0.005, TNHS = -0.005, NHVP = 1, UNWEIGHTED_TNHS = -0.005, R2R(wns=0.387814, tns=0.000000, nvp=0)
Information: The netlist change observers are enabled for incremental timing updates. (TIM-120)
Route Cleanup and Reuse: 0 shapes being reused for 0 clock nets
INFO: optApi switch to OPTO purpose
enhanced site row merge :  1
Key: unit, value: 0x928ed2c0
Number of Site types in the design = 1
 CCD flow runtime: cpu 0.726182, elapsed 0.207161, speed up 3.505399.
Mark clock trees...
Marking clock synthesized attributes

Marking spacing rules

Clock cell spacing rule list:
   No clock cell spacing rule is found.

Summary of messages during CTS:
===============================================================
  Tag   Count  Type           Description
---------------------------------------------------------------
CTS-038    1  Warning  No clock routing rule is specified.
INFO: cellmap features:  adv-rules=(N), pdc=(N), clock-rules=(Y)

Enable clock slack update
INFO: cellmap features:  adv-rules=(Y), pdc=(Y), clock-rules=(Y)
Clock-opt optimization Phase 23 Iter  1         0.00        0.00      0.01         0     104811.54  3454327.00        3751              0.03      2147
INFO: cellmap features:  adv-rules=(N), pdc=(N), clock-rules=(Y)

Clock-opt optimization Phase 24 Iter  1         0.00        0.00      0.01         0     104811.54  3454327.00        3751              0.03      2147
Clock-opt optimization Phase 24 Iter  2         0.00        0.00      0.01         0     104811.54  3454327.00        3751              0.03      2147
Clock-opt optimization Phase 24 Iter  3         0.00        0.00      0.01         0     104811.54  3454327.00        3751              0.03      2147
Clock-opt optimization Phase 24 Iter  4         0.00        0.00      0.01         0     104811.54  3454327.00        3751              0.03      2147
Clock-opt optimization Phase 24 Iter  5         0.00        0.00      0.01         0     104811.54  3454327.00        3751              0.03      2147
Clock-opt optimization Phase 24 Iter  6         0.00        0.00      0.01         0     104811.54  3454327.00        3751              0.03      2147
Clock-opt optimization Phase 24 Iter  7         0.00        0.00      0.01         0     104811.54  3454327.00        3751              0.03      2147
Clock-opt optimization Phase 24 Iter  8         0.00        0.00      0.01         0     104811.54  3454327.00        3751              0.03      2147
Clock-opt optimization Phase 24 Iter  9         0.00        0.00      0.01         0     104811.54  3454327.00        3751              0.03      2147
Clock-opt optimization Phase 24 Iter 10         0.00        0.00      0.01         0     104811.54  3454327.00        3751              0.03      2147
Corner Scaling is off, multiplier is 1.000000
Information: Using default layer METAL4 (Current) (OPT-079)
new default layer same as orig default layer
Information: Using default layer METAL4 (Inferior) (OPT-079)
Clock-opt optimization Phase 24 Iter 11         0.00        0.00      0.01         0     104811.54  3454327.00        3751              0.03      2147
Clock-opt optimization Phase 24 Iter 12         0.00        0.00      0.01         0     104811.54  3454327.00        3751              0.03      2147
Corner Scaling is off, multiplier is 1.000000
Information: Using default layer METAL4 (Current) (OPT-079)
new default layer same as orig default layer
Information: Using default layer METAL4 (Inferior) (OPT-079)
Clock-opt optimization Phase 24 Iter 13         0.00        0.00      0.01         0     104811.54  3454327.00        3751              0.03      2147
Corner Scaling is off, multiplier is 1.000000
Information: Using default layer METAL4 (Current) (OPT-079)
new default layer same as orig default layer
Information: Using default layer METAL4 (Inferior) (OPT-079)
Clock-opt optimization Phase 24 Iter 14         0.00        0.00      0.01         0     104811.54  3454327.00        3751              0.03      2147
Corner Scaling is off, multiplier is 1.000000
Information: Using default layer METAL4 (Current) (OPT-079)
new default layer same as orig default layer
Information: Using default layer METAL4 (Inferior) (OPT-079)
Corner Scaling is off, multiplier is 1.000000
Information: Using default layer METAL4 (Current) (OPT-079)
new default layer same as orig default layer
Information: Using default layer METAL4 (Inferior) (OPT-079)
Clock-opt optimization Phase 24 Iter 15         0.00        0.00      0.01         0     104811.54  3454327.00        3751              0.03      2147
Corner Scaling is off, multiplier is 1.000000
Information: Using default layer METAL4 (Current) (OPT-079)
new default layer same as orig default layer
Information: Using default layer METAL4 (Inferior) (OPT-079)
Corner Scaling is off, multiplier is 1.000000
Information: Using default layer METAL4 (Current) (OPT-079)
new default layer same as orig default layer
Information: Using default layer METAL4 (Inferior) (OPT-079)
Clock-opt optimization Phase 24 Iter 16         0.00        0.00      0.01         0     104811.54  3454327.00        3751              0.03      2147
Corner Scaling is off, multiplier is 1.000000
Information: Using default layer METAL4 (Current) (OPT-079)
new default layer same as orig default layer
Information: Using default layer METAL4 (Inferior) (OPT-079)
Corner Scaling is off, multiplier is 1.000000
Information: Using default layer METAL4 (Current) (OPT-079)
new default layer same as orig default layer
Information: Using default layer METAL4 (Inferior) (OPT-079)
Clock-opt optimization Phase 24 Iter 17         0.00        0.00      0.01         0     104811.54  3454327.00        3751              0.03      2147

Clock-opt optimization Phase 25 Iter  1         0.00        0.00      0.01         0     104811.54  3454327.00        3751              0.03      2147
Warning: Design includes unreasonable large hold violation(s). (OPT-209)
Clock-opt optimization Phase 25 Iter  2         0.00        0.00      0.01         0     104824.84  3454414.00        3751              0.03      2147
Warning: Design includes unreasonable large hold violation(s). (OPT-209)

Clock-opt optimization Phase 26 Iter  1         0.00        0.00      0.01         0     104824.84  3454414.00        3752              0.03      2147
Information: The value of option cts.compile.enable_cell_relocation has been overridden to "leaf_only" to support latency-driven placement. (CTS-973)
Information: CTS will work on the following scenarios. (CTS-101)
   default	(Mode: default; Corner: default)
Information: CTS will work on all clocks in active scenarios, including 2 master clocks and 0 generated clocks. (CTS-107)
Output units used in this log:
   Time        : 1.00ns
   Resistance  : 1.00kOhm
   Capacitance : 1.00pF
   Power       : 1.00pW
   Length      : 1.00um
Information: Clock derating is enabled

CTS related app options set by user:
   No CTS related app option is set.

Buffer/Inverter reference list for clock tree synthesis:
   sar16_smic18_6lm_v4/BUFX1
   sar16_smic18_6lm_v4/BUFX12
   sar16_smic18_6lm_v4/BUFX16
   sar16_smic18_6lm_v4/BUFX2
   sar16_smic18_6lm_v4/BUFX20
   sar16_smic18_6lm_v4/BUFX3
   sar16_smic18_6lm_v4/BUFX4
   sar16_smic18_6lm_v4/BUFX8
   sar16_smic18_6lm_v4/BUFXL
   sar16_smic18_6lm_v4/CLKBUFX1
   sar16_smic18_6lm_v4/CLKBUFX12
   sar16_smic18_6lm_v4/CLKBUFX16
   sar16_smic18_6lm_v4/CLKBUFX2
   sar16_smic18_6lm_v4/CLKBUFX20
   sar16_smic18_6lm_v4/CLKBUFX3
   sar16_smic18_6lm_v4/CLKBUFX4
   sar16_smic18_6lm_v4/CLKBUFX8
   sar16_smic18_6lm_v4/CLKBUFXL
   sar16_smic18_6lm_v4/DLY1X1
   sar16_smic18_6lm_v4/DLY2X1
   sar16_smic18_6lm_v4/DLY3X1
   sar16_smic18_6lm_v4/DLY4X1
   sar16_smic18_6lm_v4/CLKINVX1
   sar16_smic18_6lm_v4/CLKINVX12
   sar16_smic18_6lm_v4/CLKINVX16
   sar16_smic18_6lm_v4/CLKINVX2
   sar16_smic18_6lm_v4/CLKINVX20
   sar16_smic18_6lm_v4/CLKINVX3
   sar16_smic18_6lm_v4/CLKINVX4
   sar16_smic18_6lm_v4/CLKINVX8
   sar16_smic18_6lm_v4/CLKINVXL
   sar16_smic18_6lm_v4/INVX1
   sar16_smic18_6lm_v4/INVX12
   sar16_smic18_6lm_v4/INVX16
   sar16_smic18_6lm_v4/INVX2
   sar16_smic18_6lm_v4/INVX20
   sar16_smic18_6lm_v4/INVX3
   sar16_smic18_6lm_v4/INVX4
   sar16_smic18_6lm_v4/INVX8
   sar16_smic18_6lm_v4/INVXL
There is no CTS reference for ICG cells

register reference list:
   sar16_smic18_6lm_v4/DFFHQX1
   sar16_smic18_6lm_v4/DFFHQX2
   sar16_smic18_6lm_v4/DFFHQX4
   sar16_smic18_6lm_v4/DFFHQXL
   sar16_smic18_6lm_v4/DFFNRX1
   sar16_smic18_6lm_v4/DFFNRX2
   sar16_smic18_6lm_v4/DFFNRX4
   sar16_smic18_6lm_v4/DFFNRXL
   sar16_smic18_6lm_v4/DFFNSRX1
   sar16_smic18_6lm_v4/DFFNSRX2
   sar16_smic18_6lm_v4/DFFNSRX4
   sar16_smic18_6lm_v4/DFFNSRXL
   sar16_smic18_6lm_v4/DFFNSX1
   sar16_smic18_6lm_v4/DFFNSX2
   sar16_smic18_6lm_v4/DFFNSX4
   sar16_smic18_6lm_v4/DFFNSXL
   sar16_smic18_6lm_v4/DFFNX1
   sar16_smic18_6lm_v4/DFFNX2
   sar16_smic18_6lm_v4/DFFNX4
   sar16_smic18_6lm_v4/DFFNXL
   sar16_smic18_6lm_v4/DFFRHQX1
   sar16_smic18_6lm_v4/DFFRHQX2
   sar16_smic18_6lm_v4/DFFRHQX4
   sar16_smic18_6lm_v4/DFFRHQXL
   sar16_smic18_6lm_v4/DFFRX1
   sar16_smic18_6lm_v4/DFFRX2
   sar16_smic18_6lm_v4/DFFRX4
   sar16_smic18_6lm_v4/DFFRXL
   sar16_smic18_6lm_v4/DFFSHQX1
   sar16_smic18_6lm_v4/DFFSHQX2
   sar16_smic18_6lm_v4/DFFSHQX4
   sar16_smic18_6lm_v4/DFFSHQXL
   sar16_smic18_6lm_v4/DFFSRHQX1
   sar16_smic18_6lm_v4/DFFSRHQX2
   sar16_smic18_6lm_v4/DFFSRHQX4
   sar16_smic18_6lm_v4/DFFSRHQXL
   sar16_smic18_6lm_v4/DFFSRX1
   sar16_smic18_6lm_v4/DFFSRX2
   sar16_smic18_6lm_v4/DFFSRX4
   sar16_smic18_6lm_v4/DFFSRXL
   sar16_smic18_6lm_v4/DFFSX1
   sar16_smic18_6lm_v4/DFFSX2
   sar16_smic18_6lm_v4/DFFSX4
   sar16_smic18_6lm_v4/DFFSXL
   sar16_smic18_6lm_v4/DFFTRX1
   sar16_smic18_6lm_v4/DFFTRX2
   sar16_smic18_6lm_v4/DFFTRX4
   sar16_smic18_6lm_v4/DFFTRXL
   sar16_smic18_6lm_v4/DFFX1
   sar16_smic18_6lm_v4/DFFX2
   sar16_smic18_6lm_v4/DFFX4
   sar16_smic18_6lm_v4/DFFXL
   sar16_smic18_6lm_v4/EDFFTRX1
   sar16_smic18_6lm_v4/EDFFTRX2
   sar16_smic18_6lm_v4/EDFFTRX4
   sar16_smic18_6lm_v4/EDFFTRXL
   sar16_smic18_6lm_v4/EDFFX1
   sar16_smic18_6lm_v4/EDFFX2
   sar16_smic18_6lm_v4/EDFFX4
   sar16_smic18_6lm_v4/EDFFXL
   sar16_smic18_6lm_v4/JKFFRX1
   sar16_smic18_6lm_v4/JKFFRX2
   sar16_smic18_6lm_v4/JKFFRX4
   sar16_smic18_6lm_v4/JKFFRXL
   sar16_smic18_6lm_v4/JKFFSRX1
   sar16_smic18_6lm_v4/JKFFSRX2
   sar16_smic18_6lm_v4/JKFFSRX4
   sar16_smic18_6lm_v4/JKFFSRXL
   sar16_smic18_6lm_v4/JKFFSX1
   sar16_smic18_6lm_v4/JKFFSX2
   sar16_smic18_6lm_v4/JKFFSX4
   sar16_smic18_6lm_v4/JKFFSXL
   sar16_smic18_6lm_v4/JKFFX1
   sar16_smic18_6lm_v4/JKFFX2
   sar16_smic18_6lm_v4/JKFFX4
   sar16_smic18_6lm_v4/JKFFXL
   sar16_smic18_6lm_v4/RSLATNX1
   sar16_smic18_6lm_v4/RSLATNX2
   sar16_smic18_6lm_v4/RSLATNX4
   sar16_smic18_6lm_v4/RSLATNXL
   sar16_smic18_6lm_v4/RSLATX1
   sar16_smic18_6lm_v4/RSLATX2
   sar16_smic18_6lm_v4/RSLATX4
   sar16_smic18_6lm_v4/RSLATXL
   sar16_smic18_6lm_v4/SDFFHQX1
   sar16_smic18_6lm_v4/SDFFHQX2
   sar16_smic18_6lm_v4/SDFFHQX4
   sar16_smic18_6lm_v4/SDFFHQXL
   sar16_smic18_6lm_v4/SDFFNRX1
   sar16_smic18_6lm_v4/SDFFNRX2
   sar16_smic18_6lm_v4/SDFFNRX4
   sar16_smic18_6lm_v4/SDFFNRXL
   sar16_smic18_6lm_v4/SDFFNSRX1
   sar16_smic18_6lm_v4/SDFFNSRX2
   sar16_smic18_6lm_v4/SDFFNSRX4
   sar16_smic18_6lm_v4/SDFFNSRXL
   sar16_smic18_6lm_v4/SDFFNSX1
   sar16_smic18_6lm_v4/SDFFNSX2
   sar16_smic18_6lm_v4/SDFFNSX4
   sar16_smic18_6lm_v4/SDFFNSXL
   sar16_smic18_6lm_v4/SDFFNX1
   sar16_smic18_6lm_v4/SDFFNX2
   sar16_smic18_6lm_v4/SDFFNX4
   sar16_smic18_6lm_v4/SDFFNXL
   sar16_smic18_6lm_v4/SDFFRHQX1
   sar16_smic18_6lm_v4/SDFFRHQX2
   sar16_smic18_6lm_v4/SDFFRHQX4
   sar16_smic18_6lm_v4/SDFFRHQXL
   sar16_smic18_6lm_v4/SDFFRX1
   sar16_smic18_6lm_v4/SDFFRX2
   sar16_smic18_6lm_v4/SDFFRX4
   sar16_smic18_6lm_v4/SDFFRXL
   sar16_smic18_6lm_v4/SDFFSHQX1
   sar16_smic18_6lm_v4/SDFFSHQX2
   sar16_smic18_6lm_v4/SDFFSHQX4
   sar16_smic18_6lm_v4/SDFFSHQXL
   sar16_smic18_6lm_v4/SDFFSRHQX1
   sar16_smic18_6lm_v4/SDFFSRHQX2
   sar16_smic18_6lm_v4/SDFFSRHQX4
   sar16_smic18_6lm_v4/SDFFSRHQXL
   sar16_smic18_6lm_v4/SDFFSRX1
   sar16_smic18_6lm_v4/SDFFSRX2
   sar16_smic18_6lm_v4/SDFFSRX4
   sar16_smic18_6lm_v4/SDFFSRXL
   sar16_smic18_6lm_v4/SDFFSX1
   sar16_smic18_6lm_v4/SDFFSX2
   sar16_smic18_6lm_v4/SDFFSX4
   sar16_smic18_6lm_v4/SDFFSXL
   sar16_smic18_6lm_v4/SDFFTRX1
   sar16_smic18_6lm_v4/SDFFTRX2
   sar16_smic18_6lm_v4/SDFFTRX4
   sar16_smic18_6lm_v4/SDFFTRXL
   sar16_smic18_6lm_v4/SDFFX1
   sar16_smic18_6lm_v4/SDFFX2
   sar16_smic18_6lm_v4/SDFFX4
   sar16_smic18_6lm_v4/SDFFXL
   sar16_smic18_6lm_v4/SEDFFHQX1
   sar16_smic18_6lm_v4/SEDFFHQX2
   sar16_smic18_6lm_v4/SEDFFHQX4
   sar16_smic18_6lm_v4/SEDFFHQXL
   sar16_smic18_6lm_v4/SEDFFTRX1
   sar16_smic18_6lm_v4/SEDFFTRX2
   sar16_smic18_6lm_v4/SEDFFTRX4
   sar16_smic18_6lm_v4/SEDFFTRXL
   sar16_smic18_6lm_v4/SEDFFX1
   sar16_smic18_6lm_v4/SEDFFX2
   sar16_smic18_6lm_v4/SEDFFX4
   sar16_smic18_6lm_v4/SEDFFXL
   sar16_smic18_6lm_v4/TLATNRX1
   sar16_smic18_6lm_v4/TLATNRX2
   sar16_smic18_6lm_v4/TLATNRX4
   sar16_smic18_6lm_v4/TLATNRXL
   sar16_smic18_6lm_v4/TLATNSRX1
   sar16_smic18_6lm_v4/TLATNSRX2
   sar16_smic18_6lm_v4/TLATNSRX4
   sar16_smic18_6lm_v4/TLATNSRXL
   sar16_smic18_6lm_v4/TLATNSX1
   sar16_smic18_6lm_v4/TLATNSX2
   sar16_smic18_6lm_v4/TLATNSX4
   sar16_smic18_6lm_v4/TLATNSXL
   sar16_smic18_6lm_v4/TLATNX1
   sar16_smic18_6lm_v4/TLATNX2
   sar16_smic18_6lm_v4/TLATNX4
   sar16_smic18_6lm_v4/TLATNXL
   sar16_smic18_6lm_v4/TLATRX1
   sar16_smic18_6lm_v4/TLATRX2
   sar16_smic18_6lm_v4/TLATRX4
   sar16_smic18_6lm_v4/TLATRXL
   sar16_smic18_6lm_v4/TLATSRX1
   sar16_smic18_6lm_v4/TLATSRX2
   sar16_smic18_6lm_v4/TLATSRX4
   sar16_smic18_6lm_v4/TLATSRXL
   sar16_smic18_6lm_v4/TLATSX1
   sar16_smic18_6lm_v4/TLATSX2
   sar16_smic18_6lm_v4/TLATSX4
   sar16_smic18_6lm_v4/TLATSXL
   sar16_smic18_6lm_v4/TLATX1
   sar16_smic18_6lm_v4/TLATX2
   sar16_smic18_6lm_v4/TLATX4
   sar16_smic18_6lm_v4/TLATXL
   sar16_smic18_6lm_v4/TTLATX1
   sar16_smic18_6lm_v4/TTLATX2
   sar16_smic18_6lm_v4/TTLATX4

Information: 'default' is identified as primary corner for initial clock tree building. (CTS-103)
Warning: No clock routing rule is specified. (CTS-038)

Clock cell spacing rule list:
   No clock cell spacing rule is found.
CCD MOO settings for (gccd2gre, qor_tns): 2 engines
    Engine NONE_POWER has 9 objectives, 1 enabled moves, iterationLimit = 1, solverType = CG_LP, estimateFanoutPower = 0, mergeIOWithR2R = 0, areaOnly = 0, useOldEngine = 0, preponeOpt = 0
                tns300Cutoff = 300, capAllowance = 1.600000, cgccdScaleBack = 5, powerccdScaleBack = 0, needTrialSeedGeneration = 0, drcMargin = 0.000000, commitOneByOne = 0
            NONE_POWER: priority 10, weight 20.000000, degradationPercentAllowed 0.005000, step back 0.150000, isTargeted 1, isMaximize 0
            R2R_TNS: priority 20, weight 2.000000, degradationPercentAllowed 0.001000, step back 0.100000, isTargeted 1, isMaximize 1
            SLOWR2R_TNS: priority 20, weight 2.000000, degradationPercentAllowed 0.001000, step back 0.100000, isTargeted 1, isMaximize 1
            HOLD_TNS: priority 30, weight 1.000000, degradationPercentAllowed 0.001000, step back 0.100000, isTargeted 1, isMaximize 1
            R2R_WNS: priority 40, weight 1.000000, degradationPercentAllowed 0.000000, step back 0.050000, isTargeted 1, isMaximize 1
            SLOWR2R_WNS: priority 40, weight 1.000000, degradationPercentAllowed 0.000000, step back 0.050000, isTargeted 1, isMaximize 1
            HOLD_WNS: priority 50, weight 1.000000, degradationPercentAllowed 0.000000, step back 0.050000, isTargeted 0, isMaximize 1
            IO_TNS: priority 60, weight 1.000000, degradationPercentAllowed 0.001000, step back 0.050000, isTargeted 0, isMaximize 1
            NONE_TOTAL_OFFSET: priority 100, weight 1.000000, degradationPercentAllowed nan, step back 0.050000, isTargeted 0, isMaximize 1
        Moves enabled: SIZE_REGISTER_POWER, 
    Engine NONE_POWER has 9 objectives, 1 enabled moves, iterationLimit = 1, solverType = CG_LP, estimateFanoutPower = 1, mergeIOWithR2R = 0, areaOnly = 0, useOldEngine = 0, preponeOpt = 0
                tns300Cutoff = 300, capAllowance = 100.000000, cgccdScaleBack = 5, powerccdScaleBack = 0, needTrialSeedGeneration = 0, drcMargin = 0.000000, commitOneByOne = 0
            NONE_POWER: priority 10, weight 20.000000, degradationPercentAllowed 0.005000, step back 0.150000, isTargeted 1, isMaximize 0
            R2R_TNS: priority 20, weight 2.000000, degradationPercentAllowed 0.001000, step back 0.100000, isTargeted 1, isMaximize 1
            SLOWR2R_TNS: priority 20, weight 2.000000, degradationPercentAllowed 0.001000, step back 0.100000, isTargeted 1, isMaximize 1
            HOLD_TNS: priority 30, weight 1.000000, degradationPercentAllowed 0.001000, step back 0.100000, isTargeted 1, isMaximize 1
            R2R_WNS: priority 40, weight 1.000000, degradationPercentAllowed 0.000000, step back 0.050000, isTargeted 1, isMaximize 1
            SLOWR2R_WNS: priority 40, weight 1.000000, degradationPercentAllowed 0.000000, step back 0.050000, isTargeted 1, isMaximize 1
            HOLD_WNS: priority 50, weight 1.000000, degradationPercentAllowed 0.000000, step back 0.050000, isTargeted 0, isMaximize 1
            IO_TNS: priority 60, weight 1.000000, degradationPercentAllowed 0.001000, step back 0.050000, isTargeted 0, isMaximize 1
            NONE_TOTAL_OFFSET: priority 100, weight 1.000000, degradationPercentAllowed nan, step back 0.050000, isTargeted 0, isMaximize 1
        Moves enabled: SIZE_CLOCK_POWER, 
DBG: ccdInfra::ccdInfra
Drc Mode Option: auto
Information: Legalizer's PDC rule check is NOT enabled
Information: Legalizer's advanced rule check is NOT enabled
CCD blasted path groups
DBG: ccdInfra::initAppOptions
DBG: ccdInfra::initCtsFixedBalancePins
CCD initialization runtime: cpu 0.157745, elapsed 0.034365, speed up 4.590281.

CCD-Info: App options set by user
   ccd.hold_control_effort = medium

CCD: Netlist change observers are disabled for incremental timing updates
Information: The netlist change observers are disabled for incremental timing updates. (TIM-119)
Information: The timing has been updated before disabling netlist and extraction change observers. (TIM-121)
CCD: using 8 threads
CTSSC route status detected: clock (VR 0, GR 4, DR 3515), data (VR 0, GR 17291, DR 0); stage = auto, isPostRoute = FALSE
INFO: optApi switch to CTS purpose
enhanced site row merge :  1
Key: unit, value: 0x93ca3d88
Number of Site types in the design = 1
Total power = 1.940629, Leakage = 0.003454, Internal = 1.106810, Switching = 0.830365
Information: 'default' is identified as primary corner for initial clock tree building. (CTS-103)

CCD: Initial QOR:
---------------------------------------------------------------------------------------------
 Design (setup) WNS = 0.274968, TNS = 0.000000, NVP = 0
 Design (hold) WNHS = 0.021164, TNHS = 0.000000, NHVP = 0

    Scenario default  WNS = 0.274968, TNS = 0.000000, NVP = 0
    Scenario default  WNHS = 0.021164, TNHS = 0.000000, NHVP = 0
---------------------------------------------------------------------------------------------
CCD-QoR: Timing: WNS = 0.275, TNS = 0.000, NVP = 0, UNWEIGHTED_TNS = 0.000, WNHS = 0.021, TNHS = 0.000, NHVP = 0, UNWEIGHTED_TNHS = 0.000, R2R(wns=0.387814, tns=0.000000, nvp=0)
 All scenarios used by CCD
    scenario 0: default , isDynamicPower, isLeakagePower, isMaxTran, isMaxCap
          mode: default, id = 0
          corner: default, id = 0
          isSetup: wns = 0.274968, unweighted tns = 0.000000
          isHold: wns = 0.021164, unweighted tns = 0.000000

Enable clock slack update

    Optimization Summary 		

-------------------------------------------------

  # Seeds generated                              5
  # Valid linear regressions                     5
  # Seeds with valid budget                      0
  # Seeds with accepted implementation           0
  # NumCTCells changed                           0


  # Total CPU time                               00h:00m:00s
  # Total elapsed time                           00h:00m:00s
  # Flow total speed up                          5.350244
  # Init lazy tns CPU time                       00h:00m:00s
  # Init lazy tns elapsed time                   00h:00m:00s
  # Init lazy tns speed up                       5.317513
  # Seed generation CPU time                     00h:00m:00s
  # Seed generation elapsed time                 00h:00m:00s
  # Seed generation speed up                     6.347721
  # Linear regression CPU time                   00h:00m:00s
  # Linear regression elapsed time               00h:00m:00s
  # Linear regression speed up                   5.495961
  # LP solver CPU time                           00h:00m:00s
  # LP solver elapsed time                       00h:00m:00s
  # LP solver speed up                           2.514431
  # Breakdown of elapsed runtime for solver:     
     Lazy model initializations:                 6.11%
     Prepare moo/get initial QOR:                26.32%
     Commit/annotate budget:                     0.00%
     Solve runtime: 45.84% of which 41.09% is incremental-LP runtime
     Other:                                      21.73%

-------------------------------------------------


CCD: After FMAX optimization:gccd2gre_NONE_POWER0
---------------------------------------------------------------------------------------------
 Design (setup) WNS = 0.274968, TNS = 0.000000, NVP = 0
 Design (hold) WNHS = 0.021164, TNHS = 0.000000, NHVP = 0

    Scenario default  WNS = 0.274968, TNS = 0.000000, NVP = 0
    Scenario default  WNHS = 0.021164, TNHS = 0.000000, NHVP = 0
---------------------------------------------------------------------------------------------
CCD-QoR: Timing: WNS = 0.275, TNS = 0.000, NVP = 0, UNWEIGHTED_TNS = 0.000, WNHS = 0.021, TNHS = 0.000, NHVP = 0, UNWEIGHTED_TNHS = 0.000, R2R(wns=0.387814, tns=0.000000, nvp=0)

    Optimization Summary 		

-------------------------------------------------

  # Seeds generated                              2
  # Valid linear regressions                     0
  # Seeds with valid budget                      0
  # Seeds with accepted implementation           0
  # NumCTCells changed                           0


  # Total CPU time                               00h:00m:00s
  # Total elapsed time                           00h:00m:00s
  # Flow total speed up                          4.604056
  # Init lazy tns CPU time                       00h:00m:00s
  # Init lazy tns elapsed time                   00h:00m:00s
  # Init lazy tns speed up                       5.362288
  # Seed generation CPU time                     00h:00m:00s
  # Seed generation elapsed time                 00h:00m:00s
  # Seed generation speed up                     5.301451
  # Linear regression CPU time                   00h:00m:00s
  # Linear regression elapsed time               00h:00m:00s
  # Linear regression speed up                   3.459308
  # LP solver CPU time                           00h:00m:00s
  # LP solver elapsed time                       00h:00m:00s
  # LP solver speed up                           0.989362
  # Breakdown of elapsed runtime for solver:     
     Lazy model initializations:                 0.00%
     Prepare moo/get initial QOR:                0.00%
     Commit/annotate budget:                     0.00%
     Solve runtime: 0.00%                        
     Other:                                      100.00%

-------------------------------------------------


CCD: After FMAX optimization:gccd2gre_NONE_POWER1
---------------------------------------------------------------------------------------------
 Design (setup) WNS = 0.274968, TNS = 0.000000, NVP = 0
 Design (hold) WNHS = 0.021164, TNHS = 0.000000, NHVP = 0

    Scenario default  WNS = 0.274968, TNS = 0.000000, NVP = 0
    Scenario default  WNHS = 0.021164, TNHS = 0.000000, NHVP = 0
---------------------------------------------------------------------------------------------
CCD-QoR: Timing: WNS = 0.275, TNS = 0.000, NVP = 0, UNWEIGHTED_TNS = 0.000, WNHS = 0.021, TNHS = 0.000, NHVP = 0, UNWEIGHTED_TNHS = 0.000, R2R(wns=0.387814, tns=0.000000, nvp=0)
Information: The netlist change observers are enabled for incremental timing updates. (TIM-120)
Route Cleanup and Reuse: 0 shapes being reused for 0 clock nets
INFO: optApi switch to OPTO purpose
enhanced site row merge :  1
Key: unit, value: 0x8b6347f8
Number of Site types in the design = 1
 CCD flow runtime: cpu 1.155652, elapsed 0.263746, speed up 4.381686.
CCD unblasted path groups
Mark clock trees...
Marking clock synthesized attributes

Marking spacing rules

Clock cell spacing rule list:
   No clock cell spacing rule is found.

Summary of messages during CTS:
===============================================================
  Tag   Count  Type           Description
---------------------------------------------------------------
CTS-038    1  Warning  No clock routing rule is specified.
INFO: cellmap features:  adv-rules=(N), pdc=(N), clock-rules=(Y)

Enable clock slack update
INFO: cellmap features:  adv-rules=(Y), pdc=(Y), clock-rules=(Y)
Clock-opt optimization Phase 27 Iter  1         0.00        0.00      0.01         0     104824.84  3454414.00        3752              0.03      2147
INFO: cellmap features:  adv-rules=(N), pdc=(N), clock-rules=(Y)

Clock-opt optimization Phase 28 Iter  1         0.00        0.00      0.01         0     104778.27  3449499.75        3752              0.03      2147
INFO: New Levelizer turned on
[ISR-KNEP5] Knee  _candPts 1253  excluded 1153  numKnees(appOption) 3  allKneesSize 4  mergedKneesSize(includes excluded) 2
[ISR-KNEP5] Knee 0.01877568  Ignore(Merge) 1  Upcands 84
[ISR-KNEP5] Knee 0.00061726  Ignore(Merge) 0  Upcands 235
[ISR-KNEP5] Knee 0.00021865  Ignore(Merge) 1  Upcands 101
[ISR-KNEP5] Knee 0.00000000  Ignore(Merge) 0  Upcands 1253
[ISR-KNEP5] Merged-Knee 0.00061726  Upcands(with excluded) 235
[ISR-KNEP5] Merged-Knee 0.00000000  Upcands(with excluded) 2406
[ISR-TRACE] Potential Bucket: Pass 1  Index 0  #Total-cands    235 ( 8.90%) SumPotEst 0.13416384 (99.55%) 
[ISR-TRACE] Potential Bucket: Pass 1  Index 1  #Total-cands   2406 (91.10%) SumPotEst 0.00061172 ( 0.45%) 
[ISR-BKTP1] Bucket 1  #Tot-Cands    235  #Comitted   43 (29.86%)  #runProblems    144  #Batches   43  #lowRoi-filter    91
[ISR-BKTP1] Bucket 2  #Tot-Cands   2406  #Comitted  106 (13.30%)  #runProblems    797  #Batches  130  #isDownsizable-filter   571  #lowRoi-filter  1038
[ISR-TRACE] Pass 1    Filter stats     #static   #dynamic
[ISR-TRACE]            bufrem-filter       0 |      0 
[ISR-TRACE]          holdviol-filter       0 |      0 
[ISR-TRACE]     isDownsizable-filter       0 |    571 
[ISR-TRACE]            lowRoi-filter       0 |   1129 
[ISR-TRACE]         ok-driver-filter    2162 |      0 
[ISR-TRACE]             slack-filter       0 |      0 

Clock-opt optimization Phase 28 Iter  2         0.00        0.00      0.01         0     103075.16  3362423.00        3752              0.03      2147
INFO: New Levelizer turned on
[ISR-KNEP6] Knee  _candPts 1174  excluded 1146  numKnees(appOption) 3  allKneesSize 4  mergedKneesSize(includes excluded) 3
[ISR-KNEP6] Knee 0.00916076  Ignore(Merge) 1  Upcands 95
[ISR-KNEP6] Knee 0.00046141  Ignore(Merge) 0  Upcands 203
[ISR-KNEP6] Knee 0.00014429  Ignore(Merge) 0  Upcands 200
[ISR-KNEP6] Knee 0.00000000  Ignore(Merge) 0  Upcands 974
[ISR-KNEP6] Merged-Knee 0.00046141  Upcands(with excluded) 203
[ISR-KNEP6] Merged-Knee 0.00014429  Upcands(with excluded) 200
[ISR-KNEP6] Merged-Knee 0.00000000  Upcands(with excluded) 2120
[ISR-TRACE] Potential Bucket: Pass 1  Index 0  #Total-cands    203 ( 8.05%) SumPotEst 0.05501036 (99.05%) 
[ISR-TRACE] Potential Bucket: Pass 1  Index 1  #Total-cands    200 ( 7.93%) SumPotEst 0.00025627 ( 0.46%) 
[ISR-TRACE] Potential Bucket: Pass 1  Index 2  #Total-cands   2120 (84.03%) SumPotEst 0.00027023 ( 0.49%) 
[ISR-BKTP1] Bucket 1  #Tot-Cands    203  #Comitted   55 (47.83%)  #runProblems    115  #Batches   41  #lowRoi-filter    88
[ISR-TRACE] Iter 2  TotCands 200  Combo 0  Seq 0  Filtered 200  NumKnees: 3
[ISR-BKTP1] Bucket 3  #Tot-Cands   2120  #Comitted    0 ( 0.00%)  #runProblems    597  #Batches   99  #isDownsizable-filter   549  #lowRoi-filter   974
[ISR-TRACE] Pass 1    Filter stats     #static   #dynamic
[ISR-TRACE]            bufrem-filter       0 |      0 
[ISR-TRACE]          holdviol-filter       0 |      0 
[ISR-TRACE]     isDownsizable-filter       0 |    549 
[ISR-TRACE]            lowRoi-filter       0 |   1262 
[ISR-TRACE]         ok-driver-filter    2163 |      0 
[ISR-TRACE]             slack-filter       0 |      0 


Clock-opt optimization summary            SETUP-COST    R2R-COST HOLD-COST LDRC-COST          AREA     LEAKAGE     INSTCNT            ELAPSE       MEM
Clock-opt optimization Phase 29 Iter  1         0.00        0.00      0.01         0     103038.56  3350411.25        3635              0.03      2147
INFO: New Levelizer turned on

Corner Scaling is off, multiplier is 1.000000
Information: Using default layer METAL4 (Current) (OPT-079)
new default layer same as orig default layer
Information: Using default layer METAL4 (Inferior) (OPT-079)
Corner Scaling is off, multiplier is 1.000000
Information: Using default layer METAL4 (Current) (OPT-079)
new default layer same as orig default layer
Information: Using default layer METAL4 (Inferior) (OPT-079)
Clock-opt optimization Phase 30 Iter  1         0.00        0.00      0.01         0     103038.56  3350411.25        3635              0.03      2147
Information: Using default layer METAL4 (Current) (OPT-079)
new default layer same as orig default layer
Information: Using default layer METAL4 (Inferior) (OPT-079)
Information: Using default layer METAL4 (Current) (OPT-079)
new default layer same as orig default layer
Information: Using default layer METAL4 (Inferior) (OPT-079)
Information: Using default layer METAL4 (Current) (OPT-079)
new default layer same as orig default layer
Information: Using default layer METAL4 (Inferior) (OPT-079)
Information: Using default layer METAL4 (Current) (OPT-079)
new default layer same as orig default layer
Information: Using default layer METAL4 (Inferior) (OPT-079)
Information: Using default layer METAL4 (Current) (OPT-079)
new default layer same as orig default layer
Information: Using default layer METAL4 (Inferior) (OPT-079)
Information: Using default layer METAL4 (Current) (OPT-079)
new default layer same as orig default layer
Information: Using default layer METAL4 (Inferior) (OPT-079)
Information: Using default layer METAL4 (Current) (OPT-079)
new default layer same as orig default layer
Information: Using default layer METAL4 (Inferior) (OPT-079)
Information: Using default layer METAL4 (Current) (OPT-079)
new default layer same as orig default layer
Information: Using default layer METAL4 (Inferior) (OPT-079)

Clock-opt optimization Phase 31 Iter  1         0.00        0.00      0.01         0     103031.91  3350530.75        3633              0.03      2147

Clock-opt optimization Phase 32 Iter  1         0.00        0.00      0.01         0     103031.91  3350530.75        3633              0.03      2147
Warning: Design includes unreasonable large hold violation(s). (OPT-209)
Clock-opt optimization Phase 32 Iter  2         0.00        0.00      0.01         0     103031.91  3350530.75        3633              0.03      2147
Warning: Design includes unreasonable large hold violation(s). (OPT-209)


Clock-opt route preserve complete         CPU:   227 s (  0.06 hr )  ELAPSE:   117 s (  0.03 hr )  MEM-PEAK:  2147 MB

INFO: Sending timing info to router
Information: The netlist change observers are enabled for incremental extraction. (TIM-127)
nplDplc2Placer::setParam(effort,1)
nplDplc2Placer::setParam(debug,0)
nplDplc2Placer::setParam(site_check,2)
nplDplc2Placer::setParam(app_firm_wgt,0)
Warning: Routing direction of metal layer POLY1 is neither "horizontal" nor "vertical".  PDC checks will not be performed on this layer. (PDC-003)
PDC app_options settings =========
	place.legalize.enable_prerouted_net_check: 1
	place.legalize.num_tracks_for_access_check: 1
	place.legalize.use_eol_spacing_for_access_check: 0
	place.legalize.allow_touch_track_for_access_check: 1
	place.legalize.reduce_conservatism_in_eol_check: 0
	place.legalize.preroute_shape_merge_distance: 0.0
	place.legalize.enable_non_preferred_direction_span_check: 0

Layer METAL1: cached 0 shapes out of 4807 total shapes.
Layer METAL2: cached 34 shapes out of 8096 total shapes.
Cached 1462 vias out of 28222 total vias.

Legalizing Top Level Design sar_digi_paper_core ... 
Information: Initializing classic cellmap without advanced rules enabled and without PDC enabled
Information: The following app options are used in cellmap
        place.legalize.enable_color_aware_placement : false
        place.legalize.use_nll_query_cm : false
        place.legalize.enable_advanced_legalizer : false
        place.legalize.enable_prerouted_net_check : true
        place.legalize.enable_advanced_prerouted_net_check : false
        place.legalize.always_continue : true
        place.legalize.limit_legality_checks : false
        place.common.pnet_aware_density : 1.0000
        place.common.pnet_aware_min_width : 0.0000
        place.common.pnet_aware_layers : {}
        place.common.use_placement_model : false
        place.common.enable_advanced_placement_model : true
        cts.placement.cell_spacing_rule_style : maximum
Total 0.0066 seconds to build cellmap data
Information: Creating classic rule checker.
Warning: Routing direction of metal layer POLY1 is neither "horizontal" nor "vertical".  PDC checks will not be performed on this layer. (PDC-003)
=====> Processed 119 ref cells (0 fillers) from library

Bounds/Regions In This Design:
        Area    Num Cells  Exclusive Name
 (square um)
      184066         3627        Yes DEFAULT_VA

Starting legalizer.
Warning: Exclusive bound 'DEFAULT' has no cells.
Optimizing Exclusive Bound 'DEFAULT_VA' (2/2)
    Done Exclusive Bound 'DEFAULT_VA' (2/2) (0 sec)
Legalization complete (0 total sec)

****************************************
  Report : Placement Attempts
  Site   : unit
****************************************

number of cells:                   3627
number of references:               119
number of site rows:                 85
number of locations attempted:    72573
number of locations failed:        6066  (8.4%)

Legality of references at locations:
75 references had failures.

Worst 10 references by total failures:
 CELLS       UNFLIPPED                       FLIPPED                REFERENCE NAME
         ATTEMPTS  FAILURES            ATTEMPTS  FAILURES           
   315       4317       528 ( 12.2%)       2372       279 ( 11.8%)  NAND2XL
   169       2622       449 ( 17.1%)       1382       249 ( 18.0%)  OAI21XL
   215       3281       399 ( 12.2%)        794       137 ( 17.3%)  DFFSX1
    79       1164       261 ( 22.4%)        944       213 ( 22.6%)  CLKBUFX2
   109       1685       310 ( 18.4%)        543        94 ( 17.3%)  AOI22XL
    78       1200       171 ( 14.2%)        727       117 ( 16.1%)  AOI22X1
    73       1160       174 ( 15.0%)        520       101 ( 19.4%)  AOI21X1
    23        368       109 ( 29.6%)        240        82 ( 34.2%)  OAI211XL
    61        942       116 ( 12.3%)        606        69 ( 11.4%)  AOI21XL
    26        432       115 ( 26.6%)        216        68 ( 31.5%)  OAI21X1

Worst 10 references by failure rate:
 CELLS       UNFLIPPED                       FLIPPED                REFERENCE NAME
         ATTEMPTS  FAILURES            ATTEMPTS  FAILURES           
     1         16         8 ( 50.0%)          0         0 (  0.0%)  DFFSX4
     6        104        45 ( 43.3%)         48        20 ( 41.7%)  OAI211X1
    15        233        79 ( 33.9%)        112        30 ( 26.8%)  CMPR32X1
    23        368       109 ( 29.6%)        240        82 ( 34.2%)  OAI211XL
     1         16         3 ( 18.8%)         16         7 ( 43.8%)  ADDHXL
     2         32        10 ( 31.2%)         32        10 ( 31.2%)  AOI2BB1X1
     1         16         5 ( 31.2%)          0         0 (  0.0%)  OAI2BB1X2
     7        112        36 ( 32.1%)         48        12 ( 25.0%)  ADDFX1
    26        432       115 ( 26.6%)        216        68 ( 31.5%)  OAI21X1
     9        144        38 ( 26.4%)         80        20 ( 25.0%)  OAI22X2

Legality of references in rows:
0 references had row failures.

****************************************
  Report : Cell Displacements
****************************************

number of cells aggregated:        3567 (30613 total sites)
avg row height over cells:        5.040 um
rms cell displacement:            0.153 um ( 0.03 row height)
rms weighted cell displacement:   0.153 um ( 0.03 row height)
max cell displacement:            4.620 um ( 0.92 row height)
avg cell displacement:            0.016 um ( 0.00 row height)
avg weighted cell displacement:   0.016 um ( 0.00 row height)
number of cells moved:               53
number of large displacements:        0
large displacement threshold:     3.000 row height

Displacements of worst 10 cells:
Cell: u_calib_ctrl/gre_a_INV_6897_inst_2340 (INVXL)
  Input location: (285.12,136.08)
  Legal location: (289.74,136.08)
  Displacement:   4.620 um ( 0.92 row height)
Cell: u_calib_ctrl/copt_gre_mt_inst_2291 (CLKBUFX2)
  Input location: (174.24,277.2)
  Legal location: (177.54,277.2)
  Displacement:   3.300 um ( 0.65 row height)
Cell: u_calib_ctrl/gre_a_BUF_1276_inst_2326 (BUFX2)
  Input location: (234.96,277.2)
  Legal location: (232.32,277.2)
  Displacement:   2.640 um ( 0.52 row height)
Cell: u_calib_ctrl/clk_gate_shadow_weights_reg[13]/latch (TLATNXL)
  Input location: (232.98,146.16)
  Legal location: (235.62,146.16)
  Displacement:   2.640 um ( 0.52 row height)
Cell: u_calib_ctrl/gre_a_INV_1764_inst_2307 (INVX8)
  Input location: (238.92,166.32)
  Legal location: (240.9,166.32)
  Displacement:   1.980 um ( 0.39 row height)
Cell: u_calib_ctrl/U1733 (OR2X1)
  Input location: (159.06,126)
  Legal location: (157.08,126)
  Displacement:   1.980 um ( 0.39 row height)
Cell: u_srm_residue/total_count_reg[1] (DFFSXL)
  Input location: (298.98,75.6)
  Legal location: (297,75.6)
  Displacement:   1.980 um ( 0.39 row height)
Cell: u_calib_ctrl/gre_a_BUF_1102_inst_2327 (BUFX3)
  Input location: (229.68,307.44)
  Legal location: (227.7,307.44)
  Displacement:   1.980 um ( 0.39 row height)
Cell: u_calib_ctrl/shadow_weights_reg[18][20] (DFFSXL)
  Input location: (230.34,166.32)
  Legal location: (228.36,166.32)
  Displacement:   1.980 um ( 0.39 row height)
Cell: u_calib_ctrl/U1736 (OR2X1)
  Input location: (156.42,115.92)
  Legal location: (154.44,115.92)
  Displacement:   1.980 um ( 0.39 row height)

Legalization succeeded.
Total Legalizer CPU: 0.478
Total Legalizer Wall Time: 0.495
----------------------------------------------------------------

Clock-opt legalization complete           CPU:   228 s (  0.06 hr )  ELAPSE:   117 s (  0.03 hr )  MEM-PEAK:  2147 MB
rtapi Thread-server 5: shutdown 
rtapi Thread-server 2: shutdown 
rtapi Thread-server 0: shutdown 
rtapi Thread-server 6: shutdown 
rtapi Thread-server 4: shutdown 
rtapi Thread-server 3: shutdown 
rtapi Thread-server 7: shutdown 
rtapi Thread-server 1: shutdown 

No. startProblems      =   655 

No. doRoutes           =     1 
No. doUnroutes         =     1 
No. redoRoutes         =     0 
No. redoUnroutes       =     0 
No. undoRoutes         =     1 
No. undoUnroutes       =     1 
No. commitRoutes       =     0 
No. commitUnroutes     =     0 
No. uncommitRoutes     =     0 
No. uncommitUnroutes   =     0 
No. doRoute fails      =     0 
No. doUnroute fails    =     0 

No. viaLadderQueries   =     0 
No. doDelVias          =     0 
No. doAddVias          =     0 
No. redoDelVias        =     0 
No. redoAddVias        =     0 
No. undoDelVias        =     0 
No. undoAddVias        =     0 
No. commitChangeVias   =     0 
No. uncommitChangeVias =     0 
No. doDelVias fails    =     0 
No. doAddVias fails    =     0 

Updating congestion ...
Updating congestion ...
GR Routing Service: Wrote GR congmap to NDM 
Information: The netlist change observers are disabled for incremental extraction. (TIM-126)
Information: The netlist change observers are enabled for incremental extraction. (TIM-127)
INFO: Running refresh_via_ladders
Information: Forcing rerun of global router after global_route_opt due to app option route.global.force_rerun_after_global_route_opt being set. (ZRT-608)
Warning: Please run the command "check_routability" before running Zroute commands. (ZRT-762)
Information: The net parasitics of block sar_digi_paper_core are cleared. (TIM-123)
No cell change area manager for zroute
Start Global Route ... 
[Init] Elapsed real time: 0:00:00 
[Init] Elapsed cpu  time: sys=0:00:00 usr=0:00:00 total=0:00:00
[Init] Stage (MB): Used    0  Alloctr    0  Proc    0 
[Init] Total (MB): Used    7  Alloctr   10  Proc 5945 
Printing options for 'route.common.*'
common.crosstalk_driven                                 :	 false               
common.verbose_level                                    :	 0                   

Printing options for 'route.global.*'
global.crosstalk_driven                                 :	 false               
global.force_rerun_after_global_route_opt               :	 true                
global.timing_driven                                    :	 false               

Begin global routing.
Cell Min-Routing-Layer = METAL1
Cell Max-Routing-Layer = METAL6
Turn off antenna since no rule is specified
Information: Option route.detail.force_end_on_preferred_grid will be ignored since none of the layers have preferred grid. (ZRT-703)
Info: number of net_type_blockage: 0 
Information: Via ladder engine would be activated for pattern must join connection in certain commands. Please refer to man-page for the command list. (ZRT-619)
Warning: Port  VSS at {{165.660,427.305} {178.200,428.800}} is out of boundary. Cannot be routed. (ZRT-720)
Warning: Port  VDD at {{382.140,-0.400} {390.720,0.950}} is out of boundary. Cannot be routed. (ZRT-720)
Warning: Port  VSS at {{291.720,426.945} {294.360,428.800}} is out of boundary. Cannot be routed. (ZRT-720)
Warning: Port  VSS at {{306.240,427.825} {311.520,428.800}} is out of boundary. Cannot be routed. (ZRT-720)
Warning: Port  VDD at {{215.160,-0.400} {221.100,1.275}} is out of boundary. Cannot be routed. (ZRT-720)
Warning: Port  VDD at {{225.060,-0.400} {231.000,1.275}} is out of boundary. Cannot be routed. (ZRT-720)
Warning: Port  VSS at {{297.000,427.825} {299.640,428.800}} is out of boundary. Cannot be routed. (ZRT-720)
Warning: Port  VSS at {{300.960,427.825} {303.600,428.800}} is out of boundary. Cannot be routed. (ZRT-720)
Warning: Port  VDD at {{411.840,-0.400} {424.380,2.100}} is out of boundary. Cannot be routed. (ZRT-720)
Warning: Port  VDD at {{240.900,-0.400} {243.540,0.575}} is out of boundary. Cannot be routed. (ZRT-720)
Skipping 26 ectangle_only route guides because they don't cover the design boundary in the layer's  preferred direction.
Warning: Found AutoNdr rule _snps_autoNdr_power by name when the auto ndr flow is not enabled. (ZRT-828)
Information: When applicable Min-max layer allow_pin_connection mode will allow paths of length 6.70 outside the layer range. (ZRT-707)
Information: When applicable Min-max layer allow_pin_connection mode will allow paths of length 6.70 outside the layer range on clock nets. (ZRT-718)
Information: When applicable layer based tapering will taper up to 0.00 in distance from the pin. (ZRT-706)
Warning: Standard cell pin ADDFX2/B has no valid via regions. (ZRT-044)
Warning: Standard cell pin AOI222X4/B1 has no valid via regions. (ZRT-044)
Warning: Standard cell pin OAI22XL/Y has no valid via regions. (ZRT-044)
Warning: Standard cell pin NAND3XL/A has no valid via regions. (ZRT-044)
Warning: Standard cell pin OAI31X1/Y has no valid via regions. (ZRT-044)
Warning: Standard cell pin AOI222X1/Y has no valid via regions. (ZRT-044)
Warning: Standard cell pin AOI2BB1X2/B0 has no valid via regions. (ZRT-044)
Warning: Standard cell pin AOI221X1/A1 has no valid via regions. (ZRT-044)
Warning: Standard cell pin AOI221X1/C0 has no valid via regions. (ZRT-044)
Warning: Standard cell pin OAI21XL/Y has no valid via regions. (ZRT-044)
Warning: Standard cell pin AOI221X1/Y has no valid via regions. (ZRT-044)
Warning: Standard cell pin ADDFXL/B has no valid via regions. (ZRT-044)
Warning: Standard cell pin AOI21XL/Y has no valid via regions. (ZRT-044)
Warning: Standard cell pin AOI32XL/Y has no valid via regions. (ZRT-044)
Warning: Standard cell pin AOI21X1/A0 has no valid via regions. (ZRT-044)
Warning: Standard cell pin AOI21X1/B0 has no valid via regions. (ZRT-044)
Warning: Standard cell pin NAND4X1/A has no valid via regions. (ZRT-044)
Warning: Standard cell pin NAND3X1/A has no valid via regions. (ZRT-044)
Warning: Standard cell pin DFFSXL/Q has no valid via regions. (ZRT-044)
Warning: Standard cell pin NOR3XL/A has no valid via regions. (ZRT-044)
Warning: Standard cell pin NOR2BX2/Y has no valid via regions. (ZRT-044)
Warning: Standard cell pin INVX12/A has no valid via regions. (ZRT-044)
Warning: Standard cell pin AND2XL/Y has no valid via regions. (ZRT-044)
Warning: Standard cell pin CLKBUFXL/Y has no valid via regions. (ZRT-044)
Warning: Standard cell pin NAND2X2/B has no valid via regions. (ZRT-044)
Warning: Standard cell pin NAND4X2/A has no valid via regions. (ZRT-044)
Warning: Standard cell pin NAND2X2/Y has no valid via regions. (ZRT-044)
Warning: Standard cell pin TLATNXL/QN has no valid via regions. (ZRT-044)
Warning: Standard cell pin NAND4X2/D has no valid via regions. (ZRT-044)
Warning: Standard cell pin NOR3BX1/AN has no valid via regions. (ZRT-044)
Warning: Standard cell pin XNOR2X1/B has no valid via regions. (ZRT-044)
Warning: Standard cell pin BUFX2/Y has no valid via regions. (ZRT-044)
Warning: Standard cell pin AOI22X2/A1 has no valid via regions. (ZRT-044)
Warning: Standard cell pin XNOR2X1/Y has no valid via regions. (ZRT-044)
Warning: Standard cell pin AOI22X2/Y has no valid via regions. (ZRT-044)
Warning: Standard cell pin NOR3BX2/AN has no valid via regions. (ZRT-044)
Warning: Standard cell pin NOR3BX2/B has no valid via regions. (ZRT-044)
Warning: Standard cell pin NOR3BX2/Y has no valid via regions. (ZRT-044)
Warning: Standard cell pin NOR2X4/A has no valid via regions. (ZRT-044)
Warning: Standard cell pin CMPR32X1/B has no valid via regions. (ZRT-044)
Warning: Standard cell pin NOR2X4/B has no valid via regions. (ZRT-044)
Warning: Standard cell pin ADDFX1/B has no valid via regions. (ZRT-044)
Warning: Standard cell pin OAI2BB1X2/Y has no valid via regions. (ZRT-044)
Warning: Standard cell pin AND4X2/C has no valid via regions. (ZRT-044)
Warning: Standard cell pin XOR2X1/B has no valid via regions. (ZRT-044)
Warning: Standard cell pin OAI2BB1X1/Y has no valid via regions. (ZRT-044)
Warning: Standard cell pin XOR2X1/Y has no valid via regions. (ZRT-044)
Warning: Standard cell pin DLY3X1/Y has no valid via regions. (ZRT-044)
Warning: Standard cell pin XOR2XL/B has no valid via regions. (ZRT-044)
Warning: Standard cell pin XOR2XL/Y has no valid via regions. (ZRT-044)
Warning: Standard cell pin AOI211XL/Y has no valid via regions. (ZRT-044)
Warning: Standard cell pin AOI2BB1X1/Y has no valid via regions. (ZRT-044)
Warning: Standard cell pin NOR4X1/B has no valid via regions. (ZRT-044)
Warning: Standard cell pin DLY4X1/Y has no valid via regions. (ZRT-044)
Warning: Standard cell pin ADDHXL/CO has no valid via regions. (ZRT-044)
Warning: Standard cell pin ADDFHX1/CI has no valid via regions. (ZRT-044)
Warning: Standard cell pin NAND2XL/Y has no valid via regions. (ZRT-044)
Warning: Standard cell pin ADDFHX1/CO has no valid via regions. (ZRT-044)
Warning: Standard cell pin DLY2X1/Y has no valid via regions. (ZRT-044)
Warning: Standard cell pin ADDHXL/S has no valid via regions. (ZRT-044)
Warning: Standard cell pin ADDFHX1/S has no valid via regions. (ZRT-044)
Warning: Standard cell pin XNOR2XL/B has no valid via regions. (ZRT-044)
Warning: Standard cell pin XNOR2XL/Y has no valid via regions. (ZRT-044)
Warning: Standard cell pin AOI2BB2X1/B0 has no valid via regions. (ZRT-044)
Warning: Standard cell pin OAI31XL/A0 has no valid via regions. (ZRT-044)
Warning: Standard cell pin OAI31XL/Y has no valid via regions. (ZRT-044)
Warning: Standard cell pin OAI2BB1XL/Y has no valid via regions. (ZRT-044)
Warning: Standard cell pin AOI22XL/Y has no valid via regions. (ZRT-044)
Warning: Standard cell pin AOI2BB1XL/Y has no valid via regions. (ZRT-044)
Warning: Standard cell pin AOI31XL/Y has no valid via regions. (ZRT-044)
Warning: Standard cell pin DFFSX1/CK has no valid via regions. (ZRT-044)
Warning: Standard cell pin CMPR22X1/CO has no valid via regions. (ZRT-044)
Warning: Standard cell pin NOR3X1/A has no valid via regions. (ZRT-044)
Warning: Standard cell pin AOI211X1/B0 has no valid via regions. (ZRT-044)
Warning: Standard cell pin NAND4XL/B has no valid via regions. (ZRT-044)
Warning: Standard cell pin NAND4XL/C has no valid via regions. (ZRT-044)
Warning: Standard cell pin NAND4XL/D has no valid via regions. (ZRT-044)
Warning: Standard cell pin NOR4BXL/C has no valid via regions. (ZRT-044)
Warning: Standard cell pin NOR4BXL/D has no valid via regions. (ZRT-044)
Warning: Standard cell pin OAI22X1/Y has no valid via regions. (ZRT-044)
Warning: Standard cell pin AOI2BB2XL/Y has no valid via regions. (ZRT-044)
Warning: Standard cell pin NOR4BX1/C has no valid via regions. (ZRT-044)
Warning: Standard cell pin NOR4BX1/D has no valid via regions. (ZRT-044)
Current Stage stats:
[End of Read DB] Elapsed real time: 0:00:00 
[End of Read DB] Elapsed cpu  time: sys=0:00:00 usr=0:00:00 total=0:00:00
[End of Read DB] Stage (MB): Used   20  Alloctr   21  Proc  -32 
[End of Read DB] Total (MB): Used   27  Alloctr   31  Proc 5913 
Loading parastics information to the router ...
parastics information loaded to the router.
[End of Loading Timing] Elapsed real time: 0:00:00 
[End of Loading Timing] Elapsed cpu  time: sys=0:00:00 usr=0:00:00 total=0:00:00
Constructing data structure ...
Design statistics:
Design Bounding Box (0.00um,0.00um,429.66um,428.40um)
Number of routing layers = 6
layer METAL1, dir Hor, min width = 0.23um, min space = 0.23um pitch = 0.56um
layer METAL2, dir Ver, min width = 0.28um, min space = 0.28um pitch = 0.66um
layer METAL3, dir Hor, min width = 0.28um, min space = 0.28um pitch = 0.56um
layer METAL4, dir Ver, min width = 0.28um, min space = 0.28um pitch = 0.66um
layer METAL5, dir Hor, min width = 0.28um, min space = 0.28um pitch = 0.61um
layer METAL6, dir Ver, min width = 0.44um, min space = 0.46um pitch = 0.95um
Current Stage stats:
[End of Build Tech Data] Elapsed real time: 0:00:00 
[End of Build Tech Data] Elapsed cpu  time: sys=0:00:00 usr=0:00:00 total=0:00:00
[End of Build Tech Data] Stage (MB): Used    1  Alloctr    0  Proc    0 
[End of Build Tech Data] Total (MB): Used   28  Alloctr   32  Proc 5913 
Net statistics:
Total number of nets     = 3781
Number of nets to route  = 3730
1 nets are partially connected,
 of which 0 are detail routed and 1 are global routed.
3762 nets are fully connected,
 of which 51 are detail routed and 3698 are global routed.
Current Stage stats:
[End of Build All Nets] Elapsed real time: 0:00:00 
[End of Build All Nets] Elapsed cpu  time: sys=0:00:00 usr=0:00:00 total=0:00:00
[End of Build All Nets] Stage (MB): Used    2  Alloctr    3  Proc    0 
[End of Build All Nets] Total (MB): Used   31  Alloctr   35  Proc 5913 
Net length statistics: 
Net Count(Ignore Fully Rted) 399, Total Half Perimeter Wire Length (HPWL) 50590 microns
HPWL   0 ~   50 microns: Net Count      129	Total HPWL         3340 microns
HPWL  50 ~  100 microns: Net Count       64	Total HPWL         4740 microns
HPWL 100 ~  200 microns: Net Count      132	Total HPWL        18301 microns
HPWL 200 ~  300 microns: Net Count       33	Total HPWL         8088 microns
HPWL 300 ~  400 microns: Net Count       26	Total HPWL         9075 microns
HPWL 400 ~  500 microns: Net Count       11	Total HPWL         4880 microns
HPWL 500 ~  600 microns: Net Count        4	Total HPWL         2165 microns
HPWL 600 ~  700 microns: Net Count        0	Total HPWL            0 microns
HPWL 700 ~  800 microns: Net Count        0	Total HPWL            0 microns
HPWL 800 ~  900 microns: Net Count        0	Total HPWL            0 microns
HPWL 900 ~ 1000 microns: Net Count        0	Total HPWL            0 microns
HPWL     > 1000 microns: Net Count        0	Total HPWL            0 microns
Number of partitions: 1 (1 x 1)
Size of partitions: 85 gCells x 85 gCells
Average gCell capacity  2.18	 on layer (1)	 METAL1
Average gCell capacity  6.67	 on layer (2)	 METAL2
Average gCell capacity  8.98	 on layer (3)	 METAL3
Average gCell capacity  7.65	 on layer (4)	 METAL4
Average gCell capacity  8.25	 on layer (5)	 METAL5
Average gCell capacity  5.31	 on layer (6)	 METAL6
Average number of tracks per gCell 9.01	 on layer (1)	 METAL1
Average number of tracks per gCell 7.67	 on layer (2)	 METAL2
Average number of tracks per gCell 9.01	 on layer (3)	 METAL3
Average number of tracks per gCell 7.67	 on layer (4)	 METAL4
Average number of tracks per gCell 8.27	 on layer (5)	 METAL5
Average number of tracks per gCell 5.33	 on layer (6)	 METAL6
Number of gCells = 43350
Current Stage stats:
[End of Build Congestion Map] Elapsed real time: 0:00:00 
[End of Build Congestion Map] Elapsed cpu  time: sys=0:00:00 usr=0:00:00 total=0:00:00
[End of Build Congestion Map] Stage (MB): Used    1  Alloctr    1  Proc    0 
[End of Build Congestion Map] Total (MB): Used   32  Alloctr   36  Proc 5913 
Number of partitions: 1 (1 x 1)
Size of partitions: 85 gCells x 85 gCells
Current Stage stats:
[End of Add Nets Demand] Elapsed real time: 0:00:00 
[End of Add Nets Demand] Elapsed cpu  time: sys=0:00:00 usr=0:00:00 total=0:00:00
[End of Add Nets Demand] Stage (MB): Used    0  Alloctr    0  Proc    0 
[End of Add Nets Demand] Total (MB): Used   33  Alloctr   37  Proc 5913 
Number of user frozen nets = 0
Information: RC layer preference is turned on for this design. (ZRT-613)
Total stats:
[End of Build Data] Elapsed real time: 0:00:00 
[End of Build Data] Elapsed cpu  time: sys=0:00:00 usr=0:00:00 total=0:00:00
[End of Build Data] Stage (MB): Used    5  Alloctr    5  Proc    0 
[End of Build Data] Total (MB): Used   33  Alloctr   37  Proc 5913 
Number of partitions: 1 (1 x 1)
Size of partitions: 85 gCells x 85 gCells
Current Stage stats:
[End of Blocked Pin Detection] Elapsed real time: 0:00:00 
[End of Blocked Pin Detection] Elapsed cpu  time: sys=0:00:00 usr=0:00:00 total=0:00:00
[End of Blocked Pin Detection] Stage (MB): Used  176  Alloctr  176  Proc    0 
[End of Blocked Pin Detection] Total (MB): Used  209  Alloctr  213  Proc 5913 
Information: Using 8 threads for routing. (ZRT-444)
Information: Multiple gcell levels ON
Information: Buffer distance is estimated to be ~6372.0000um (1264 gCells)

Start GR phase 0
Number of partitions: 1 (1 x 1)
Size of partitions: 85 gCells x 85 gCells
[rtAllBotParts] Elapsed real time: 0:00:00 
[rtAllBotParts] Elapsed cpu  time: sys=0:00:00 usr=0:00:00 total=0:00:00
[rtTop] Elapsed real time: 0:00:00 
[rtTop] Elapsed cpu  time: sys=0:00:00 usr=0:00:00 total=0:00:00
Number of partitions: 1 (1 x 1)
Size of partitions: 85 gCells x 85 gCells
[updNetsDmd] Elapsed real time: 0:00:00 
[updNetsDmd] Elapsed cpu  time: sys=0:00:00 usr=0:00:00 total=0:00:00
Current Stage stats:
[End of Initial Routing] Elapsed real time: 0:00:00 
[End of Initial Routing] Elapsed cpu  time: sys=0:00:00 usr=0:00:00 total=0:00:00
[End of Initial Routing] Stage (MB): Used    0  Alloctr    0  Proc    0 
[End of Initial Routing] Total (MB): Used  209  Alloctr  213  Proc 5913 
Initial. Routing result:
Initial. Both Dirs: Dmd-Cap  =     0 Max = 0 GRCs =     0 (0.00%)
Initial. H routing: Dmd-Cap  =     0 Max = 0 (GRCs =  0) GRCs =     0 (0.00%)
Initial. V routing: Dmd-Cap  =     0 Max = 0 (GRCs =  0) GRCs =     0 (0.00%)
Initial. Both Dirs: Overflow =    20 Max = 2 GRCs =    36 (0.25%)
Initial. H routing: Overflow =     6 Max = 1 (GRCs = 12) GRCs =    12 (0.17%)
Initial. V routing: Overflow =    14 Max = 2 (GRCs =  2) GRCs =    24 (0.33%)
Initial. METAL1     Overflow =     6 Max = 1 (GRCs = 12) GRCs =    12 (0.17%)
Initial. METAL2     Overflow =    14 Max = 2 (GRCs =  2) GRCs =    24 (0.33%)
Initial. METAL3     Overflow =     0 Max = 0 (GRCs =  0) GRCs =     0 (0.00%)
Initial. METAL4     Overflow =     0 Max = 0 (GRCs =  0) GRCs =     0 (0.00%)
Initial. METAL5     Overflow =     0 Max = 0 (GRCs =  0) GRCs =     0 (0.00%)
Initial. METAL6     Overflow =     0 Max = 0 (GRCs =  0) GRCs =     0 (0.00%)

Initial. Total Wire Length = 198172.94
Initial. Layer METAL1 wire length = 3036.60
Initial. Layer METAL2 wire length = 50562.76
Initial. Layer METAL3 wire length = 93110.56
Initial. Layer METAL4 wire length = 45905.49
Initial. Layer METAL5 wire length = 5557.52
Initial. Layer METAL6 wire length = 0.00
Initial. Total Number of Contacts = 22791
Initial. Via via1 count = 11042
Initial. Via via2 count = 9629
Initial. Via via3 count = 2020
Initial. Via via4 count = 100
Initial. Via via5 count = 0
Initial. completed.

Start GR phase 1
Fri Sep 18 20:22:05 2026
Number of partitions: 1 (1 x 1)
Size of partitions: 85 gCells x 85 gCells
[rtAllParts] Elapsed real time: 0:00:00 
[rtAllParts] Elapsed cpu  time: sys=0:00:00 usr=0:00:00 total=0:00:00
Number of partitions: 1 (1 x 1)
Size of partitions: 85 gCells x 85 gCells
[updNetsDmd] Elapsed real time: 0:00:00 
[updNetsDmd] Elapsed cpu  time: sys=0:00:00 usr=0:00:00 total=0:00:00
Current Stage stats:
[End of Phase1 Routing] Elapsed real time: 0:00:00 
[End of Phase1 Routing] Elapsed cpu  time: sys=0:00:00 usr=0:00:00 total=0:00:00
[End of Phase1 Routing] Stage (MB): Used    0  Alloctr    0  Proc    0 
[End of Phase1 Routing] Total (MB): Used  209  Alloctr  213  Proc 5913 
phase1. Routing result:
phase1. Both Dirs: Dmd-Cap  =     0 Max = 0 GRCs =     0 (0.00%)
phase1. H routing: Dmd-Cap  =     0 Max = 0 (GRCs =  0) GRCs =     0 (0.00%)
phase1. V routing: Dmd-Cap  =     0 Max = 0 (GRCs =  0) GRCs =     0 (0.00%)
phase1. Both Dirs: Overflow =    18 Max = 2 GRCs =    32 (0.22%)
phase1. H routing: Overflow =     6 Max = 1 (GRCs = 12) GRCs =    12 (0.17%)
phase1. V routing: Overflow =    12 Max = 2 (GRCs =  2) GRCs =    20 (0.28%)
phase1. METAL1     Overflow =     6 Max = 1 (GRCs = 12) GRCs =    12 (0.17%)
phase1. METAL2     Overflow =    12 Max = 2 (GRCs =  2) GRCs =    20 (0.28%)
phase1. METAL3     Overflow =     0 Max = 0 (GRCs =  0) GRCs =     0 (0.00%)
phase1. METAL4     Overflow =     0 Max = 0 (GRCs =  0) GRCs =     0 (0.00%)
phase1. METAL5     Overflow =     0 Max = 0 (GRCs =  0) GRCs =     0 (0.00%)
phase1. METAL6     Overflow =     0 Max = 0 (GRCs =  0) GRCs =     0 (0.00%)

phase1. Total Wire Length = 198212.80
phase1. Layer METAL1 wire length = 3036.60
phase1. Layer METAL2 wire length = 50574.15
phase1. Layer METAL3 wire length = 93111.23
phase1. Layer METAL4 wire length = 45933.29
phase1. Layer METAL5 wire length = 5557.52
phase1. Layer METAL6 wire length = 0.00
phase1. Total Number of Contacts = 22793
phase1. Via via1 count = 11042
phase1. Via via2 count = 9627
phase1. Via via3 count = 2024
phase1. Via via4 count = 100
phase1. Via via5 count = 0
phase1. completed.

Start GR phase 2
Fri Sep 18 20:22:06 2026
Number of partitions: 1 (1 x 1)
Size of partitions: 85 gCells x 85 gCells
[rtAllParts] Elapsed real time: 0:00:00 
[rtAllParts] Elapsed cpu  time: sys=0:00:00 usr=0:00:00 total=0:00:00
Number of partitions: 1 (1 x 1)
Size of partitions: 85 gCells x 85 gCells
[updNetsDmd] Elapsed real time: 0:00:00 
[updNetsDmd] Elapsed cpu  time: sys=0:00:00 usr=0:00:00 total=0:00:00
Current Stage stats:
[End of Phase2 Routing] Elapsed real time: 0:00:00 
[End of Phase2 Routing] Elapsed cpu  time: sys=0:00:00 usr=0:00:00 total=0:00:00
[End of Phase2 Routing] Stage (MB): Used    0  Alloctr    0  Proc    0 
[End of Phase2 Routing] Total (MB): Used  209  Alloctr  213  Proc 5913 
phase2. Routing result:
phase2. Both Dirs: Dmd-Cap  =     0 Max = 0 GRCs =     0 (0.00%)
phase2. H routing: Dmd-Cap  =     0 Max = 0 (GRCs =  0) GRCs =     0 (0.00%)
phase2. V routing: Dmd-Cap  =     0 Max = 0 (GRCs =  0) GRCs =     0 (0.00%)
phase2. Both Dirs: Overflow =    18 Max = 2 GRCs =    31 (0.21%)
phase2. H routing: Overflow =     6 Max = 1 (GRCs = 12) GRCs =    12 (0.17%)
phase2. V routing: Overflow =    12 Max = 2 (GRCs =  2) GRCs =    19 (0.26%)
phase2. METAL1     Overflow =     6 Max = 1 (GRCs = 12) GRCs =    12 (0.17%)
phase2. METAL2     Overflow =    12 Max = 2 (GRCs =  2) GRCs =    19 (0.26%)
phase2. METAL3     Overflow =     0 Max = 0 (GRCs =  0) GRCs =     0 (0.00%)
phase2. METAL4     Overflow =     0 Max = 0 (GRCs =  0) GRCs =     0 (0.00%)
phase2. METAL5     Overflow =     0 Max = 0 (GRCs =  0) GRCs =     0 (0.00%)
phase2. METAL6     Overflow =     0 Max = 0 (GRCs =  0) GRCs =     0 (0.00%)

phase2. Total Wire Length = 198212.28
phase2. Layer METAL1 wire length = 3036.60
phase2. Layer METAL2 wire length = 50573.62
phase2. Layer METAL3 wire length = 93111.23
phase2. Layer METAL4 wire length = 45933.29
phase2. Layer METAL5 wire length = 5557.52
phase2. Layer METAL6 wire length = 0.00
phase2. Total Number of Contacts = 22794
phase2. Via via1 count = 11042
phase2. Via via2 count = 9628
phase2. Via via3 count = 2024
phase2. Via via4 count = 100
phase2. Via via5 count = 0
phase2. completed.

Start GR phase 3
Fri Sep 18 20:22:06 2026
Number of partitions: 1 (1 x 1)
Size of partitions: 85 gCells x 85 gCells
[rtAllParts] Elapsed real time: 0:00:00 
[rtAllParts] Elapsed cpu  time: sys=0:00:00 usr=0:00:00 total=0:00:00
Number of partitions: 1 (1 x 1)
Size of partitions: 85 gCells x 85 gCells
[updNetsDmd] Elapsed real time: 0:00:00 
[updNetsDmd] Elapsed cpu  time: sys=0:00:00 usr=0:00:00 total=0:00:00
Current Stage stats:
[End of Phase3 Routing] Elapsed real time: 0:00:00 
[End of Phase3 Routing] Elapsed cpu  time: sys=0:00:00 usr=0:00:00 total=0:00:00
[End of Phase3 Routing] Stage (MB): Used    0  Alloctr    0  Proc    0 
[End of Phase3 Routing] Total (MB): Used  209  Alloctr  213  Proc 5913 
phase3. Routing result:
phase3. Both Dirs: Dmd-Cap  =     0 Max = 0 GRCs =     0 (0.00%)
phase3. H routing: Dmd-Cap  =     0 Max = 0 (GRCs =  0) GRCs =     0 (0.00%)
phase3. V routing: Dmd-Cap  =     0 Max = 0 (GRCs =  0) GRCs =     0 (0.00%)
phase3. Both Dirs: Overflow =    18 Max = 2 GRCs =    31 (0.21%)
phase3. H routing: Overflow =     6 Max = 1 (GRCs = 12) GRCs =    12 (0.17%)
phase3. V routing: Overflow =    12 Max = 2 (GRCs =  2) GRCs =    19 (0.26%)
phase3. METAL1     Overflow =     6 Max = 1 (GRCs = 12) GRCs =    12 (0.17%)
phase3. METAL2     Overflow =    12 Max = 2 (GRCs =  2) GRCs =    19 (0.26%)
phase3. METAL3     Overflow =     0 Max = 0 (GRCs =  0) GRCs =     0 (0.00%)
phase3. METAL4     Overflow =     0 Max = 0 (GRCs =  0) GRCs =     0 (0.00%)
phase3. METAL5     Overflow =     0 Max = 0 (GRCs =  0) GRCs =     0 (0.00%)
phase3. METAL6     Overflow =     0 Max = 0 (GRCs =  0) GRCs =     0 (0.00%)

phase3. Total Wire Length = 198212.28
phase3. Layer METAL1 wire length = 3036.60
phase3. Layer METAL2 wire length = 50573.62
phase3. Layer METAL3 wire length = 93111.23
phase3. Layer METAL4 wire length = 45933.29
phase3. Layer METAL5 wire length = 5557.52
phase3. Layer METAL6 wire length = 0.00
phase3. Total Number of Contacts = 22794
phase3. Via via1 count = 11042
phase3. Via via2 count = 9628
phase3. Via via3 count = 2024
phase3. Via via4 count = 100
phase3. Via via5 count = 0
phase3. completed.
[End of Whole Chip Routing] Elapsed real time: 0:00:00 
[End of Whole Chip Routing] Elapsed cpu  time: sys=0:00:00 usr=0:00:00 total=0:00:01
[End of Whole Chip Routing] Stage (MB): Used  181  Alloctr  182  Proc    0 
[End of Whole Chip Routing] Total (MB): Used  209  Alloctr  213  Proc 5913 

Information: Global Routing didn't terminate early. (ZRT-103)

Congestion utilization per direction:
Average vertical track utilization   = 22.69 %
Peak    vertical track utilization   = 72.22 %
Average horizontal track utilization = 19.65 %
Peak    horizontal track utilization = 64.71 %

[End of Global Routing] Elapsed real time: 0:00:00 
[End of Global Routing] Elapsed cpu  time: sys=0:00:00 usr=0:00:00 total=0:00:01
[End of Global Routing] Stage (MB): Used  180  Alloctr  181  Proc    0 
[End of Global Routing] Total (MB): Used  208  Alloctr  212  Proc 5913 
Updating the database ...
Updating congestion ...
Information: Extraction observers are detached as design net change threshold is reached.
[End of dbOut] Elapsed real time: 0:00:00 
[End of dbOut] Elapsed cpu  time: sys=0:00:00 usr=0:00:00 total=0:00:00
[End of dbOut] Stage (MB): Used  -19  Alloctr  -20  Proc    0 
[End of dbOut] Total (MB): Used   36  Alloctr   39  Proc 5913 

Clock-opt Incremental Global-routing complete  CPU:   229 s (  0.06 hr )  ELAPSE:   119 s (  0.03 hr )  MEM-PEAK:  2147 MB
Information: The stitching and editing of coupling caps is turned OFF for design 'sar16_pnr_paper_core:sar_digi_paper_core.design'. (TIM-125)
Information: Design sar_digi_paper_core has 3781 nets, 3723 global routed, 56 detail routed. (NEX-024)
Information: build GR coup map successfully (NEX-012)
Information: The RC mode used is GR for design 'sar_digi_paper_core'. (NEX-022)
Information: Update timing completed net estimation for all the timing graph nets (TIM-111)
Information: Net estimation statistics: timing graph nets = 3779, routed nets = 3779, across physical hierarchy nets = 0, parasitics cached nets = 3779, delay annotated nets = 0, parasitics annotated nets = 0, multi-voltage nets = 0. (TIM-112)
Information: The netlist change observers are disabled for incremental extraction. (TIM-126)

INFO: place.legalize.enable_advanced_legalizer not set - need to revert CLO
INFO: First Clock-opt did not mark run with CLO enabled/disabled property
INFO: Concurrent Legalization and Optimization (CLO) Reverted
Information: Initializing classic cellmap without advanced rules enabled and without PDC enabled
Information: The following app options are used in cellmap
        place.legalize.enable_color_aware_placement : false
        place.legalize.use_nll_query_cm : false
        place.legalize.enable_advanced_legalizer : false
        place.legalize.enable_prerouted_net_check : true
        place.legalize.enable_advanced_prerouted_net_check : false
        place.legalize.always_continue : true
        place.legalize.limit_legality_checks : false
        place.common.pnet_aware_density : 1.0000
        place.common.pnet_aware_min_width : 0.0000
        place.common.pnet_aware_layers : {}
        place.common.use_placement_model : false
        place.common.enable_advanced_placement_model : true
        cts.placement.cell_spacing_rule_style : maximum
Total 0.0061 seconds to build cellmap data
INFO: creating 29(r) x 29(c) GridCells YDim 15.12 XDim 15.12
INFO: number of GridCells (sar_digi_paper_core): 841
INFO: creating 29(r) x 29(c) GridCells YDim 15.12 XDim 15.12
INFO: number of GridCells (sar_digi_paper_core): 841
Total 0.0278 seconds to load 3627 cell instances into cellmap
Moveable cells: 3567; Application fixed cells: 60; Macro cells: 0; User fixed cells: 0
0 out of 3734 data nets is detail routed, 62 out of 62 clock nets are detail routed and total 3796 nets have been analyzed
Only clock route nets/shapes. Estimated current stage is after clock detail route stage
Average cell width 5.6325, cell height 5.0400, cell area 28.3877 for total 3627 placed and application fixed cells
runtime_assert false
enhanced site row merge :  1
Key: unit, value: 0x9beddf68
Number of Site types in the design = 1
Setting up Chip Core
Chip Core shape: (0 0) (4296600 4284000)
Preroute opto area query mode: NDM
Using CLEO = true
Summary: is MV Ready (has MV info... UPF or derived)
Summary: design is not hierarchical
Voltage Area: id=0, index=0, name=DEFAULT_VA, is default, domain=DEFAULT_POWER_DOMAIN, scopeHier=, psn=VDD;
Number of VARs = 1
Number of unique PDs = 1
Number of Power Domains = 1
Number of Voltage Areas = 1
Number of supply Nets = 2
Number of used supplies = 0
Setup Voltages:
  Supply Net = VDD, voltages =  1.6200
  Supply Net = VSS, voltages = 
Hold Voltages:
  Supply Net = VDD, voltages =  1.6200
  Supply Net = VSS, voltages = 
Unique Voltages in Design:  1.6200
Default Voltage Area = DEFAULT_VA
Blocked VAs: 
Cell Min-Routing-Layer = METAL1
Cell Max-Routing-Layer = METAL6
Turn off antenna since no rule is specified
Information: Option route.detail.force_end_on_preferred_grid will be ignored since none of the layers have preferred grid. (ZRT-703)
Info: number of net_type_blockage: 0 
Information: Via ladder engine would be activated for pattern must join connection in certain commands. Please refer to man-page for the command list. (ZRT-619)
Warning: Port  VSS at {{165.660,427.305} {178.200,428.800}} is out of boundary. Cannot be routed. (ZRT-720)
Warning: Port  VDD at {{382.140,-0.400} {390.720,0.950}} is out of boundary. Cannot be routed. (ZRT-720)
Warning: Port  VSS at {{291.720,426.945} {294.360,428.800}} is out of boundary. Cannot be routed. (ZRT-720)
Warning: Port  VSS at {{306.240,427.825} {311.520,428.800}} is out of boundary. Cannot be routed. (ZRT-720)
Warning: Port  VDD at {{215.160,-0.400} {221.100,1.275}} is out of boundary. Cannot be routed. (ZRT-720)
Warning: Port  VDD at {{225.060,-0.400} {231.000,1.275}} is out of boundary. Cannot be routed. (ZRT-720)
Warning: Port  VSS at {{297.000,427.825} {299.640,428.800}} is out of boundary. Cannot be routed. (ZRT-720)
Warning: Port  VSS at {{300.960,427.825} {303.600,428.800}} is out of boundary. Cannot be routed. (ZRT-720)
Warning: Port  VDD at {{411.840,-0.400} {424.380,2.100}} is out of boundary. Cannot be routed. (ZRT-720)
Warning: Port  VDD at {{240.900,-0.400} {243.540,0.575}} is out of boundary. Cannot be routed. (ZRT-720)
Skipping 26 ectangle_only route guides because they don't cover the design boundary in the layer's  preferred direction.
Warning: Found AutoNdr rule _snps_autoNdr_power by name when the auto ndr flow is not enabled. (ZRT-828)
Information: When applicable Min-max layer allow_pin_connection mode will allow paths of length 6.70 outside the layer range. (ZRT-707)
Information: When applicable Min-max layer allow_pin_connection mode will allow paths of length 6.70 outside the layer range on clock nets. (ZRT-718)
Information: When applicable layer based tapering will taper up to 0.00 in distance from the pin. (ZRT-706)
Warning: Standard cell pin ADDFX2/B has no valid via regions. (ZRT-044)
Warning: Standard cell pin OAI22XL/Y has no valid via regions. (ZRT-044)
Warning: Standard cell pin NAND3XL/A has no valid via regions. (ZRT-044)
Warning: Standard cell pin AOI2BB1X2/B0 has no valid via regions. (ZRT-044)
Warning: Standard cell pin OAI31X1/Y has no valid via regions. (ZRT-044)
Warning: Standard cell pin OAI21XL/Y has no valid via regions. (ZRT-044)
Warning: Standard cell pin AOI21XL/Y has no valid via regions. (ZRT-044)
Warning: Standard cell pin AOI21X1/A0 has no valid via regions. (ZRT-044)
Warning: Standard cell pin AOI21X1/B0 has no valid via regions. (ZRT-044)
Warning: Standard cell pin AOI222X4/B1 has no valid via regions. (ZRT-044)
Warning: Standard cell pin ADDFXL/B has no valid via regions. (ZRT-044)
Warning: Standard cell pin NAND3X1/A has no valid via regions. (ZRT-044)
Warning: Standard cell pin INVX12/A has no valid via regions. (ZRT-044)
Warning: Standard cell pin NOR3XL/A has no valid via regions. (ZRT-044)
Warning: Standard cell pin NAND4X1/A has no valid via regions. (ZRT-044)
Warning: Standard cell pin CLKBUFXL/Y has no valid via regions. (ZRT-044)
Warning: Standard cell pin AOI222X1/Y has no valid via regions. (ZRT-044)
Warning: Standard cell pin NOR2BX2/Y has no valid via regions. (ZRT-044)
Warning: Standard cell pin AND2XL/Y has no valid via regions. (ZRT-044)
Warning: Standard cell pin AOI221X1/A1 has no valid via regions. (ZRT-044)
Warning: Standard cell pin AOI221X1/C0 has no valid via regions. (ZRT-044)
Warning: Standard cell pin AOI221X1/Y has no valid via regions. (ZRT-044)
Warning: Standard cell pin NAND2X2/B has no valid via regions. (ZRT-044)
Warning: Standard cell pin NAND2X2/Y has no valid via regions. (ZRT-044)
Warning: Standard cell pin AOI32XL/Y has no valid via regions. (ZRT-044)
Warning: Standard cell pin XNOR2X1/B has no valid via regions. (ZRT-044)
Warning: Standard cell pin BUFX2/Y has no valid via regions. (ZRT-044)
Warning: Standard cell pin TLATNXL/QN has no valid via regions. (ZRT-044)
Warning: Standard cell pin XNOR2X1/Y has no valid via regions. (ZRT-044)
Warning: Standard cell pin DFFSXL/Q has no valid via regions. (ZRT-044)
Warning: Standard cell pin NOR3BX1/AN has no valid via regions. (ZRT-044)
Warning: Standard cell pin NOR2X4/A has no valid via regions. (ZRT-044)
Warning: Standard cell pin NOR2X4/B has no valid via regions. (ZRT-044)
Warning: Standard cell pin NOR3BX2/AN has no valid via regions. (ZRT-044)
Warning: Standard cell pin NOR3BX2/B has no valid via regions. (ZRT-044)
Warning: Standard cell pin NOR3BX2/Y has no valid via regions. (ZRT-044)
Warning: Standard cell pin XOR2X1/B has no valid via regions. (ZRT-044)
Warning: Standard cell pin DLY3X1/Y has no valid via regions. (ZRT-044)
Warning: Standard cell pin XOR2X1/Y has no valid via regions. (ZRT-044)
Warning: Standard cell pin XOR2XL/B has no valid via regions. (ZRT-044)
Warning: Standard cell pin XOR2XL/Y has no valid via regions. (ZRT-044)
Warning: Standard cell pin OAI2BB1X2/Y has no valid via regions. (ZRT-044)
Warning: Standard cell pin DLY4X1/Y has no valid via regions. (ZRT-044)
Warning: Standard cell pin NAND4X2/A has no valid via regions. (ZRT-044)
Warning: Standard cell pin OAI2BB1X1/Y has no valid via regions. (ZRT-044)
Warning: Standard cell pin DLY2X1/Y has no valid via regions. (ZRT-044)
Warning: Standard cell pin NAND4X2/D has no valid via regions. (ZRT-044)
Warning: Standard cell pin NAND2XL/Y has no valid via regions. (ZRT-044)
Warning: Standard cell pin AOI22X2/A1 has no valid via regions. (ZRT-044)
Warning: Standard cell pin AOI22X2/Y has no valid via regions. (ZRT-044)
Warning: Standard cell pin XNOR2XL/B has no valid via regions. (ZRT-044)
Warning: Standard cell pin XNOR2XL/Y has no valid via regions. (ZRT-044)
Warning: Standard cell pin CMPR32X1/B has no valid via regions. (ZRT-044)
Warning: Standard cell pin AOI2BB1X1/Y has no valid via regions. (ZRT-044)
Warning: Standard cell pin ADDHXL/CO has no valid via regions. (ZRT-044)
Warning: Standard cell pin ADDFX1/B has no valid via regions. (ZRT-044)
Warning: Standard cell pin ADDHXL/S has no valid via regions. (ZRT-044)
Warning: Standard cell pin AND4X2/C has no valid via regions. (ZRT-044)
Warning: Standard cell pin OAI2BB1XL/Y has no valid via regions. (ZRT-044)
Warning: Standard cell pin AOI211XL/Y has no valid via regions. (ZRT-044)
Warning: Standard cell pin AOI2BB1XL/Y has no valid via regions. (ZRT-044)
Warning: Standard cell pin NOR4X1/B has no valid via regions. (ZRT-044)
Warning: Standard cell pin CMPR22X1/CO has no valid via regions. (ZRT-044)
Warning: Standard cell pin ADDFHX1/CI has no valid via regions. (ZRT-044)
Warning: Standard cell pin ADDFHX1/CO has no valid via regions. (ZRT-044)
Warning: Standard cell pin ADDFHX1/S has no valid via regions. (ZRT-044)
Warning: Standard cell pin NOR3X1/A has no valid via regions. (ZRT-044)
Warning: Standard cell pin AOI2BB2X1/B0 has no valid via regions. (ZRT-044)
Warning: Standard cell pin OAI31XL/A0 has no valid via regions. (ZRT-044)
Warning: Standard cell pin OAI31XL/Y has no valid via regions. (ZRT-044)
Warning: Standard cell pin AOI22XL/Y has no valid via regions. (ZRT-044)
Warning: Standard cell pin AOI31XL/Y has no valid via regions. (ZRT-044)
Warning: Standard cell pin DFFSX1/CK has no valid via regions. (ZRT-044)
Warning: Standard cell pin AOI211X1/B0 has no valid via regions. (ZRT-044)
Warning: Standard cell pin NAND4XL/B has no valid via regions. (ZRT-044)
Warning: Standard cell pin NAND4XL/C has no valid via regions. (ZRT-044)
Warning: Standard cell pin NAND4XL/D has no valid via regions. (ZRT-044)
Warning: Standard cell pin NOR4BXL/C has no valid via regions. (ZRT-044)
Warning: Standard cell pin NOR4BXL/D has no valid via regions. (ZRT-044)
Warning: Standard cell pin OAI22X1/Y has no valid via regions. (ZRT-044)
Warning: Standard cell pin AOI2BB2XL/Y has no valid via regions. (ZRT-044)
Warning: Standard cell pin NOR4BX1/C has no valid via regions. (ZRT-044)
Warning: Standard cell pin NOR4BX1/D has no valid via regions. (ZRT-044)
GR Routing Service: Started IMRD 
GR Routing Service: ndmAttrDef 'usr_tmng_crit' created with default value 0 
GR Routing Service: ndmAttrDef 'rted_by_minDly' created with default value 0 
GR Routing Service: ndmAttrDef 'port_subnet_crit_blkConn' created with default value 0 
GR Routing Service: ndmAttrDef 'port_subnet_crit_blkPort' created with default value 0 
Loading timing information to the router ...
Design  Scenario default (Mode default Corner default)
Timing information loaded to the router.
GR Routing Service: Setting costIdx to 3 
GR Routing Service: rebuildCongmap: itr = 3 
Number of partitions: 1 (1 x 1)
Size of partitions: 85 gCells x 85 gCells
Average gCell capacity  2.18	 on layer (1)	 METAL1
Average gCell capacity  6.67	 on layer (2)	 METAL2
Average gCell capacity  8.98	 on layer (3)	 METAL3
Average gCell capacity  7.65	 on layer (4)	 METAL4
Average gCell capacity  8.25	 on layer (5)	 METAL5
Average gCell capacity  5.31	 on layer (6)	 METAL6
Average number of tracks per gCell 9.01	 on layer (1)	 METAL1
Average number of tracks per gCell 7.67	 on layer (2)	 METAL2
Average number of tracks per gCell 9.01	 on layer (3)	 METAL3
Average number of tracks per gCell 7.67	 on layer (4)	 METAL4
Average number of tracks per gCell 8.27	 on layer (5)	 METAL5
Average number of tracks per gCell 5.33	 on layer (6)	 METAL6
Number of gCells = 43350
Number of partitions: 1 (1 x 1)
Size of partitions: 85 gCells x 85 gCells
[updNetsDmd] Elapsed real time: 0:00:00 
[updNetsDmd] Elapsed cpu  time: sys=0:00:00 usr=0:00:00 total=0:00:00
Created 8 thread routing service with costIdx = 3. (tbbMode 0)
GR Routing Service: Setting costIdx to 3 
rtapi Thread-server 7: startup 
rtapi Thread-server 1: startup 
rtapi Thread-server 2: startup 
rtapi Thread-server 5: startup 
rtapi Thread-server 0: startup 
rtapi Thread-server 4: startup 
rtapi Thread-server 3: startup 
rtapi Thread-server 6: startup 
Corner Scaling is off, multiplier is 1.000000
Information: Using default layer METAL4 (Current) (OPT-079)
new default layer same as orig default layer
Information: Using default layer METAL4 (Inferior) (OPT-079)
GR Routing Service: loadPermBufBlockages 

INFO: GRE flow is enabled.

Clock-opt optimization Phase 36 Iter  1         0.00        0.00      0.01         5     102962.06  3344905.75        3627              0.03      2147
Clock-opt optimization Phase 36 Iter  2         0.00        0.00      0.01         4     102962.06  3344905.75        3627              0.03      2147
Clock-opt optimization Phase 36 Iter  3         0.00        0.00      0.01         4     102962.06  3344905.75        3627              0.03      2147
Clock-opt optimization Phase 36 Iter  4         0.00        0.00      0.01         4     102962.06  3344905.75        3627              0.03      2147
Clock-opt optimization Phase 36 Iter  5         0.00        0.00      0.01         4     102962.06  3344905.75        3627              0.03      2147
Clock-opt optimization Phase 36 Iter  6         0.00        0.00      0.01         4     102962.06  3344905.75        3627              0.03      2147

Clock-opt optimization Phase 37 Iter  1         0.00        0.00      0.01         4     102962.06  3344905.75        3627              0.03      2147
Clock-opt optimization Phase 37 Iter  2         0.00        0.00      0.01         4     102962.06  3344905.75        3627              0.03      2147
Clock-opt optimization Phase 37 Iter  3         0.00        0.00      0.01         4     102962.06  3344905.75        3627              0.03      2147
Clock-opt optimization Phase 37 Iter  4         0.00        0.00      0.01         4     102962.06  3344905.75        3627              0.03      2147
Clock-opt optimization Phase 37 Iter  5         0.00        0.00      0.01         4     102962.06  3344905.75        3627              0.03      2147
Clock-opt optimization Phase 37 Iter  6         0.00        0.00      0.01         4     102962.06  3344905.75        3627              0.03      2147
Clock-opt optimization Phase 37 Iter  7         0.00        0.00      0.01         4     102962.06  3344905.75        3627              0.03      2147
Clock-opt optimization Phase 37 Iter  8         0.00        0.00      0.01         4     102962.06  3344905.75        3627              0.03      2147
Clock-opt optimization Phase 37 Iter  9         0.00        0.00      0.01         4     102962.06  3344905.75        3627              0.03      2147
Clock-opt optimization Phase 37 Iter 10         0.00        0.00      0.01         4     102962.06  3344905.75        3627              0.03      2147
Clock-opt optimization Phase 37 Iter 11         0.00        0.00      0.01         4     102962.06  3344905.75        3627              0.03      2147
Clock-opt optimization Phase 37 Iter 12         0.00        0.00      0.01         4     102962.06  3344905.75        3627              0.03      2147

INFO: New Levelizer turned on
Corner Scaling is off, multiplier is 1.000000
Information: Using default layer METAL4 (Current) (OPT-079)
new default layer same as orig default layer
Information: Using default layer METAL4 (Inferior) (OPT-079)
Information: Design Average RC for design sar_digi_paper_core  (NEX-011)
Information: r = 0.279046 ohm/um, via_r = 4.999999 ohm/cut, c = 0.480796 ff/um, cc = 0.000000 ff/um (X dir) (NEX-017)
Information: r = 0.240639 ohm/um, via_r = 5.000000 ohm/cut, c = 0.197734 ff/um, cc = 0.000000 ff/um (Y dir) (NEX-017)
Clock-opt optimization Phase 38 Iter  1         0.00        0.00      0.01         4     102962.06  3344905.75        3627              0.03      2147
Clock-opt optimization Phase 38 Iter  2         0.00        0.00      0.01         4     102962.06  3344905.75        3627              0.03      2147
Clock-opt optimization Phase 38 Iter  3         0.00        0.00      0.01         0     102988.67  3346731.25        3627              0.03      2147
Corner Scaling is off, multiplier is 1.000000
Information: Using default layer METAL4 (Current) (OPT-079)
new default layer same as orig default layer
Information: Using default layer METAL4 (Inferior) (OPT-079)
Information: Using default layer METAL4 (Current) (OPT-079)
new default layer same as orig default layer
Information: Using default layer METAL4 (Inferior) (OPT-079)
Information: Using default layer METAL4 (Current) (OPT-079)
new default layer same as orig default layer
Information: Using default layer METAL4 (Inferior) (OPT-079)
Information: Using default layer METAL4 (Current) (OPT-079)
new default layer same as orig default layer
Information: Using default layer METAL4 (Inferior) (OPT-079)
Information: Using default layer METAL4 (Current) (OPT-079)
new default layer same as orig default layer
Information: Using default layer METAL4 (Inferior) (OPT-079)
Information: Using default layer METAL4 (Current) (OPT-079)
new default layer same as orig default layer
Information: Using default layer METAL4 (Inferior) (OPT-079)
Information: Using default layer METAL4 (Current) (OPT-079)
new default layer same as orig default layer
Information: Using default layer METAL4 (Inferior) (OPT-079)
Information: Using default layer METAL4 (Current) (OPT-079)
new default layer same as orig default layer
Information: Using default layer METAL4 (Inferior) (OPT-079)
Information: Using default layer METAL4 (Current) (OPT-079)
new default layer same as orig default layer
Information: Using default layer METAL4 (Inferior) (OPT-079)
Clock-opt optimization summary            SETUP-COST    R2R-COST HOLD-COST LDRC-COST          AREA     LEAKAGE     INSTCNT            ELAPSE       MEM
Clock-opt optimization Phase 38 Iter  4         0.00        0.00      0.01         0     102988.67  3346731.25        3627              0.03      2147
Corner Scaling is off, multiplier is 1.000000
Information: Using default layer METAL4 (Current) (OPT-079)
new default layer same as orig default layer
Information: Using default layer METAL4 (Inferior) (OPT-079)
Information: Using default layer METAL4 (Current) (OPT-079)
new default layer same as orig default layer
Information: Using default layer METAL4 (Inferior) (OPT-079)
Information: Using default layer METAL4 (Current) (OPT-079)
new default layer same as orig default layer
Information: Using default layer METAL4 (Inferior) (OPT-079)
Information: Using default layer METAL4 (Current) (OPT-079)
new default layer same as orig default layer
Information: Using default layer METAL4 (Inferior) (OPT-079)
Information: Using default layer METAL4 (Current) (OPT-079)
new default layer same as orig default layer
Information: Using default layer METAL4 (Inferior) (OPT-079)
Information: Using default layer METAL4 (Current) (OPT-079)
new default layer same as orig default layer
Information: Using default layer METAL4 (Inferior) (OPT-079)
Information: Using default layer METAL4 (Current) (OPT-079)
new default layer same as orig default layer
Information: Using default layer METAL4 (Inferior) (OPT-079)
Information: Using default layer METAL4 (Current) (OPT-079)
new default layer same as orig default layer
Information: Using default layer METAL4 (Inferior) (OPT-079)
Information: Using default layer METAL4 (Current) (OPT-079)
new default layer same as orig default layer
Information: Using default layer METAL4 (Inferior) (OPT-079)
Clock-opt optimization Phase 38 Iter  5         0.00        0.00      0.01         0     102988.67  3346731.25        3627              0.03      2147
Clock-opt optimization Phase 38 Iter  6         0.00        0.00      0.01         0     102988.67  3346731.25        3627              0.03      2147

Clock-opt optimization Phase 39 Iter  1         0.00        0.00      0.01         0     102988.67  3346731.25        3628              0.03      2147
Warning: Design includes unreasonable large hold violation(s). (OPT-209)
Clock-opt optimization Phase 39 Iter  2         0.00        0.00      0.01         0     102988.67  3346731.25        3628              0.03      2147
Warning: Design includes unreasonable large hold violation(s). (OPT-209)


Clock-opt route preserve complete         CPU:   234 s (  0.07 hr )  ELAPSE:   120 s (  0.03 hr )  MEM-PEAK:  2147 MB

Information: Ending   clock_opt / final_opto (FLW-8001)
Information: Time: 2026-09-18 20:22:08 / Session:  00:02:00 / Command:  00:00:43 / CPU:  00:01:55 / Memory: 2147 MB (FLW-8100)


Clock-opt optimization complete                 0.00        0.00      0.01         0     102988.67  3346731.25        3628              0.03      2147
INFO: Sending timing info to router
Information: The netlist change observers are enabled for incremental extraction. (TIM-127)
nplDplc2Placer::setParam(effort,1)
nplDplc2Placer::setParam(debug,0)
nplDplc2Placer::setParam(site_check,2)
nplDplc2Placer::setParam(app_firm_wgt,0)
Warning: Routing direction of metal layer POLY1 is neither "horizontal" nor "vertical".  PDC checks will not be performed on this layer. (PDC-003)
PDC app_options settings =========
	place.legalize.enable_prerouted_net_check: 1
	place.legalize.num_tracks_for_access_check: 1
	place.legalize.use_eol_spacing_for_access_check: 0
	place.legalize.allow_touch_track_for_access_check: 1
	place.legalize.reduce_conservatism_in_eol_check: 0
	place.legalize.preroute_shape_merge_distance: 0.0
	place.legalize.enable_non_preferred_direction_span_check: 0

Layer METAL1: cached 0 shapes out of 3835 total shapes.
Layer METAL2: cached 34 shapes out of 7696 total shapes.
Cached 1462 vias out of 27558 total vias.

Legalizing Top Level Design sar_digi_paper_core ... 
Information: Initializing classic cellmap without advanced rules enabled and without PDC enabled
Information: The following app options are used in cellmap
        place.legalize.enable_color_aware_placement : false
        place.legalize.use_nll_query_cm : false
        place.legalize.enable_advanced_legalizer : false
        place.legalize.enable_prerouted_net_check : true
        place.legalize.enable_advanced_prerouted_net_check : false
        place.legalize.always_continue : true
        place.legalize.limit_legality_checks : false
        place.common.pnet_aware_density : 1.0000
        place.common.pnet_aware_min_width : 0.0000
        place.common.pnet_aware_layers : {}
        place.common.use_placement_model : false
        place.common.enable_advanced_placement_model : true
        cts.placement.cell_spacing_rule_style : maximum
Total 0.0067 seconds to build cellmap data
Information: Creating classic rule checker.
Warning: Routing direction of metal layer POLY1 is neither "horizontal" nor "vertical".  PDC checks will not be performed on this layer. (PDC-003)
=====> Processed 120 ref cells (0 fillers) from library

Bounds/Regions In This Design:
        Area    Num Cells  Exclusive Name
 (square um)
      184066         3628        Yes DEFAULT_VA

Starting legalizer.
Warning: Exclusive bound 'DEFAULT' has no cells.
Optimizing Exclusive Bound 'DEFAULT_VA' (2/2)
    Done Exclusive Bound 'DEFAULT_VA' (2/2) (0 sec)
Legalization complete (0 total sec)

****************************************
  Report : Placement Attempts
  Site   : unit
****************************************

number of cells:                   3628
number of references:               120
number of site rows:                 85
number of locations attempted:    72212
number of locations failed:        6028  (8.3%)

Legality of references at locations:
75 references had failures.

Worst 10 references by total failures:
 CELLS       UNFLIPPED                       FLIPPED                REFERENCE NAME
         ATTEMPTS  FAILURES            ATTEMPTS  FAILURES           
   315       4309       524 ( 12.2%)       2372       279 ( 11.8%)  NAND2XL
   169       2622       449 ( 17.1%)       1382       246 ( 17.8%)  OAI21XL
   215       3281       402 ( 12.3%)        794       140 ( 17.6%)  DFFSX1
    79       1124       251 ( 22.3%)        904       200 ( 22.1%)  CLKBUFX2
   109       1685       310 ( 18.4%)        535        91 ( 17.0%)  AOI22XL
    78       1200       171 ( 14.2%)        727       117 ( 16.1%)  AOI22X1
    73       1160       180 ( 15.5%)        520       104 ( 20.0%)  AOI21X1
    23        368       109 ( 29.6%)        240        82 ( 34.2%)  OAI211XL
    26        432       120 ( 27.8%)        216        68 ( 31.5%)  OAI21X1
    61        942       116 ( 12.3%)        606        69 ( 11.4%)  AOI21XL

Worst 10 references by failure rate:
 CELLS       UNFLIPPED                       FLIPPED                REFERENCE NAME
         ATTEMPTS  FAILURES            ATTEMPTS  FAILURES           
     1         16         8 ( 50.0%)          0         0 (  0.0%)  DFFSX4
     6        104        45 ( 43.3%)         48        20 ( 41.7%)  OAI211X1
    15        233        79 ( 33.9%)        112        30 ( 26.8%)  CMPR32X1
    23        368       109 ( 29.6%)        240        82 ( 34.2%)  OAI211XL
     2         32        10 ( 31.2%)         32        10 ( 31.2%)  AOI2BB1X1
     1         16         5 ( 31.2%)          0         0 (  0.0%)  OAI2BB1X2
     1         16         3 ( 18.8%)         16         7 ( 43.8%)  ADDHXL
     7        112        36 ( 32.1%)         48        12 ( 25.0%)  ADDFX1
    26        432       120 ( 27.8%)        216        68 ( 31.5%)  OAI21X1
     9        144        38 ( 26.4%)         80        20 ( 25.0%)  OAI22X2

Legality of references in rows:
0 references had row failures.

****************************************
  Report : Cell Displacements
****************************************

number of cells aggregated:        3568 (30621 total sites)
avg row height over cells:        5.040 um
rms cell displacement:            0.034 um ( 0.01 row height)
rms weighted cell displacement:   0.034 um ( 0.01 row height)
max cell displacement:            2.640 um ( 0.52 row height)
avg cell displacement:            0.001 um ( 0.00 row height)
avg weighted cell displacement:   0.001 um ( 0.00 row height)
number of cells moved:                2
number of large displacements:        0
large displacement threshold:     3.000 row height

Displacements of worst 10 cells:
Cell: u_calib_ctrl/copt_gre_mt_inst_2349 (BUFXL)
  Input location: (83.16,398.16)
  Legal location: (80.52,398.16)
  Displacement:   2.640 um ( 0.52 row height)
Cell: u_calib_ctrl/shadow_weights_reg[6][6] (DFFSXL)
  Input location: (82.5,398.16)
  Legal location: (83.16,398.16)
  Displacement:   0.660 um ( 0.13 row height)
Cell: u_calib_ctrl/U1582 (ADDFX2)
  Input location: (371.58,277.2)
  Legal location: (371.58,277.2)
  Displacement:   0.000 um ( 0.00 row height)
Cell: u_calib_ctrl/U1805 (ADDFX1)
  Input location: (391.38,181.44)
  Legal location: (391.38,181.44)
  Displacement:   0.000 um ( 0.00 row height)
Cell: u_calib_ctrl/U1771 (ADDFX1)
  Input location: (388.74,176.4)
  Legal location: (388.74,176.4)
  Displacement:   0.000 um ( 0.00 row height)
Cell: u_calib_ctrl/U1532 (ADDFXL)
  Input location: (377.52,332.64)
  Legal location: (377.52,332.64)
  Displacement:   0.000 um ( 0.00 row height)
Cell: u_calib_ctrl/U1694 (ADDFX1)
  Input location: (397.98,201.6)
  Legal location: (397.98,201.6)
  Displacement:   0.000 um ( 0.00 row height)
Cell: u_calib_ctrl/U1627 (ADDFX1)
  Input location: (385.44,221.76)
  Legal location: (385.44,221.76)
  Displacement:   0.000 um ( 0.00 row height)
Cell: u_calib_ctrl/U1598 (ADDFX1)
  Input location: (390.06,231.84)
  Legal location: (390.06,231.84)
  Displacement:   0.000 um ( 0.00 row height)
Cell: u_calib_ctrl/U1585 (ADDFX1)
  Input location: (396,257.04)
  Legal location: (396,257.04)
  Displacement:   0.000 um ( 0.00 row height)

Legalization succeeded.
Total Legalizer CPU: 0.470
Total Legalizer Wall Time: 0.486
----------------------------------------------------------------

Clock-opt legalization complete           CPU:   235 s (  0.07 hr )  ELAPSE:   121 s (  0.03 hr )  MEM-PEAK:  2147 MB
rtapi Thread-server 3: shutdown 
rtapi Thread-server 6: shutdown 
rtapi Thread-server 4: shutdown 
rtapi Thread-server 7: shutdown 
rtapi Thread-server 1: shutdown 
rtapi Thread-server 5: shutdown 
rtapi Thread-server 2: shutdown 
rtapi Thread-server 0: shutdown 

No. startProblems      =     5 

No. doRoutes           =     0 
No. doUnroutes         =     0 
No. redoRoutes         =     0 
No. redoUnroutes       =     0 
No. undoRoutes         =     0 
No. undoUnroutes       =     0 
No. commitRoutes       =     0 
No. commitUnroutes     =     0 
No. uncommitRoutes     =     0 
No. uncommitUnroutes   =     0 
No. doRoute fails      =     0 
No. doUnroute fails    =     0 

No. viaLadderQueries   =     0 
No. doDelVias          =     0 
No. doAddVias          =     0 
No. redoDelVias        =     0 
No. redoAddVias        =     0 
No. undoDelVias        =     0 
No. undoAddVias        =     0 
No. commitChangeVias   =     0 
No. uncommitChangeVias =     0 
No. doDelVias fails    =     0 
No. doAddVias fails    =     0 

Updating congestion ...
Updating congestion ...
GR Routing Service: Wrote GR congmap to NDM 
Information: The netlist change observers are disabled for incremental extraction. (TIM-126)
Information: The netlist change observers are enabled for incremental extraction. (TIM-127)
INFO: Running refresh_via_ladders
Information: Forcing rerun of global router after global_route_opt due to app option route.global.force_rerun_after_global_route_opt being set. (ZRT-608)
Warning: Please run the command "check_routability" before running Zroute commands. (ZRT-762)
Information: The net parasitics of block sar_digi_paper_core are cleared. (TIM-123)
No cell change area manager for zroute
Start Global Route ... 
[Init] Elapsed real time: 0:00:00 
[Init] Elapsed cpu  time: sys=0:00:00 usr=0:00:00 total=0:00:00
[Init] Stage (MB): Used    0  Alloctr    0  Proc    0 
[Init] Total (MB): Used    7  Alloctr    8  Proc 5881 
Printing options for 'route.common.*'
common.crosstalk_driven                                 :	 false               
common.verbose_level                                    :	 0                   

Printing options for 'route.global.*'
global.crosstalk_driven                                 :	 false               
global.force_rerun_after_global_route_opt               :	 true                
global.timing_driven                                    :	 false               

Begin global routing.
Cell Min-Routing-Layer = METAL1
Cell Max-Routing-Layer = METAL6
Turn off antenna since no rule is specified
Information: Option route.detail.force_end_on_preferred_grid will be ignored since none of the layers have preferred grid. (ZRT-703)
Info: number of net_type_blockage: 0 
Information: Via ladder engine would be activated for pattern must join connection in certain commands. Please refer to man-page for the command list. (ZRT-619)
Warning: Port  VSS at {{165.660,427.305} {178.200,428.800}} is out of boundary. Cannot be routed. (ZRT-720)
Warning: Port  VDD at {{382.140,-0.400} {390.720,0.950}} is out of boundary. Cannot be routed. (ZRT-720)
Warning: Port  VSS at {{291.720,426.945} {294.360,428.800}} is out of boundary. Cannot be routed. (ZRT-720)
Warning: Port  VSS at {{306.240,427.825} {311.520,428.800}} is out of boundary. Cannot be routed. (ZRT-720)
Warning: Port  VDD at {{215.160,-0.400} {221.100,1.275}} is out of boundary. Cannot be routed. (ZRT-720)
Warning: Port  VDD at {{225.060,-0.400} {231.000,1.275}} is out of boundary. Cannot be routed. (ZRT-720)
Warning: Port  VSS at {{297.000,427.825} {299.640,428.800}} is out of boundary. Cannot be routed. (ZRT-720)
Warning: Port  VSS at {{300.960,427.825} {303.600,428.800}} is out of boundary. Cannot be routed. (ZRT-720)
Warning: Port  VDD at {{411.840,-0.400} {424.380,2.100}} is out of boundary. Cannot be routed. (ZRT-720)
Warning: Port  VDD at {{240.900,-0.400} {243.540,0.575}} is out of boundary. Cannot be routed. (ZRT-720)
Skipping 26 ectangle_only route guides because they don't cover the design boundary in the layer's  preferred direction.
Warning: Found AutoNdr rule _snps_autoNdr_power by name when the auto ndr flow is not enabled. (ZRT-828)
Information: When applicable Min-max layer allow_pin_connection mode will allow paths of length 6.70 outside the layer range. (ZRT-707)
Information: When applicable Min-max layer allow_pin_connection mode will allow paths of length 6.70 outside the layer range on clock nets. (ZRT-718)
Information: When applicable layer based tapering will taper up to 0.00 in distance from the pin. (ZRT-706)
Warning: Standard cell pin DFFSX1/CK has no valid via regions. (ZRT-044)
Warning: Standard cell pin AOI222X4/B1 has no valid via regions. (ZRT-044)
Warning: Standard cell pin AOI2BB2XL/Y has no valid via regions. (ZRT-044)
Warning: Standard cell pin AOI222X1/Y has no valid via regions. (ZRT-044)
Warning: Standard cell pin AOI31XL/Y has no valid via regions. (ZRT-044)
Warning: Standard cell pin NOR4BXL/C has no valid via regions. (ZRT-044)
Warning: Standard cell pin NOR4BXL/D has no valid via regions. (ZRT-044)
Warning: Standard cell pin AOI221X1/A1 has no valid via regions. (ZRT-044)
Warning: Standard cell pin AOI221X1/C0 has no valid via regions. (ZRT-044)
Warning: Standard cell pin AOI221X1/Y has no valid via regions. (ZRT-044)
Warning: Standard cell pin NAND4XL/B has no valid via regions. (ZRT-044)
Warning: Standard cell pin NAND4XL/C has no valid via regions. (ZRT-044)
Warning: Standard cell pin NAND4XL/D has no valid via regions. (ZRT-044)
Warning: Standard cell pin AOI32XL/Y has no valid via regions. (ZRT-044)
Warning: Standard cell pin DFFSXL/Q has no valid via regions. (ZRT-044)
Warning: Standard cell pin OAI2BB1X2/Y has no valid via regions. (ZRT-044)
Warning: Standard cell pin AOI22XL/Y has no valid via regions. (ZRT-044)
Warning: Standard cell pin ADDFX1/B has no valid via regions. (ZRT-044)
Warning: Standard cell pin DLY3X1/Y has no valid via regions. (ZRT-044)
Warning: Standard cell pin AOI211XL/Y has no valid via regions. (ZRT-044)
Warning: Standard cell pin DLY4X1/Y has no valid via regions. (ZRT-044)
Warning: Standard cell pin NAND4X2/A has no valid via regions. (ZRT-044)
Warning: Standard cell pin CLKBUFXL/Y has no valid via regions. (ZRT-044)
Warning: Standard cell pin NAND4X2/D has no valid via regions. (ZRT-044)
Warning: Standard cell pin AOI21X1/A0 has no valid via regions. (ZRT-044)
Warning: Standard cell pin NAND3X1/A has no valid via regions. (ZRT-044)
Warning: Standard cell pin AOI21X1/B0 has no valid via regions. (ZRT-044)
Warning: Standard cell pin NOR4X1/B has no valid via regions. (ZRT-044)
Warning: Standard cell pin NAND2X2/B has no valid via regions. (ZRT-044)
Warning: Standard cell pin NAND2X2/Y has no valid via regions. (ZRT-044)
Warning: Standard cell pin AOI2BB1X2/B0 has no valid via regions. (ZRT-044)
Warning: Standard cell pin AND4X2/C has no valid via regions. (ZRT-044)
Warning: Standard cell pin AOI22X2/A1 has no valid via regions. (ZRT-044)
Warning: Standard cell pin BUFX2/Y has no valid via regions. (ZRT-044)
Warning: Standard cell pin NOR2BX2/Y has no valid via regions. (ZRT-044)
Warning: Standard cell pin OAI2BB1XL/Y has no valid via regions. (ZRT-044)
Warning: Standard cell pin AOI22X2/Y has no valid via regions. (ZRT-044)
Warning: Standard cell pin NOR3X1/A has no valid via regions. (ZRT-044)
Warning: Standard cell pin NAND3XL/A has no valid via regions. (ZRT-044)
Warning: Standard cell pin NOR2X4/A has no valid via regions. (ZRT-044)
Warning: Standard cell pin ADDFHX1/CI has no valid via regions. (ZRT-044)
Warning: Standard cell pin NOR2X4/B has no valid via regions. (ZRT-044)
Warning: Standard cell pin ADDFHX1/CO has no valid via regions. (ZRT-044)
Warning: Standard cell pin NOR3BX1/AN has no valid via regions. (ZRT-044)
Warning: Standard cell pin ADDFHX1/S has no valid via regions. (ZRT-044)
Warning: Standard cell pin INVX12/A has no valid via regions. (ZRT-044)
Warning: Standard cell pin AOI2BB1X1/Y has no valid via regions. (ZRT-044)
Warning: Standard cell pin XNOR2X1/B has no valid via regions. (ZRT-044)
Warning: Standard cell pin XNOR2X1/Y has no valid via regions. (ZRT-044)
Warning: Standard cell pin CMPR32X1/B has no valid via regions. (ZRT-044)
Warning: Standard cell pin CMPR22X1/CO has no valid via regions. (ZRT-044)
Warning: Standard cell pin NOR3XL/A has no valid via regions. (ZRT-044)
Warning: Standard cell pin OAI31XL/A0 has no valid via regions. (ZRT-044)
Warning: Standard cell pin AOI2BB1XL/Y has no valid via regions. (ZRT-044)
Warning: Standard cell pin OAI31XL/Y has no valid via regions. (ZRT-044)
Warning: Standard cell pin AND2XL/Y has no valid via regions. (ZRT-044)
Warning: Standard cell pin OAI2BB1X1/Y has no valid via regions. (ZRT-044)
Warning: Standard cell pin AOI2BB2X1/B0 has no valid via regions. (ZRT-044)
Warning: Standard cell pin NAND2XL/Y has no valid via regions. (ZRT-044)
Warning: Standard cell pin AOI21XL/Y has no valid via regions. (ZRT-044)
Warning: Standard cell pin OAI22X1/Y has no valid via regions. (ZRT-044)
Warning: Standard cell pin OAI31X1/Y has no valid via regions. (ZRT-044)
Warning: Standard cell pin XOR2X1/B has no valid via regions. (ZRT-044)
Warning: Standard cell pin ADDHXL/CO has no valid via regions. (ZRT-044)
Warning: Standard cell pin XOR2X1/Y has no valid via regions. (ZRT-044)
Warning: Standard cell pin ADDHXL/S has no valid via regions. (ZRT-044)
Warning: Standard cell pin XNOR2XL/B has no valid via regions. (ZRT-044)
Warning: Standard cell pin XNOR2XL/Y has no valid via regions. (ZRT-044)
Warning: Standard cell pin OAI21XL/Y has no valid via regions. (ZRT-044)
Warning: Standard cell pin XOR2XL/B has no valid via regions. (ZRT-044)
Warning: Standard cell pin XOR2XL/Y has no valid via regions. (ZRT-044)
Warning: Standard cell pin NAND4X1/A has no valid via regions. (ZRT-044)
Warning: Standard cell pin NOR3BX2/AN has no valid via regions. (ZRT-044)
Warning: Standard cell pin NOR3BX2/B has no valid via regions. (ZRT-044)
Warning: Standard cell pin NOR4BX1/C has no valid via regions. (ZRT-044)
Warning: Standard cell pin NOR3BX2/Y has no valid via regions. (ZRT-044)
Warning: Standard cell pin NOR4BX1/D has no valid via regions. (ZRT-044)
Warning: Standard cell pin DLY2X1/Y has no valid via regions. (ZRT-044)
Warning: Standard cell pin OAI22XL/Y has no valid via regions. (ZRT-044)
Warning: Standard cell pin TLATNXL/QN has no valid via regions. (ZRT-044)
Warning: Standard cell pin ADDFX2/B has no valid via regions. (ZRT-044)
Warning: Standard cell pin ADDFXL/B has no valid via regions. (ZRT-044)
Warning: Standard cell pin AOI211X1/B0 has no valid via regions. (ZRT-044)
Current Stage stats:
[End of Read DB] Elapsed real time: 0:00:00 
[End of Read DB] Elapsed cpu  time: sys=0:00:00 usr=0:00:00 total=0:00:00
[End of Read DB] Stage (MB): Used   20  Alloctr   20  Proc  -32 
[End of Read DB] Total (MB): Used   27  Alloctr   29  Proc 5849 
Loading parastics information to the router ...
parastics information loaded to the router.
[End of Loading Timing] Elapsed real time: 0:00:00 
[End of Loading Timing] Elapsed cpu  time: sys=0:00:00 usr=0:00:00 total=0:00:00
Constructing data structure ...
Design statistics:
Design Bounding Box (0.00um,0.00um,429.66um,428.40um)
Number of routing layers = 6
layer METAL1, dir Hor, min width = 0.23um, min space = 0.23um pitch = 0.56um
layer METAL2, dir Ver, min width = 0.28um, min space = 0.28um pitch = 0.66um
layer METAL3, dir Hor, min width = 0.28um, min space = 0.28um pitch = 0.56um
layer METAL4, dir Ver, min width = 0.28um, min space = 0.28um pitch = 0.66um
layer METAL5, dir Hor, min width = 0.28um, min space = 0.28um pitch = 0.61um
layer METAL6, dir Ver, min width = 0.44um, min space = 0.46um pitch = 0.95um
Current Stage stats:
[End of Build Tech Data] Elapsed real time: 0:00:00 
[End of Build Tech Data] Elapsed cpu  time: sys=0:00:00 usr=0:00:00 total=0:00:00
[End of Build Tech Data] Stage (MB): Used    1  Alloctr    0  Proc    0 
[End of Build Tech Data] Total (MB): Used   28  Alloctr   29  Proc 5849 
Net statistics:
Total number of nets     = 3782
Number of nets to route  = 3732
3781 nets are fully connected,
 of which 50 are detail routed and 3717 are global routed.
Current Stage stats:
[End of Build All Nets] Elapsed real time: 0:00:00 
[End of Build All Nets] Elapsed cpu  time: sys=0:00:00 usr=0:00:00 total=0:00:00
[End of Build All Nets] Stage (MB): Used    2  Alloctr    3  Proc    0 
[End of Build All Nets] Total (MB): Used   31  Alloctr   33  Proc 5849 
Net length statistics: 
Net Count(Ignore Fully Rted) 18, Total Half Perimeter Wire Length (HPWL) 2578 microns
HPWL   0 ~   50 microns: Net Count        8	Total HPWL          189 microns
HPWL  50 ~  100 microns: Net Count        1	Total HPWL           54 microns
HPWL 100 ~  200 microns: Net Count        4	Total HPWL          604 microns
HPWL 200 ~  300 microns: Net Count        1	Total HPWL          250 microns
HPWL 300 ~  400 microns: Net Count        3	Total HPWL         1015 microns
HPWL 400 ~  500 microns: Net Count        1	Total HPWL          465 microns
HPWL 500 ~  600 microns: Net Count        0	Total HPWL            0 microns
HPWL 600 ~  700 microns: Net Count        0	Total HPWL            0 microns
HPWL 700 ~  800 microns: Net Count        0	Total HPWL            0 microns
HPWL 800 ~  900 microns: Net Count        0	Total HPWL            0 microns
HPWL 900 ~ 1000 microns: Net Count        0	Total HPWL            0 microns
HPWL     > 1000 microns: Net Count        0	Total HPWL            0 microns
Number of partitions: 1 (1 x 1)
Size of partitions: 85 gCells x 85 gCells
Average gCell capacity  2.18	 on layer (1)	 METAL1
Average gCell capacity  6.67	 on layer (2)	 METAL2
Average gCell capacity  8.98	 on layer (3)	 METAL3
Average gCell capacity  7.65	 on layer (4)	 METAL4
Average gCell capacity  8.25	 on layer (5)	 METAL5
Average gCell capacity  5.31	 on layer (6)	 METAL6
Average number of tracks per gCell 9.01	 on layer (1)	 METAL1
Average number of tracks per gCell 7.67	 on layer (2)	 METAL2
Average number of tracks per gCell 9.01	 on layer (3)	 METAL3
Average number of tracks per gCell 7.67	 on layer (4)	 METAL4
Average number of tracks per gCell 8.27	 on layer (5)	 METAL5
Average number of tracks per gCell 5.33	 on layer (6)	 METAL6
Number of gCells = 43350
Current Stage stats:
[End of Build Congestion Map] Elapsed real time: 0:00:00 
[End of Build Congestion Map] Elapsed cpu  time: sys=0:00:00 usr=0:00:00 total=0:00:00
[End of Build Congestion Map] Stage (MB): Used    1  Alloctr    1  Proc    0 
[End of Build Congestion Map] Total (MB): Used   32  Alloctr   34  Proc 5849 
Number of partitions: 1 (1 x 1)
Size of partitions: 85 gCells x 85 gCells
Current Stage stats:
[End of Add Nets Demand] Elapsed real time: 0:00:00 
[End of Add Nets Demand] Elapsed cpu  time: sys=0:00:00 usr=0:00:00 total=0:00:00
[End of Add Nets Demand] Stage (MB): Used    0  Alloctr    0  Proc    0 
[End of Add Nets Demand] Total (MB): Used   33  Alloctr   35  Proc 5849 
Number of user frozen nets = 0
Information: RC layer preference is turned on for this design. (ZRT-613)
Total stats:
[End of Build Data] Elapsed real time: 0:00:00 
[End of Build Data] Elapsed cpu  time: sys=0:00:00 usr=0:00:00 total=0:00:00
[End of Build Data] Stage (MB): Used    5  Alloctr    6  Proc    0 
[End of Build Data] Total (MB): Used   33  Alloctr   35  Proc 5849 
Number of partitions: 1 (1 x 1)
Size of partitions: 85 gCells x 85 gCells
Current Stage stats:
[End of Blocked Pin Detection] Elapsed real time: 0:00:00 
[End of Blocked Pin Detection] Elapsed cpu  time: sys=0:00:00 usr=0:00:00 total=0:00:00
[End of Blocked Pin Detection] Stage (MB): Used  176  Alloctr  176  Proc    0 
[End of Blocked Pin Detection] Total (MB): Used  209  Alloctr  211  Proc 5849 
Information: Using 8 threads for routing. (ZRT-444)
Information: Multiple gcell levels ON
Information: Buffer distance is estimated to be ~6372.0000um (1264 gCells)

Start GR phase 0
Number of partitions: 1 (1 x 1)
Size of partitions: 85 gCells x 85 gCells
[rtAllBotParts] Elapsed real time: 0:00:00 
[rtAllBotParts] Elapsed cpu  time: sys=0:00:00 usr=0:00:00 total=0:00:00
[rtTop] Elapsed real time: 0:00:00 
[rtTop] Elapsed cpu  time: sys=0:00:00 usr=0:00:00 total=0:00:00
Number of partitions: 1 (1 x 1)
Size of partitions: 85 gCells x 85 gCells
[updNetsDmd] Elapsed real time: 0:00:00 
[updNetsDmd] Elapsed cpu  time: sys=0:00:00 usr=0:00:00 total=0:00:00
Current Stage stats:
[End of Initial Routing] Elapsed real time: 0:00:00 
[End of Initial Routing] Elapsed cpu  time: sys=0:00:00 usr=0:00:00 total=0:00:00
[End of Initial Routing] Stage (MB): Used    0  Alloctr    0  Proc    0 
[End of Initial Routing] Total (MB): Used  209  Alloctr  211  Proc 5849 
Initial. Routing result:
Initial. Both Dirs: Dmd-Cap  =     0 Max = 0 GRCs =     0 (0.00%)
Initial. H routing: Dmd-Cap  =     0 Max = 0 (GRCs =  0) GRCs =     0 (0.00%)
Initial. V routing: Dmd-Cap  =     0 Max = 0 (GRCs =  0) GRCs =     0 (0.00%)
Initial. Both Dirs: Overflow =    18 Max = 2 GRCs =    31 (0.21%)
Initial. H routing: Overflow =     6 Max = 1 (GRCs = 12) GRCs =    12 (0.17%)
Initial. V routing: Overflow =    12 Max = 2 (GRCs =  2) GRCs =    19 (0.26%)
Initial. METAL1     Overflow =     6 Max = 1 (GRCs = 12) GRCs =    12 (0.17%)
Initial. METAL2     Overflow =    12 Max = 2 (GRCs =  2) GRCs =    19 (0.26%)
Initial. METAL3     Overflow =     0 Max = 0 (GRCs =  0) GRCs =     0 (0.00%)
Initial. METAL4     Overflow =     0 Max = 0 (GRCs =  0) GRCs =     0 (0.00%)
Initial. METAL5     Overflow =     0 Max = 0 (GRCs =  0) GRCs =     0 (0.00%)
Initial. METAL6     Overflow =     0 Max = 0 (GRCs =  0) GRCs =     0 (0.00%)

Initial. Total Wire Length = 198210.44
Initial. Layer METAL1 wire length = 3036.66
Initial. Layer METAL2 wire length = 50572.39
Initial. Layer METAL3 wire length = 93110.25
Initial. Layer METAL4 wire length = 45933.60
Initial. Layer METAL5 wire length = 5557.52
Initial. Layer METAL6 wire length = 0.00
Initial. Total Number of Contacts = 22794
Initial. Via via1 count = 11043
Initial. Via via2 count = 9626
Initial. Via via3 count = 2025
Initial. Via via4 count = 100
Initial. Via via5 count = 0
Initial. completed.

Start GR phase 1
Fri Sep 18 20:22:09 2026
Number of partitions: 1 (1 x 1)
Size of partitions: 85 gCells x 85 gCells
[rtAllParts] Elapsed real time: 0:00:00 
[rtAllParts] Elapsed cpu  time: sys=0:00:00 usr=0:00:00 total=0:00:00
Number of partitions: 1 (1 x 1)
Size of partitions: 85 gCells x 85 gCells
[updNetsDmd] Elapsed real time: 0:00:00 
[updNetsDmd] Elapsed cpu  time: sys=0:00:00 usr=0:00:00 total=0:00:00
Current Stage stats:
[End of Phase1 Routing] Elapsed real time: 0:00:00 
[End of Phase1 Routing] Elapsed cpu  time: sys=0:00:00 usr=0:00:00 total=0:00:00
[End of Phase1 Routing] Stage (MB): Used    0  Alloctr    0  Proc    0 
[End of Phase1 Routing] Total (MB): Used  209  Alloctr  211  Proc 5849 
phase1. Routing result:
phase1. Both Dirs: Dmd-Cap  =     0 Max = 0 GRCs =     0 (0.00%)
phase1. H routing: Dmd-Cap  =     0 Max = 0 (GRCs =  0) GRCs =     0 (0.00%)
phase1. V routing: Dmd-Cap  =     0 Max = 0 (GRCs =  0) GRCs =     0 (0.00%)
phase1. Both Dirs: Overflow =    18 Max = 2 GRCs =    31 (0.21%)
phase1. H routing: Overflow =     6 Max = 1 (GRCs = 12) GRCs =    12 (0.17%)
phase1. V routing: Overflow =    12 Max = 2 (GRCs =  2) GRCs =    19 (0.26%)
phase1. METAL1     Overflow =     6 Max = 1 (GRCs = 12) GRCs =    12 (0.17%)
phase1. METAL2     Overflow =    12 Max = 2 (GRCs =  2) GRCs =    19 (0.26%)
phase1. METAL3     Overflow =     0 Max = 0 (GRCs =  0) GRCs =     0 (0.00%)
phase1. METAL4     Overflow =     0 Max = 0 (GRCs =  0) GRCs =     0 (0.00%)
phase1. METAL5     Overflow =     0 Max = 0 (GRCs =  0) GRCs =     0 (0.00%)
phase1. METAL6     Overflow =     0 Max = 0 (GRCs =  0) GRCs =     0 (0.00%)

phase1. Total Wire Length = 198210.30
phase1. Layer METAL1 wire length = 3036.66
phase1. Layer METAL2 wire length = 50572.25
phase1. Layer METAL3 wire length = 93110.25
phase1. Layer METAL4 wire length = 45933.60
phase1. Layer METAL5 wire length = 5557.52
phase1. Layer METAL6 wire length = 0.00
phase1. Total Number of Contacts = 22794
phase1. Via via1 count = 11043
phase1. Via via2 count = 9626
phase1. Via via3 count = 2025
phase1. Via via4 count = 100
phase1. Via via5 count = 0
phase1. completed.

Start GR phase 2
Fri Sep 18 20:22:09 2026
Number of partitions: 1 (1 x 1)
Size of partitions: 85 gCells x 85 gCells
[rtAllParts] Elapsed real time: 0:00:00 
[rtAllParts] Elapsed cpu  time: sys=0:00:00 usr=0:00:00 total=0:00:00
Number of partitions: 1 (1 x 1)
Size of partitions: 85 gCells x 85 gCells
[updNetsDmd] Elapsed real time: 0:00:00 
[updNetsDmd] Elapsed cpu  time: sys=0:00:00 usr=0:00:00 total=0:00:00
Current Stage stats:
[End of Phase2 Routing] Elapsed real time: 0:00:00 
[End of Phase2 Routing] Elapsed cpu  time: sys=0:00:00 usr=0:00:00 total=0:00:00
[End of Phase2 Routing] Stage (MB): Used    0  Alloctr    0  Proc    0 
[End of Phase2 Routing] Total (MB): Used  209  Alloctr  211  Proc 5849 
phase2. Routing result:
phase2. Both Dirs: Dmd-Cap  =     0 Max = 0 GRCs =     0 (0.00%)
phase2. H routing: Dmd-Cap  =     0 Max = 0 (GRCs =  0) GRCs =     0 (0.00%)
phase2. V routing: Dmd-Cap  =     0 Max = 0 (GRCs =  0) GRCs =     0 (0.00%)
phase2. Both Dirs: Overflow =    18 Max = 2 GRCs =    31 (0.21%)
phase2. H routing: Overflow =     6 Max = 1 (GRCs = 12) GRCs =    12 (0.17%)
phase2. V routing: Overflow =    12 Max = 2 (GRCs =  2) GRCs =    19 (0.26%)
phase2. METAL1     Overflow =     6 Max = 1 (GRCs = 12) GRCs =    12 (0.17%)
phase2. METAL2     Overflow =    12 Max = 2 (GRCs =  2) GRCs =    19 (0.26%)
phase2. METAL3     Overflow =     0 Max = 0 (GRCs =  0) GRCs =     0 (0.00%)
phase2. METAL4     Overflow =     0 Max = 0 (GRCs =  0) GRCs =     0 (0.00%)
phase2. METAL5     Overflow =     0 Max = 0 (GRCs =  0) GRCs =     0 (0.00%)
phase2. METAL6     Overflow =     0 Max = 0 (GRCs =  0) GRCs =     0 (0.00%)

phase2. Total Wire Length = 198210.30
phase2. Layer METAL1 wire length = 3036.66
phase2. Layer METAL2 wire length = 50572.25
phase2. Layer METAL3 wire length = 93110.25
phase2. Layer METAL4 wire length = 45933.60
phase2. Layer METAL5 wire length = 5557.52
phase2. Layer METAL6 wire length = 0.00
phase2. Total Number of Contacts = 22794
phase2. Via via1 count = 11043
phase2. Via via2 count = 9626
phase2. Via via3 count = 2025
phase2. Via via4 count = 100
phase2. Via via5 count = 0
phase2. completed.

Start GR phase 3
Fri Sep 18 20:22:09 2026
Number of partitions: 1 (1 x 1)
Size of partitions: 85 gCells x 85 gCells
[rtAllParts] Elapsed real time: 0:00:00 
[rtAllParts] Elapsed cpu  time: sys=0:00:00 usr=0:00:00 total=0:00:00
Number of partitions: 1 (1 x 1)
Size of partitions: 85 gCells x 85 gCells
[updNetsDmd] Elapsed real time: 0:00:00 
[updNetsDmd] Elapsed cpu  time: sys=0:00:00 usr=0:00:00 total=0:00:00
Current Stage stats:
[End of Phase3 Routing] Elapsed real time: 0:00:00 
[End of Phase3 Routing] Elapsed cpu  time: sys=0:00:00 usr=0:00:00 total=0:00:00
[End of Phase3 Routing] Stage (MB): Used    0  Alloctr    0  Proc    0 
[End of Phase3 Routing] Total (MB): Used  209  Alloctr  211  Proc 5849 
phase3. Routing result:
phase3. Both Dirs: Dmd-Cap  =     0 Max = 0 GRCs =     0 (0.00%)
phase3. H routing: Dmd-Cap  =     0 Max = 0 (GRCs =  0) GRCs =     0 (0.00%)
phase3. V routing: Dmd-Cap  =     0 Max = 0 (GRCs =  0) GRCs =     0 (0.00%)
phase3. Both Dirs: Overflow =    18 Max = 2 GRCs =    31 (0.21%)
phase3. H routing: Overflow =     6 Max = 1 (GRCs = 12) GRCs =    12 (0.17%)
phase3. V routing: Overflow =    12 Max = 2 (GRCs =  2) GRCs =    19 (0.26%)
phase3. METAL1     Overflow =     6 Max = 1 (GRCs = 12) GRCs =    12 (0.17%)
phase3. METAL2     Overflow =    12 Max = 2 (GRCs =  2) GRCs =    19 (0.26%)
phase3. METAL3     Overflow =     0 Max = 0 (GRCs =  0) GRCs =     0 (0.00%)
phase3. METAL4     Overflow =     0 Max = 0 (GRCs =  0) GRCs =     0 (0.00%)
phase3. METAL5     Overflow =     0 Max = 0 (GRCs =  0) GRCs =     0 (0.00%)
phase3. METAL6     Overflow =     0 Max = 0 (GRCs =  0) GRCs =     0 (0.00%)

phase3. Total Wire Length = 198210.30
phase3. Layer METAL1 wire length = 3036.66
phase3. Layer METAL2 wire length = 50572.25
phase3. Layer METAL3 wire length = 93110.25
phase3. Layer METAL4 wire length = 45933.60
phase3. Layer METAL5 wire length = 5557.52
phase3. Layer METAL6 wire length = 0.00
phase3. Total Number of Contacts = 22794
phase3. Via via1 count = 11043
phase3. Via via2 count = 9626
phase3. Via via3 count = 2025
phase3. Via via4 count = 100
phase3. Via via5 count = 0
phase3. completed.
[End of Whole Chip Routing] Elapsed real time: 0:00:00 
[End of Whole Chip Routing] Elapsed cpu  time: sys=0:00:00 usr=0:00:00 total=0:00:00
[End of Whole Chip Routing] Stage (MB): Used  181  Alloctr  182  Proc    0 
[End of Whole Chip Routing] Total (MB): Used  209  Alloctr  211  Proc 5849 

Information: Global Routing didn't terminate early. (ZRT-103)

Congestion utilization per direction:
Average vertical track utilization   = 22.69 %
Peak    vertical track utilization   = 72.22 %
Average horizontal track utilization = 19.65 %
Peak    horizontal track utilization = 64.71 %

[End of Global Routing] Elapsed real time: 0:00:00 
[End of Global Routing] Elapsed cpu  time: sys=0:00:00 usr=0:00:00 total=0:00:00
[End of Global Routing] Stage (MB): Used  180  Alloctr  181  Proc    0 
[End of Global Routing] Total (MB): Used  208  Alloctr  210  Proc 5849 
Updating the database ...
Updating congestion ...
Information: Extraction observers are detached as design net change threshold is reached.
[End of dbOut] Elapsed real time: 0:00:00 
[End of dbOut] Elapsed cpu  time: sys=0:00:00 usr=0:00:00 total=0:00:00
[End of dbOut] Stage (MB): Used  -19  Alloctr  -20  Proc    0 
[End of dbOut] Total (MB): Used   36  Alloctr   37  Proc 5849 

Clock-opt Incremental Global-routing complete  CPU:   236 s (  0.07 hr )  ELAPSE:   122 s (  0.03 hr )  MEM-PEAK:  2147 MB
INFO: place.legalize.enable_advanced_legalizer not set - need to revert CLO
INFO: First Clock-opt did not mark run with CLO enabled/disabled property
Co-efficient Ratio Summary:
4.193421605155  6.578038173730  2.479639287277  7.744187540401  0.485050001653  3.179565834084  5.567214854587  2.894454787461  6.565921216383  9.017937505874  3.455125750933  9.873828615257  6.078493364085  2.744227841123  8.318146204907
9.699225026083  2.464623950064  1.382370221226  9.387184029619  3.142429407969  0.968752780264  6.613180823294  4.146578193224  7.876358917632  2.191135103696  0.214289091094  2.710537559287  3.840720464440  3.750225553169  7.663489442299
6.212201167950  7.759678473967  7.862243056717  0.402387977150  0.032845096197  0.596111513671  4.701287496892  7.205135912169  8.278351397788  1.183725190997  3.685981358244  5.877098847028  7.173164785364  9.669838499761  7.591418947087
7.632106393266  7.679078063326  9.831314288630  1.878805817928  3.230072344839  1.226270038626  7.050450594780  2.403928573631  6.139852543574  4.100210066110  1.525263439655  4.580135769469  5.624148208820  7.826876753678  4.759164018263
5.409027926377  2.609823652834  0.626142538674  6.381676652919  9.187474022495  0.513656796621  5.027570618562  6.119813446103  6.181472312107  1.581675365776  7.737596772107  9.594951575152  2.041097787119  3.921189367338  0.650419282345
9.472458902409  3.368484394994  4.897111549020  6.860149244452  2.000104051691  9.095345907689  2.197041709512  0.915900067443  5.466092308426  8.142690055883  4.958648115224  8.254852800963  3.504140105451  1.682735512888  7.173464318510
9.939562708373  3.617852772683  8.946772637652  1.169969532707  4.529946656262  3.090979409795  5.580726136993  1.131397763510  0.721709625254  7.515947417690  0.990877159371  1.027420159919  5.811889066269  5.826759383342  4.349314892435
0.216216918317  9.612142422527  7.311156782104  0.823519141628  0.356161286693  8.022019569284  2.603132585844  5.024802951363  1.359359520873  5.407563451201  2.155678327518  1.275799168606  0.417030713533  1.833891965081  6.448588337188
4.848373112548  2.936801055033  8.671494124225  4.212305316610  9.007627270112  3.308107178452  5.607471109985  8.514743040423  2.764676978954  9.324216938770  1.802644839997  2.310997318021  0.754955430179  1.961440911696  2.781334941418
3.355375155650  9.437909893602  9.136702642545  9.020209208464  9.978471495117  7.467457734047  3.171274721421  9.815920740044  4.331414637138  0.413524984361  3.650590313619  7.462298642978  1.902197424529  5.623426859547  7.269394608696
3.367403103784  7.093641515702  7.411336156476  6.944246976650  5.239565921087  4.802189647382  3.894401463832  4.531610419342  1.605155657803  8.173730247963  9.538857999418  7.550901484370  0.000623817956  5.833703156721  4.754518889445
4.387461656592  1.217863901793  7.505874310467  0.800933986343  9.509851607812  3.964085274420  8.341123831811  5.604907969922  5.026083246462  3.950064138237  0.572806153718  4.039119750017  9.406939596875  2.789983261318  0.723225014657
8.793224787635  8.918112219113  5.103696096373  4.141094270014  8.443881384045  0.064440375020  6.053169766345  8.842296421220  1.167952662193  8.473967786224  3.390124315238  7.987557975830  5.095168559611  1.512398970128  7.396825220513
5.512169827835  1.398268118372  5.190997333443  6.408244586760  9.731622717389  4.385364966981  9.999761759148  7.347084563210  6.393268654133  8.063326983131  4.522628437880  5.827217647216  2.343809722627  0.037342505045  0.494713540392
8.173631613985  2.544054410021  0.066110127471  8.589655457074  6.653063562487  8.808820782685  7.253678475913  3.418260340902  7.926379157118  3.652834062614  2.878360188167  6.662206801497  4.022765651365  6.796647302757  0.618595911981
3.446103618147  2.312107158167  5.365776748604  1.822107958456  2.469756204172  7.387119392116  0.867338065048  8.682345947245  8.902409336848  4.394994489711  1.883612301014  9.254820692979  4.051966009534  5.907610519704  1.709545391590
0.067443546609  2.308426814269  0.055883460719  3.265224824446  3.794567350487  0.705451168271  6.012888717343  3.718510993956  2.708373361785  2.772683894677  2.971244831996  9.542175844853  6.656537409097  9.409726858072  6.136926413139
7.763510072170  9.625254751594  7.417690064932  2.209371101703  1.043513581151  9.666269582673  0.883342434938  3.292435021621  6.918317961214  2.422527731115  6.026796707351  9.151096427575  1.286968902201  9.569215560313  2.585877802480
2.551363135935  9.521353540756  3.451201280412  3.477518126530  0.052200041776  0.313533183387  2.465081644855  7.737189784837  3.112548216997  1.055033867149  4.468817146230  5.326088392621  7.270487430810  7.178483860747  1.109918151474
3.640423276467  6.979434932421  6.938770155119  9.989997230050  8.202625075468  5.030179196142  1.411696278130  3.341419635537  5.155650966007  9.893602913670  2.986137627020  9.218832389706  1.495482846745  7.734078617127  4.721454281592
0.740044433141  4.637138041352  4.984361330991  0.198619745279  8.206103190701  7.924529562869  7.259547826936  3.008697136740  3.103784047107  1.515702741133  6.490068319424  6.986028915815  5.921352580218  9.647313689440  1.463865753161
0.419342160515  5.657803817373  0.247963928727  7.774418754040  1.048505000554  3.317956583897  4.556721575458  7.289446238746  1.656592469529  3.901793750587  4.654059705093  3.996711342844  1.607187496408  5.274451134112  3.831844860490
7.969922502608  3.246462395006  4.138237022122  6.938718402961  9.314242940185  9.096875278415  4.661318172329  4.414658679322  4.787635139654  2.219113510369  6.330782939109  4.280485673122  1.384319606444  0.375050405316  9.766378184229
9.621220116795  0.775967847396  7.786224305671  7.040238797715  0.003284509589  7.059611151237  1.470128739689  2.720513551216  9.827835139826  8.118372519099  7.678875340824  4.596141026068  2.717654538536  4.966912299976  1.759171034708
7.763210639326  6.767907806332  6.983131428863  0.187880581792  8.323007234353  9.122627003732  6.705045049478  0.240392817363  1.613985254405  4.410021006611  0.462803558965  5.467455718202  3.562752980882  0.782616025367  8.475946641826
3.540902792637  7.260982365283  4.062614253867  4.638167665291  9.918747402768  5.051365679181  1.502757161856  2.611981344610  3.618147231210  7.158167536577  6.083036882210  7.968837399871  6.204447838711  9.392147386733  8.065071168234
5.947245890240  9.336848439499  4.489711154902  0.686014924445  2.200010405169  1.909534590768  9.219704170951  2.091590006744  3.546609230842  6.814269005588  3.705141026522  4.834827422352  7.350752170545  1.168202901288  8.717376671851
0.993956270837  3.361785277268  3.894677263765  2.116996953270  7.452994665626  2.309097940979  5.558072613699  3.113139776351  0.072170962525  4.751594741769  0.309364920937  1.111184257257  3.581426066626  9.582604388334  2.434961629243
5.021621691831  7.961214242252  7.731115678210  4.082351914162  8.035616128188  3.802201956447  4.260313358584  4.502480255136  3.135935952135  3.540756345120  1.525844047751  8.136911158126  0.041041131353  3.183318546508  1.644888073718
8.484837311254  8.293680105503  3.867149412422  5.421230531661  0.900762727011  2.330810717845  2.560747110998  5.851474364042  3.276467697943  4.932421693877  0.490550398999  7.240432204537  5.075733703017  9.196173541169  6.278163634141
8.335537515565  0.943790989360  2.913670264254  5.902020920846  4.997847149511  7.746745773404  7.317127472142  1.981592074004  4.433141463713  8.041352498436  1.675332419861  9.755651204985  3.190557992452  9.562371125954  7.726969600869
6.336740310378  4.709364151570  2.741133615647  6.694424697665  0.523956592108  7.480218964738  2.389440146383  2.453161041934  2.160515565780  3.817373024796  3.262666642441  8.764417921194  5.000300531795  6.583309855672  1.475481028944
5.438746165659  2.121786390179  3.750587431046  7.080093398634  3.950985160781  2.396408527442  0.834112383181  1.560490796992  2.502608324646  2.395006413823  7.357163718871  8.412264787674  2.940929409687  5.278905166131  8.072352741465
7.879322478763  5.891811221911  3.510369609637  3.414109427001  4.844388138404  5.006444037502  0.605316976634  5.884229962122  0.116795077596  7.847396778622  4.630612829023  8.707018856578  4.509842205961  1.151246847012  8.739612572051
3.551216982783  5.139826811837  2.519099733344  3.640824458676  0.973162271738  9.438536496698  1.999976175914  8.734708776321  0.639326676790  7.806332698313  1.753816083788  0.591095923706  7.234616212262  7.003741270504  5.049401224039
2.817363161398  5.254405441002  1.006611012747  1.858965545707  4.665306356248  7.880882078268  5.725367847591  3.341826354090  2.792637726098  2.365283406261  4.588810438816  7.675594082270  7.402502805136  5.679671750275  7.061889461198
1.344610361814  7.231210715816  7.536577674860  4.182210795845  6.246975620417  2.738711939211  6.086733806504  8.868234594724  5.890240933684  8.439499448971  1.489955033601  4.934748311407  0.405422490953  4.590777521970  4.170984409159
0.006744354660  9.230842681426  9.005588346071  9.326522482444  6.379456735048  7.070545116827  1.601288871734  3.371851099395  6.270837336178  5.277268389467  7.598718286699  6.963573836695  4.665989530909  7.940988155807  2.613622511313
9.776351007217  0.962525475159  4.741769006493  2.220937110170  3.104351358115  1.966626958267  3.088334243493  8.329243002162  1.691831793424  4.242252773111  5.902600973235  1.924358009711  6.128921080220  1.956937026031  3.258516050248
0.255136313593  5.952135354075  6.345120128041  2.347751812653  0.005220004177  6.031353318338  7.246508164485  5.773718348483  7.311254826661  0.105503386714  9.746812017123  0.541857296226  2.727373933081  0.717854856074  7.110920185147
4.364042327646  7.697943493242  1.693877015511  9.998999723005  0.820262507546  8.503017919614  2.141169627813  0.334141333553  7.515565091672  0.989360291367  0.598644065202  0.930032695934  7.149873474674  5.773413331712  7.472174798159
2.074004443314  1.463713804135  2.498436133099  1.019861974527  9.820610319028  2.792452956234  0.725954772693  6.300869633674  0.310378470936  4.151570274113  3.949210784442  4.607853819472  6.592460548021  8.964747938944  0.146315845316
1.041934216051  5.565780381737  3.024796392872  7.777441875404  0.104850500003  5.331795658337  8.455672147545  8.728944543874  6.165659212178  6.390179375058  7.765619823009  3.308822152175  5.160043039640  8.527451783411  2.383113756049
0.796992250260  8.324646239500  6.413823702212  2.693871840296  1.931424294066  6.909687527899  6.466131807232  9.441465787932  2.478763589181  1.221911351036  9.933200466410  9.437299241515  8.138766300644  4.037511760531  6.976666188422
9.962122011679  5.077596784739  6.778622430567  1.704023879771  5.000328450958  9.705961115123  7.147012873968  9.272051355121  6.982783513982  6.811837251909  9.067917489082  4.468864854493  2.271090743853  6.496607899997  6.175946473470
Information: The stitching and editing of coupling caps is turned OFF for design 'sar16_pnr_paper_core:sar_digi_paper_core.design'. (TIM-125)
Information: Design sar_digi_paper_core has 3782 nets, 3720 global routed, 60 detail routed. (NEX-024)
Information: build GR coup map successfully (NEX-012)
Information: The RC mode used is GR for design 'sar_digi_paper_core'. (NEX-022)
Information: Update timing completed net estimation for all the timing graph nets (TIM-111)
Information: Net estimation statistics: timing graph nets = 3780, routed nets = 3780, across physical hierarchy nets = 0, parasitics cached nets = 3780, delay annotated nets = 0, parasitics annotated nets = 0, multi-voltage nets = 0. (TIM-112)

Clock-opt final QoR
___________________
Scenario Mapping Table
1: default

Pathgroup Mapping Table
1: **default**
2: **async_default**
3: **clock_gating_default**
4: **in2reg_default**
5: **reg2out_default**
6: **in2out_default**
7: clk
8: dec_clk

-------------------------------------------------------------------------------------------------------------------------------------------------------------
PATHGROUP QOR 
-------------------------------------------------------------------------------------------------------------------------------------------------------------
Scene  PG      WNS        TNS    NSV      WHV        THV    NHV
    1   1   0.0000     0.0000      0   0.0000     0.0000      0
    1   2   0.0000     0.0000      0   0.0000     0.0000      0
    1   3   0.0000     0.0000      0   0.0000     0.0000      0
    1   4   0.0000     0.0000      0   0.0000     0.0000      0
    1   5   0.0000     0.0000      0   0.0000     0.0000      0
    1   6   0.0000     0.0000      0   0.0000     0.0000      0
    1   7   0.0000     0.0000      0   0.0000     0.0000      0
    1   8   0.0000     0.0000      0   0.0000     0.0000      0
----------------------------------------------------------------------------------------------------------------------------------------------------------------------
SCENARIO QOR 
----------------------------------------------------------------------------------------------------------------------------------------------------------------------
Scene  PG      WNS        TNS   R2RTNS    NSV      WHV        THV    NHV  MaxTrnV   MaxTranC  MaxCapV    Leakage
    1   *   0.0000     0.0000   0.0000      0   0.0000     0.0000      0        0     0.0000        0 3346731.25
----------------------------------------------------------------------------------------------------------------------------------------------------------------------
DESIGN QOR 
----------------------------------------------------------------------------------------------------------------------------------------------------------------------
Scene  PG      WNS        TNS   R2RTNS    NSV      WHV        THV    NHV  MaxTrnV   MaxTranC  MaxCapV    Leakage         Area    InstCnt     BufCnt     InvCnt
    *   *   0.0000     0.0000   0.0000      0   0.0000     0.0000      0        0     0.0000        0 3346731.25    102988.67       3628        197        326
----------------------------------------------------------------------------------------------------------------------------------------------------------------------

Clock-opt final QoR Summary         WNS        TNS   R2RTNS    NSV      WHV        THV    NHV  MaxTrnV  MaxCapV    Leakage         Area    InstCnt
Clock-opt final QoR Summary      0.0000     0.0000   0.0000      0   0.0000     0.0000      0        0        0 3346731.25    102988.67       3628

Clock-opt command complete                CPU:   237 s (  0.07 hr )  ELAPSE:   122 s (  0.03 hr )  MEM-PEAK:  2147 MB
Clock-opt command statistics  CPU=67 sec (0.02 hr) ELAPSED=25 sec (0.01 hr) MEM-PEAK=2.097 GB
1
TEST: runCore finalOptoEnd-end
TEST: runCore final-init
TEST: runCore final-end
Information: Running auto PG connection. (NDM-099)
Information: Ending   'clock_opt' (FLW-8001)
Information: Time: 2026-09-18 20:22:09 / Session:  00:02:02 / Command:  00:00:45 / CPU:  00:01:58 / Memory: 2147 MB (FLW-8100)
#### STAGE OK: clock_opt
0
# --- routing -----------------------------------------------------------------
stage "routing"

##############################################################
##  STAGE: routing
##############################################################
if {[run "route_auto" {route_auto}]} {
    puts "NOTE: route_auto failed, relying on route_opt to route from scratch"
}
Warning: Please run the command "check_routability" before running Zroute commands. (ZRT-762)
Information: Starting 'route_auto' (FLW-8000)
Information: Time: 2026-09-18 20:22:09 / Session:  00:02:02 / Command:  00:00:00 / CPU:  00:00:00 / Memory: 2147 MB (FLW-8100)
Information: The net parasitics of block sar_digi_paper_core are cleared. (TIM-123)
Cell Min-Routing-Layer = METAL1
Cell Max-Routing-Layer = METAL6
Turn off antenna since no rule is specified
Information: Option route.detail.force_end_on_preferred_grid will be ignored since none of the layers have preferred grid. (ZRT-703)
Info: number of net_type_blockage: 0 
Information: Via ladder engine would be activated for pattern must join connection in certain commands. Please refer to man-page for the command list. (ZRT-619)
Warning: Port  VSS at {{165.660,427.305} {178.200,428.800}} is out of boundary. Cannot be routed. (ZRT-720)
Warning: Port  VDD at {{382.140,-0.400} {390.720,0.950}} is out of boundary. Cannot be routed. (ZRT-720)
Warning: Port  VSS at {{291.720,426.945} {294.360,428.800}} is out of boundary. Cannot be routed. (ZRT-720)
Warning: Port  VSS at {{306.240,427.825} {311.520,428.800}} is out of boundary. Cannot be routed. (ZRT-720)
Warning: Port  VDD at {{215.160,-0.400} {221.100,1.275}} is out of boundary. Cannot be routed. (ZRT-720)
Warning: Port  VDD at {{225.060,-0.400} {231.000,1.275}} is out of boundary. Cannot be routed. (ZRT-720)
Warning: Port  VSS at {{297.000,427.825} {299.640,428.800}} is out of boundary. Cannot be routed. (ZRT-720)
Warning: Port  VSS at {{300.960,427.825} {303.600,428.800}} is out of boundary. Cannot be routed. (ZRT-720)
Warning: Port  VDD at {{411.840,-0.400} {424.380,2.100}} is out of boundary. Cannot be routed. (ZRT-720)
Warning: Port  VDD at {{240.900,-0.400} {243.540,0.575}} is out of boundary. Cannot be routed. (ZRT-720)
Skipping 26 ectangle_only route guides because they don't cover the design boundary in the layer's  preferred direction.
Information: When applicable Min-max layer allow_pin_connection mode will allow paths of length 6.70 outside the layer range. (ZRT-707)
Information: When applicable Min-max layer allow_pin_connection mode will allow paths of length 6.70 outside the layer range on clock nets. (ZRT-718)
Information: When applicable layer based tapering will taper up to 0.00 in distance from the pin. (ZRT-706)
Warning: Standard cell pin DFFSX1/CK has no valid via regions. (ZRT-044)
Warning: Standard cell pin AOI2BB2XL/Y has no valid via regions. (ZRT-044)
Warning: Standard cell pin AOI222X4/B1 has no valid via regions. (ZRT-044)
Warning: Standard cell pin AOI31XL/Y has no valid via regions. (ZRT-044)
Warning: Standard cell pin NOR4BXL/C has no valid via regions. (ZRT-044)
Warning: Standard cell pin AOI222X1/Y has no valid via regions. (ZRT-044)
Warning: Standard cell pin NOR4BXL/D has no valid via regions. (ZRT-044)
Warning: Standard cell pin OAI2BB1X2/Y has no valid via regions. (ZRT-044)
Warning: Standard cell pin NAND4XL/B has no valid via regions. (ZRT-044)
Warning: Standard cell pin NAND4XL/C has no valid via regions. (ZRT-044)
Warning: Standard cell pin NAND4XL/D has no valid via regions. (ZRT-044)
Warning: Standard cell pin AOI221X1/A1 has no valid via regions. (ZRT-044)
Warning: Standard cell pin AOI221X1/C0 has no valid via regions. (ZRT-044)
Warning: Standard cell pin AOI221X1/Y has no valid via regions. (ZRT-044)
Warning: Standard cell pin DFFSXL/Q has no valid via regions. (ZRT-044)
Warning: Standard cell pin AOI32XL/Y has no valid via regions. (ZRT-044)
Warning: Standard cell pin DLY3X1/Y has no valid via regions. (ZRT-044)
Warning: Standard cell pin AOI21X1/A0 has no valid via regions. (ZRT-044)
Warning: Standard cell pin AOI21X1/B0 has no valid via regions. (ZRT-044)
Warning: Standard cell pin DLY4X1/Y has no valid via regions. (ZRT-044)
Warning: Standard cell pin AOI22XL/Y has no valid via regions. (ZRT-044)
Warning: Standard cell pin NAND2X2/B has no valid via regions. (ZRT-044)
Warning: Standard cell pin NAND2X2/Y has no valid via regions. (ZRT-044)
Warning: Standard cell pin AOI211XL/Y has no valid via regions. (ZRT-044)
Warning: Standard cell pin ADDFX1/B has no valid via regions. (ZRT-044)
Warning: Standard cell pin NOR2BX2/Y has no valid via regions. (ZRT-044)
Warning: Standard cell pin NAND4X2/A has no valid via regions. (ZRT-044)
Warning: Standard cell pin NAND4X2/D has no valid via regions. (ZRT-044)
Warning: Standard cell pin CLKBUFXL/Y has no valid via regions. (ZRT-044)
Warning: Standard cell pin NOR2X4/A has no valid via regions. (ZRT-044)
Warning: Standard cell pin NOR2X4/B has no valid via regions. (ZRT-044)
Warning: Standard cell pin NAND3X1/A has no valid via regions. (ZRT-044)
Warning: Standard cell pin NOR4X1/B has no valid via regions. (ZRT-044)
Warning: Standard cell pin XNOR2X1/B has no valid via regions. (ZRT-044)
Warning: Standard cell pin XNOR2X1/Y has no valid via regions. (ZRT-044)
Warning: Standard cell pin AOI2BB1X2/B0 has no valid via regions. (ZRT-044)
Warning: Standard cell pin AND4X2/C has no valid via regions. (ZRT-044)
Warning: Standard cell pin AOI22X2/A1 has no valid via regions. (ZRT-044)
Warning: Standard cell pin AOI22X2/Y has no valid via regions. (ZRT-044)
Warning: Standard cell pin OAI2BB1XL/Y has no valid via regions. (ZRT-044)
Warning: Standard cell pin AND2XL/Y has no valid via regions. (ZRT-044)
Warning: Standard cell pin BUFX2/Y has no valid via regions. (ZRT-044)
Warning: Standard cell pin ADDFHX1/CI has no valid via regions. (ZRT-044)
Warning: Standard cell pin NOR3X1/A has no valid via regions. (ZRT-044)
Warning: Standard cell pin ADDFHX1/CO has no valid via regions. (ZRT-044)
Warning: Standard cell pin ADDFHX1/S has no valid via regions. (ZRT-044)
Warning: Standard cell pin NAND3XL/A has no valid via regions. (ZRT-044)
Warning: Standard cell pin NAND2XL/Y has no valid via regions. (ZRT-044)
Warning: Standard cell pin NOR3BX1/AN has no valid via regions. (ZRT-044)
Warning: Standard cell pin CMPR32X1/B has no valid via regions. (ZRT-044)
Warning: Standard cell pin AOI2BB1X1/Y has no valid via regions. (ZRT-044)
Warning: Standard cell pin INVX12/A has no valid via regions. (ZRT-044)
Warning: Standard cell pin CMPR22X1/CO has no valid via regions. (ZRT-044)
Warning: Standard cell pin XOR2X1/B has no valid via regions. (ZRT-044)
Warning: Standard cell pin XOR2X1/Y has no valid via regions. (ZRT-044)
Warning: Standard cell pin NOR3XL/A has no valid via regions. (ZRT-044)
Warning: Standard cell pin OAI31XL/A0 has no valid via regions. (ZRT-044)
Warning: Standard cell pin OAI31XL/Y has no valid via regions. (ZRT-044)
Warning: Standard cell pin XNOR2XL/B has no valid via regions. (ZRT-044)
Warning: Standard cell pin XNOR2XL/Y has no valid via regions. (ZRT-044)
Warning: Standard cell pin AOI2BB1XL/Y has no valid via regions. (ZRT-044)
Warning: Standard cell pin XOR2XL/B has no valid via regions. (ZRT-044)
Warning: Standard cell pin XOR2XL/Y has no valid via regions. (ZRT-044)
Warning: Standard cell pin AOI2BB2X1/B0 has no valid via regions. (ZRT-044)
Warning: Standard cell pin OAI2BB1X1/Y has no valid via regions. (ZRT-044)
Warning: Standard cell pin DLY2X1/Y has no valid via regions. (ZRT-044)
Warning: Standard cell pin AOI21XL/Y has no valid via regions. (ZRT-044)
Warning: Standard cell pin OAI22X1/Y has no valid via regions. (ZRT-044)
Warning: Standard cell pin OAI31X1/Y has no valid via regions. (ZRT-044)
Warning: Standard cell pin ADDHXL/CO has no valid via regions. (ZRT-044)
Warning: Standard cell pin ADDHXL/S has no valid via regions. (ZRT-044)
Warning: Standard cell pin OAI21XL/Y has no valid via regions. (ZRT-044)
Warning: Standard cell pin NOR3BX2/AN has no valid via regions. (ZRT-044)
Warning: Standard cell pin NOR3BX2/B has no valid via regions. (ZRT-044)
Warning: Standard cell pin NAND4X1/A has no valid via regions. (ZRT-044)
Warning: Standard cell pin NOR3BX2/Y has no valid via regions. (ZRT-044)
Warning: Standard cell pin NOR4BX1/C has no valid via regions. (ZRT-044)
Warning: Standard cell pin NOR4BX1/D has no valid via regions. (ZRT-044)
Warning: Standard cell pin TLATNXL/QN has no valid via regions. (ZRT-044)
Warning: Standard cell pin OAI22XL/Y has no valid via regions. (ZRT-044)
Warning: Standard cell pin ADDFX2/B has no valid via regions. (ZRT-044)
Warning: Standard cell pin ADDFXL/B has no valid via regions. (ZRT-044)
Warning: Standard cell pin AOI211X1/B0 has no valid via regions. (ZRT-044)

    Found 0 via ladders to verify.

VIA LADDER INFO: found 0 via ladder DRCs across 0 nets.
Updating the database ...

    Via ladders will be inserted on 0 of 0 ports with via ladder constraints.

Updating the database ...
[Arrange data for GR] Elapsed real time: 0:00:00 
[Arrange data for GR] Elapsed cpu  time: sys=0:00:00 usr=0:00:00 total=0:00:00
[Arrange data for GR] Stage (MB): Used    0  Alloctr    0  Proc    0 
[Arrange data for GR] Total (MB): Used   16  Alloctr   18  Proc 5849 
Information: Skipping global routing as it has already been run in the global_route_opt stage of clock_opt. (ZRT-607)

Start track assignment

Printing options for 'route.common.*'

Printing options for 'route.track.*'

Loading parastics information to the router ...
parastics information loaded to the router.
Information: Using 8 threads for routing. (ZRT-444)
Information: RC layer preference is turned on for this design. (ZRT-613)

[Track Assign: TA init] Elapsed real time: 0:00:00 
[Track Assign: TA init] Elapsed cpu  time: sys=0:00:00 usr=0:00:00 total=0:00:00
[Track Assign: TA init] Stage (MB): Used    3  Alloctr    3  Proc    0 
[Track Assign: TA init] Total (MB): Used   22  Alloctr   24  Proc 5849 

Start initial assignment

Assign Horizontal partitions, iteration 0 
Routed partition 1/11       
Routed partition 2/11       
Routed partition 3/11       
Routed partition 4/11       
Routed partition 5/11       
Routed partition 6/11       
Routed partition 7/11       
Routed partition 8/11       
Routed partition 9/11       
Routed partition 10/11      
Routed partition 11/11      

Assign Vertical partitions, iteration 0 
Routed partition 1/11       
Routed partition 2/11       
Routed partition 3/11       
Routed partition 4/11       
Routed partition 5/11       
Routed partition 6/11       
Routed partition 7/11       
Routed partition 8/11       
Routed partition 9/11       
Routed partition 10/11      
Routed partition 11/11      

Number of wires with overlap after iteration 0 = 18973 of 40812


[Track Assign: Iteration 0] Elapsed real time: 0:00:00 
[Track Assign: Iteration 0] Elapsed cpu  time: sys=0:00:00 usr=0:00:00 total=0:00:00
[Track Assign: Iteration 0] Stage (MB): Used    4  Alloctr    5  Proc    0 
[Track Assign: Iteration 0] Total (MB): Used   23  Alloctr   26  Proc 5849 

Reroute to fix overlaps (iter = 1)

Assign Horizontal partitions, iteration 1 
Routed partition 1/11       
Routed partition 2/11       
Routed partition 3/11       
Routed partition 4/11       
Routed partition 5/11       
Routed partition 6/11       
Routed partition 7/11       
Routed partition 8/11       
Routed partition 9/11       
Routed partition 10/11      
Routed partition 11/11      

Assign Vertical partitions, iteration 1 
Routed partition 1/11       
Routed partition 2/11       
Routed partition 3/11       
Routed partition 4/11       
Routed partition 5/11       
Routed partition 6/11       
Routed partition 7/11       
Routed partition 8/11       
Routed partition 9/11       
Routed partition 10/11      
Routed partition 11/11      

[Track Assign: Iteration 1] Elapsed real time: 0:00:00 
[Track Assign: Iteration 1] Elapsed cpu  time: sys=0:00:00 usr=0:00:01 total=0:00:01
[Track Assign: Iteration 1] Stage (MB): Used    4  Alloctr    5  Proc    0 
[Track Assign: Iteration 1] Total (MB): Used   23  Alloctr   26  Proc 5849 

Number of wires with overlap after iteration 1 = 10254 of 30506


Wire length and via report:
---------------------------
Number of METAL1 wires: 6884 		 CONT1: 0
Number of METAL2 wires: 14242 		 via1: 12105
Number of METAL3 wires: 7985 		 via2: 12028
Number of METAL4 wires: 1338 		 via3: 2318
Number of METAL5 wires: 57 		 via4: 109
Number of METAL6 wires: 0 		 via5: 0
Total number of wires: 30506 		 vias: 26560

Total METAL1 wire length: 5682.5
Total METAL2 wire length: 52546.6
Total METAL3 wire length: 94915.1
Total METAL4 wire length: 46966.3
Total METAL5 wire length: 5594.7
Total METAL6 wire length: 0.0
Total wire length: 205705.3

Longest METAL1 wire length: 138.6
Longest METAL2 wire length: 247.5
Longest METAL3 wire length: 275.2
Longest METAL4 wire length: 383.0
Longest METAL5 wire length: 356.4
Longest METAL6 wire length: 0.0


[Track Assign: Done] Elapsed real time: 0:00:00 
[Track Assign: Done] Elapsed cpu  time: sys=0:00:00 usr=0:00:01 total=0:00:01
[Track Assign: Done] Stage (MB): Used    0  Alloctr    1  Proc    0 
[Track Assign: Done] Total (MB): Used   20  Alloctr   22  Proc 5849 
Printing options for 'route.common.*'

Printing options for 'route.detail.*'

Printing options for 'route.auto_via_ladder.*'

Information: RC layer preference is turned on for this design. (ZRT-613)
[Dr init] Elapsed real time: 0:00:00 
[Dr init] Elapsed cpu  time: sys=0:00:00 usr=0:00:00 total=0:00:00
[Dr init] Stage (MB): Used    7  Alloctr    7  Proc    0 
[Dr init] Total (MB): Used   28  Alloctr   30  Proc 5849 
Total number of nets = 3782, of which 0 are not extracted
Total number of open nets = 0, of which 0 are frozen
Information: Using 8 threads for routing. (ZRT-444)
Start DR iteration 0: uniform partition
Routed	1/81 Partitions, Violations =	52
Routed	2/81 Partitions, Violations =	51
Routed	3/81 Partitions, Violations =	65
Routed	4/81 Partitions, Violations =	100
Routed	5/81 Partitions, Violations =	125
Routed	6/81 Partitions, Violations =	121
Routed	7/81 Partitions, Violations =	148
Routed	8/81 Partitions, Violations =	194
Routed	9/81 Partitions, Violations =	194
Routed	10/81 Partitions, Violations =	223
Routed	11/81 Partitions, Violations =	226
Routed	12/81 Partitions, Violations =	226
Routed	13/81 Partitions, Violations =	237
Routed	14/81 Partitions, Violations =	238
Routed	15/81 Partitions, Violations =	248
Routed	16/81 Partitions, Violations =	267
Routed	17/81 Partitions, Violations =	305
Routed	18/81 Partitions, Violations =	305
Routed	19/81 Partitions, Violations =	301
Routed	20/81 Partitions, Violations =	312
Routed	21/81 Partitions, Violations =	332
Routed	22/81 Partitions, Violations =	346
Routed	23/81 Partitions, Violations =	377
Routed	24/81 Partitions, Violations =	399
Routed	25/81 Partitions, Violations =	414
Routed	26/81 Partitions, Violations =	425
Routed	27/81 Partitions, Violations =	451
Routed	28/81 Partitions, Violations =	474
Routed	29/81 Partitions, Violations =	553
Routed	30/81 Partitions, Violations =	632
Routed	31/81 Partitions, Violations =	618
Routed	32/81 Partitions, Violations =	618
Routed	33/81 Partitions, Violations =	620
Routed	34/81 Partitions, Violations =	679
Routed	35/81 Partitions, Violations =	662
Routed	36/81 Partitions, Violations =	715
Routed	37/81 Partitions, Violations =	655
Routed	38/81 Partitions, Violations =	668
Routed	39/81 Partitions, Violations =	682
Routed	40/81 Partitions, Violations =	676
Routed	41/81 Partitions, Violations =	727
Routed	42/81 Partitions, Violations =	729
Routed	43/81 Partitions, Violations =	720
Routed	44/81 Partitions, Violations =	737
Routed	45/81 Partitions, Violations =	802
Routed	46/81 Partitions, Violations =	777
Routed	47/81 Partitions, Violations =	801
Routed	48/81 Partitions, Violations =	829
Routed	49/81 Partitions, Violations =	829
Routed	50/81 Partitions, Violations =	798
Routed	51/81 Partitions, Violations =	798
Routed	52/81 Partitions, Violations =	783
Routed	53/81 Partitions, Violations =	823
Routed	54/81 Partitions, Violations =	833
Routed	55/81 Partitions, Violations =	863
Routed	56/81 Partitions, Violations =	883
Routed	57/81 Partitions, Violations =	813
Routed	58/81 Partitions, Violations =	823
Routed	59/81 Partitions, Violations =	848
Routed	60/81 Partitions, Violations =	848
Routed	61/81 Partitions, Violations =	831
Routed	62/81 Partitions, Violations =	806
Routed	63/81 Partitions, Violations =	824
Routed	64/81 Partitions, Violations =	819
Routed	65/81 Partitions, Violations =	803
Routed	66/81 Partitions, Violations =	812
Routed	67/81 Partitions, Violations =	833
Routed	68/81 Partitions, Violations =	835
Routed	69/81 Partitions, Violations =	823
Routed	70/81 Partitions, Violations =	848
Routed	71/81 Partitions, Violations =	828
Routed	72/81 Partitions, Violations =	853
Routed	73/81 Partitions, Violations =	910
Routed	74/81 Partitions, Violations =	884
Routed	75/81 Partitions, Violations =	914
Routed	76/81 Partitions, Violations =	927
Routed	77/81 Partitions, Violations =	861
Routed	78/81 Partitions, Violations =	878
Routed	79/81 Partitions, Violations =	890
Routed	80/81 Partitions, Violations =	920
Routed	81/81 Partitions, Violations =	920

DRC-SUMMARY:
	@@@@@@@ TOTAL VIOLATIONS =	920
	Diff net spacing : 475
	Diff net via-cut spacing : 19
	Less than minimum area : 2
	Less than minimum width : 16
	Same net spacing : 2
	Short : 406

Information: The app option "route.detail.report_soft_drc_separately" will be on-by-default in future release. (ZRT-807)
	@@@@@@@ TOTAL SOFT VIOLATIONS =	0

[Iter 0] Elapsed real time: 0:00:06 
[Iter 0] Elapsed cpu  time: sys=0:00:00 usr=0:00:13 total=0:00:13
[Iter 0] Stage (MB): Used   87  Alloctr   87  Proc    0 
[Iter 0] Total (MB): Used  107  Alloctr  110  Proc 5849 

End DR iteration 0 with 81 parts

Start DR iteration 1: non-uniform partition
Routed	1/118 Partitions, Violations =	903
Routed	2/118 Partitions, Violations =	903
Routed	3/118 Partitions, Violations =	905
Routed	4/118 Partitions, Violations =	920
Routed	5/118 Partitions, Violations =	899
Routed	6/118 Partitions, Violations =	903
Routed	7/118 Partitions, Violations =	917
Routed	8/118 Partitions, Violations =	917
Routed	9/118 Partitions, Violations =	906
Routed	10/118 Partitions, Violations =	907
Routed	11/118 Partitions, Violations =	917
Routed	12/118 Partitions, Violations =	915
Routed	13/118 Partitions, Violations =	913
Routed	14/118 Partitions, Violations =	909
Routed	15/118 Partitions, Violations =	904
Routed	16/118 Partitions, Violations =	903
Routed	17/118 Partitions, Violations =	905
Routed	18/118 Partitions, Violations =	912
Routed	19/118 Partitions, Violations =	897
Routed	20/118 Partitions, Violations =	897
Routed	21/118 Partitions, Violations =	911
Routed	22/118 Partitions, Violations =	884
Routed	23/118 Partitions, Violations =	888
Routed	24/118 Partitions, Violations =	887
Routed	25/118 Partitions, Violations =	886
Routed	26/118 Partitions, Violations =	899
Routed	27/118 Partitions, Violations =	885
Routed	28/118 Partitions, Violations =	887
Routed	29/118 Partitions, Violations =	899
Routed	30/118 Partitions, Violations =	847
Routed	31/118 Partitions, Violations =	857
Routed	32/118 Partitions, Violations =	894
Routed	33/118 Partitions, Violations =	883
Routed	34/118 Partitions, Violations =	887
Routed	35/118 Partitions, Violations =	906
Routed	36/118 Partitions, Violations =	893
Routed	37/118 Partitions, Violations =	896
Routed	38/118 Partitions, Violations =	874
Routed	39/118 Partitions, Violations =	878
Routed	40/118 Partitions, Violations =	883
Routed	41/118 Partitions, Violations =	895
Routed	42/118 Partitions, Violations =	881
Routed	43/118 Partitions, Violations =	887
Routed	44/118 Partitions, Violations =	899
Routed	45/118 Partitions, Violations =	906
Routed	46/118 Partitions, Violations =	901
Routed	47/118 Partitions, Violations =	876
Routed	48/118 Partitions, Violations =	881
Routed	49/118 Partitions, Violations =	877
Routed	50/118 Partitions, Violations =	881
Routed	51/118 Partitions, Violations =	892
Routed	52/118 Partitions, Violations =	898
Routed	53/118 Partitions, Violations =	895
Routed	54/118 Partitions, Violations =	895
Routed	55/118 Partitions, Violations =	875
Routed	56/118 Partitions, Violations =	893
Routed	57/118 Partitions, Violations =	896
Routed	58/118 Partitions, Violations =	881
Routed	59/118 Partitions, Violations =	881
Routed	60/118 Partitions, Violations =	891
Routed	61/118 Partitions, Violations =	899
Routed	62/118 Partitions, Violations =	885
Routed	63/118 Partitions, Violations =	907
Routed	64/118 Partitions, Violations =	894
Routed	65/118 Partitions, Violations =	895
Routed	66/118 Partitions, Violations =	895
Routed	67/118 Partitions, Violations =	877
Routed	68/118 Partitions, Violations =	878
Routed	69/118 Partitions, Violations =	897
Routed	70/118 Partitions, Violations =	902
Routed	71/118 Partitions, Violations =	890
Routed	72/118 Partitions, Violations =	896
Routed	73/118 Partitions, Violations =	869
Routed	74/118 Partitions, Violations =	871
Routed	75/118 Partitions, Violations =	897
Routed	76/118 Partitions, Violations =	915
Routed	77/118 Partitions, Violations =	911
Routed	78/118 Partitions, Violations =	912
Routed	79/118 Partitions, Violations =	922
Routed	80/118 Partitions, Violations =	893
Routed	81/118 Partitions, Violations =	896
Routed	82/118 Partitions, Violations =	903
Routed	83/118 Partitions, Violations =	906
Routed	84/118 Partitions, Violations =	878
Routed	85/118 Partitions, Violations =	891
Routed	86/118 Partitions, Violations =	891
Routed	87/118 Partitions, Violations =	893
Routed	88/118 Partitions, Violations =	919
Routed	89/118 Partitions, Violations =	921
Routed	90/118 Partitions, Violations =	908
Routed	91/118 Partitions, Violations =	928
Routed	92/118 Partitions, Violations =	889
Routed	93/118 Partitions, Violations =	896
Routed	94/118 Partitions, Violations =	901
Routed	95/118 Partitions, Violations =	901
Routed	96/118 Partitions, Violations =	902
Routed	97/118 Partitions, Violations =	906
Routed	98/118 Partitions, Violations =	859
Routed	99/118 Partitions, Violations =	859
Routed	100/118 Partitions, Violations =	877
Routed	101/118 Partitions, Violations =	887
Routed	102/118 Partitions, Violations =	887
Routed	103/118 Partitions, Violations =	884
Routed	104/118 Partitions, Violations =	885
Routed	105/118 Partitions, Violations =	886
Routed	106/118 Partitions, Violations =	878
Routed	107/118 Partitions, Violations =	833
Routed	108/118 Partitions, Violations =	832
Routed	109/118 Partitions, Violations =	848
Routed	110/118 Partitions, Violations =	893
Routed	111/118 Partitions, Violations =	894
Routed	112/118 Partitions, Violations =	898
Routed	113/118 Partitions, Violations =	886
Routed	114/118 Partitions, Violations =	893
Routed	115/118 Partitions, Violations =	890
Routed	116/118 Partitions, Violations =	900
Routed	117/118 Partitions, Violations =	900
Routed	118/118 Partitions, Violations =	901

DRC-SUMMARY:
	@@@@@@@ TOTAL VIOLATIONS =	901
	Diff net spacing : 431
	Diff net via-cut spacing : 22
	Less than minimum area : 3
	Less than minimum width : 15
	Same net spacing : 7
	Short : 423

Information: The app option "route.detail.report_soft_drc_separately" will be on-by-default in future release. (ZRT-807)
	@@@@@@@ TOTAL SOFT VIOLATIONS =	0

[Iter 1] Elapsed real time: 0:00:09 
[Iter 1] Elapsed cpu  time: sys=0:00:00 usr=0:00:19 total=0:00:19
[Iter 1] Stage (MB): Used   87  Alloctr   87  Proc    0 
[Iter 1] Total (MB): Used  107  Alloctr  110  Proc 5849 

End DR iteration 1 with 118 parts

Start DR iteration 2: non-uniform partition
Routed	1/94 Partitions, Violations =	885
Routed	2/94 Partitions, Violations =	889
Routed	3/94 Partitions, Violations =	903
Routed	4/94 Partitions, Violations =	893
Routed	5/94 Partitions, Violations =	864
Routed	6/94 Partitions, Violations =	868
Routed	7/94 Partitions, Violations =	863
Routed	8/94 Partitions, Violations =	886
Routed	9/94 Partitions, Violations =	877
Routed	10/94 Partitions, Violations =	878
Routed	11/94 Partitions, Violations =	878
Routed	12/94 Partitions, Violations =	893
Routed	13/94 Partitions, Violations =	898
Routed	14/94 Partitions, Violations =	874
Routed	15/94 Partitions, Violations =	887
Routed	16/94 Partitions, Violations =	828
Routed	17/94 Partitions, Violations =	840
Routed	18/94 Partitions, Violations =	872
Routed	19/94 Partitions, Violations =	862
Routed	20/94 Partitions, Violations =	863
Routed	21/94 Partitions, Violations =	876
Routed	22/94 Partitions, Violations =	863
Routed	23/94 Partitions, Violations =	873
Routed	24/94 Partitions, Violations =	882
Routed	25/94 Partitions, Violations =	865
Routed	26/94 Partitions, Violations =	866
Routed	27/94 Partitions, Violations =	872
Routed	28/94 Partitions, Violations =	886
Routed	29/94 Partitions, Violations =	862
Routed	30/94 Partitions, Violations =	871
Routed	31/94 Partitions, Violations =	874
Routed	32/94 Partitions, Violations =	888
Routed	33/94 Partitions, Violations =	876
Routed	34/94 Partitions, Violations =	878
Routed	35/94 Partitions, Violations =	897
Routed	36/94 Partitions, Violations =	862
Routed	37/94 Partitions, Violations =	823
Routed	38/94 Partitions, Violations =	844
Routed	39/94 Partitions, Violations =	877
Routed	40/94 Partitions, Violations =	887
Routed	41/94 Partitions, Violations =	858
Routed	42/94 Partitions, Violations =	855
Routed	43/94 Partitions, Violations =	880
Routed	44/94 Partitions, Violations =	840
Routed	45/94 Partitions, Violations =	879
Routed	46/94 Partitions, Violations =	766
Routed	47/94 Partitions, Violations =	792
Routed	48/94 Partitions, Violations =	870
Routed	49/94 Partitions, Violations =	859
Routed	50/94 Partitions, Violations =	845
Routed	51/94 Partitions, Violations =	853
Routed	52/94 Partitions, Violations =	834
Routed	53/94 Partitions, Violations =	854
Routed	54/94 Partitions, Violations =	865
Routed	55/94 Partitions, Violations =	857
Routed	56/94 Partitions, Violations =	857
Routed	57/94 Partitions, Violations =	867
Routed	58/94 Partitions, Violations =	852
Routed	59/94 Partitions, Violations =	859
Routed	60/94 Partitions, Violations =	808
Routed	61/94 Partitions, Violations =	812
Routed	62/94 Partitions, Violations =	824
Routed	63/94 Partitions, Violations =	828
Routed	64/94 Partitions, Violations =	855
Routed	65/94 Partitions, Violations =	846
Routed	66/94 Partitions, Violations =	798
Routed	67/94 Partitions, Violations =	823
Routed	68/94 Partitions, Violations =	790
Routed	69/94 Partitions, Violations =	812
Routed	70/94 Partitions, Violations =	827
Routed	71/94 Partitions, Violations =	831
Routed	72/94 Partitions, Violations =	834
Routed	73/94 Partitions, Violations =	832
Routed	74/94 Partitions, Violations =	803
Routed	75/94 Partitions, Violations =	809
Routed	76/94 Partitions, Violations =	811
Routed	77/94 Partitions, Violations =	811
Routed	78/94 Partitions, Violations =	828
Routed	79/94 Partitions, Violations =	800
Routed	80/94 Partitions, Violations =	803
Routed	81/94 Partitions, Violations =	767
Routed	82/94 Partitions, Violations =	772
Routed	83/94 Partitions, Violations =	791
Routed	84/94 Partitions, Violations =	774
Routed	85/94 Partitions, Violations =	777
Routed	86/94 Partitions, Violations =	772
Routed	87/94 Partitions, Violations =	780
Routed	88/94 Partitions, Violations =	783
Routed	89/94 Partitions, Violations =	778
Routed	90/94 Partitions, Violations =	783
Routed	91/94 Partitions, Violations =	780
Routed	92/94 Partitions, Violations =	786
Routed	93/94 Partitions, Violations =	785
Routed	94/94 Partitions, Violations =	791

DRC-SUMMARY:
	@@@@@@@ TOTAL VIOLATIONS =	791
	Diff net spacing : 391
	Diff net via-cut spacing : 11
	Less than minimum area : 1
	Less than minimum width : 9
	Same net spacing : 12
	Short : 367

Information: The app option "route.detail.report_soft_drc_separately" will be on-by-default in future release. (ZRT-807)
	@@@@@@@ TOTAL SOFT VIOLATIONS =	0

[Iter 2] Elapsed real time: 0:00:13 
[Iter 2] Elapsed cpu  time: sys=0:00:00 usr=0:00:27 total=0:00:28
[Iter 2] Stage (MB): Used   87  Alloctr   87  Proc    0 
[Iter 2] Total (MB): Used  107  Alloctr  110  Proc 5849 

End DR iteration 2 with 94 parts

Start DR iteration 3: non-uniform partition
Routed	1/90 Partitions, Violations =	773
Routed	2/90 Partitions, Violations =	782
Routed	3/90 Partitions, Violations =	792
Routed	4/90 Partitions, Violations =	770
Routed	5/90 Partitions, Violations =	773
Routed	6/90 Partitions, Violations =	763
Routed	7/90 Partitions, Violations =	777
Routed	8/90 Partitions, Violations =	777
Routed	9/90 Partitions, Violations =	787
Routed	10/90 Partitions, Violations =	723
Routed	11/90 Partitions, Violations =	691
Routed	12/90 Partitions, Violations =	712
Routed	13/90 Partitions, Violations =	723
Routed	14/90 Partitions, Violations =	784
Routed	15/90 Partitions, Violations =	780
Routed	16/90 Partitions, Violations =	767
Routed	17/90 Partitions, Violations =	784
Routed	18/90 Partitions, Violations =	754
Routed	19/90 Partitions, Violations =	768
Routed	20/90 Partitions, Violations =	762
Routed	21/90 Partitions, Violations =	802
Routed	22/90 Partitions, Violations =	810
Routed	23/90 Partitions, Violations =	791
Routed	24/90 Partitions, Violations =	811
Routed	25/90 Partitions, Violations =	806
Routed	26/90 Partitions, Violations =	820
Routed	27/90 Partitions, Violations =	758
Routed	28/90 Partitions, Violations =	779
Routed	29/90 Partitions, Violations =	817
Routed	30/90 Partitions, Violations =	815
Routed	31/90 Partitions, Violations =	806
Routed	32/90 Partitions, Violations =	792
Routed	33/90 Partitions, Violations =	778
Routed	34/90 Partitions, Violations =	779
Routed	35/90 Partitions, Violations =	763
Routed	36/90 Partitions, Violations =	796
Routed	37/90 Partitions, Violations =	788
Routed	38/90 Partitions, Violations =	810
Routed	39/90 Partitions, Violations =	762
Routed	40/90 Partitions, Violations =	787
Routed	41/90 Partitions, Violations =	826
Routed	42/90 Partitions, Violations =	815
Routed	43/90 Partitions, Violations =	831
Routed	44/90 Partitions, Violations =	813
Routed	45/90 Partitions, Violations =	772
Routed	46/90 Partitions, Violations =	797
Routed	47/90 Partitions, Violations =	846
Routed	48/90 Partitions, Violations =	823
Routed	49/90 Partitions, Violations =	827
Routed	50/90 Partitions, Violations =	813
Routed	51/90 Partitions, Violations =	829
Routed	52/90 Partitions, Violations =	829
Routed	53/90 Partitions, Violations =	803
Routed	54/90 Partitions, Violations =	806
Routed	55/90 Partitions, Violations =	808
Routed	56/90 Partitions, Violations =	835
Routed	57/90 Partitions, Violations =	844
Routed	58/90 Partitions, Violations =	836
Routed	59/90 Partitions, Violations =	843
Routed	60/90 Partitions, Violations =	861
Routed	61/90 Partitions, Violations =	845
Routed	62/90 Partitions, Violations =	858
Routed	63/90 Partitions, Violations =	820
Routed	64/90 Partitions, Violations =	841
Routed	65/90 Partitions, Violations =	847
Routed	66/90 Partitions, Violations =	834
Routed	67/90 Partitions, Violations =	838
Routed	68/90 Partitions, Violations =	812
Routed	69/90 Partitions, Violations =	820
Routed	70/90 Partitions, Violations =	838
Routed	71/90 Partitions, Violations =	807
Routed	72/90 Partitions, Violations =	811
Routed	73/90 Partitions, Violations =	811
Routed	74/90 Partitions, Violations =	833
Routed	75/90 Partitions, Violations =	810
Routed	76/90 Partitions, Violations =	816
Routed	77/90 Partitions, Violations =	827
Routed	78/90 Partitions, Violations =	817
Routed	79/90 Partitions, Violations =	808
Routed	80/90 Partitions, Violations =	786
Routed	81/90 Partitions, Violations =	810
Routed	82/90 Partitions, Violations =	807
Routed	83/90 Partitions, Violations =	830
Routed	84/90 Partitions, Violations =	830
Routed	85/90 Partitions, Violations =	824
Routed	86/90 Partitions, Violations =	820
Routed	87/90 Partitions, Violations =	797
Routed	88/90 Partitions, Violations =	805
Routed	89/90 Partitions, Violations =	813
Routed	90/90 Partitions, Violations =	827

DRC-SUMMARY:
	@@@@@@@ TOTAL VIOLATIONS =	827
	Diff net spacing : 426
	Diff net via-cut spacing : 12
	Less than minimum area : 1
	Less than minimum width : 8
	Same net spacing : 8
	Short : 372

Information: The app option "route.detail.report_soft_drc_separately" will be on-by-default in future release. (ZRT-807)
	@@@@@@@ TOTAL SOFT VIOLATIONS =	0

[Iter 3] Elapsed real time: 0:00:19 
[Iter 3] Elapsed cpu  time: sys=0:00:00 usr=0:00:41 total=0:00:41
[Iter 3] Stage (MB): Used   87  Alloctr   87  Proc    0 
[Iter 3] Total (MB): Used  107  Alloctr  110  Proc 5849 

End DR iteration 3 with 90 parts

Start DR iteration 4: non-uniform partition
Routed	1/80 Partitions, Violations =	817
Routed	2/80 Partitions, Violations =	839
Routed	3/80 Partitions, Violations =	815
Routed	4/80 Partitions, Violations =	832
Routed	5/80 Partitions, Violations =	829
Routed	6/80 Partitions, Violations =	838
Routed	7/80 Partitions, Violations =	800
Routed	8/80 Partitions, Violations =	823
Routed	9/80 Partitions, Violations =	799
Routed	10/80 Partitions, Violations =	802
Routed	11/80 Partitions, Violations =	813
Routed	12/80 Partitions, Violations =	789
Routed	13/80 Partitions, Violations =	802
Routed	14/80 Partitions, Violations =	807
Routed	15/80 Partitions, Violations =	757
Routed	16/80 Partitions, Violations =	773
Routed	17/80 Partitions, Violations =	808
Routed	18/80 Partitions, Violations =	771
Routed	19/80 Partitions, Violations =	782
Routed	20/80 Partitions, Violations =	785
Routed	21/80 Partitions, Violations =	812
Routed	22/80 Partitions, Violations =	799
Routed	23/80 Partitions, Violations =	730
Routed	24/80 Partitions, Violations =	792
Routed	25/80 Partitions, Violations =	768
Routed	26/80 Partitions, Violations =	762
Routed	27/80 Partitions, Violations =	745
Routed	28/80 Partitions, Violations =	749
Routed	29/80 Partitions, Violations =	752
Routed	30/80 Partitions, Violations =	773
Routed	31/80 Partitions, Violations =	769
Routed	32/80 Partitions, Violations =	772
Routed	33/80 Partitions, Violations =	731
Routed	34/80 Partitions, Violations =	729
Routed	35/80 Partitions, Violations =	742
Routed	36/80 Partitions, Violations =	773
Routed	37/80 Partitions, Violations =	767
Routed	38/80 Partitions, Violations =	784
Routed	39/80 Partitions, Violations =	743
Routed	40/80 Partitions, Violations =	724
Routed	41/80 Partitions, Violations =	744
Routed	42/80 Partitions, Violations =	757
Routed	43/80 Partitions, Violations =	759
Routed	44/80 Partitions, Violations =	798
Routed	45/80 Partitions, Violations =	777
Routed	46/80 Partitions, Violations =	784
Routed	47/80 Partitions, Violations =	768
Routed	48/80 Partitions, Violations =	788
Routed	49/80 Partitions, Violations =	798
Routed	50/80 Partitions, Violations =	796
Routed	51/80 Partitions, Violations =	803
Routed	52/80 Partitions, Violations =	819
Routed	53/80 Partitions, Violations =	759
Routed	54/80 Partitions, Violations =	777
Routed	55/80 Partitions, Violations =	806
Routed	56/80 Partitions, Violations =	786
Routed	57/80 Partitions, Violations =	795
Routed	58/80 Partitions, Violations =	790
Routed	59/80 Partitions, Violations =	751
Routed	60/80 Partitions, Violations =	760
Routed	61/80 Partitions, Violations =	778
Routed	62/80 Partitions, Violations =	734
Routed	63/80 Partitions, Violations =	740
Routed	64/80 Partitions, Violations =	767
Routed	65/80 Partitions, Violations =	756
Routed	66/80 Partitions, Violations =	765
Routed	67/80 Partitions, Violations =	769
Routed	68/80 Partitions, Violations =	764
Routed	69/80 Partitions, Violations =	791
Routed	70/80 Partitions, Violations =	782
Routed	71/80 Partitions, Violations =	799
Routed	72/80 Partitions, Violations =	792
Routed	73/80 Partitions, Violations =	794
Routed	74/80 Partitions, Violations =	795
Routed	75/80 Partitions, Violations =	779
Routed	76/80 Partitions, Violations =	798
Routed	77/80 Partitions, Violations =	802
Routed	78/80 Partitions, Violations =	809
Routed	79/80 Partitions, Violations =	799
Routed	80/80 Partitions, Violations =	817

DRC-SUMMARY:
	@@@@@@@ TOTAL VIOLATIONS =	817
	Diff net spacing : 428
	Diff net via-cut spacing : 9
	Less than minimum area : 2
	Less than minimum width : 13
	Same net spacing : 9
	Short : 356

Information: The app option "route.detail.report_soft_drc_separately" will be on-by-default in future release. (ZRT-807)
	@@@@@@@ TOTAL SOFT VIOLATIONS =	0

[Iter 4] Elapsed real time: 0:00:26 
[Iter 4] Elapsed cpu  time: sys=0:00:00 usr=0:00:54 total=0:00:55
[Iter 4] Stage (MB): Used   87  Alloctr   87  Proc    0 
[Iter 4] Total (MB): Used  107  Alloctr  110  Proc 5849 

End DR iteration 4 with 80 parts

Start DR iteration 5: non-uniform partition
Routed	1/80 Partitions, Violations =	796
Routed	2/80 Partitions, Violations =	809
Routed	3/80 Partitions, Violations =	714
Routed	4/80 Partitions, Violations =	764
Routed	5/80 Partitions, Violations =	792
Routed	6/80 Partitions, Violations =	781
Routed	7/80 Partitions, Violations =	791
Routed	8/80 Partitions, Violations =	772
Routed	9/80 Partitions, Violations =	787
Routed	10/80 Partitions, Violations =	754
Routed	11/80 Partitions, Violations =	755
Routed	12/80 Partitions, Violations =	783
Routed	13/80 Partitions, Violations =	742
Routed	14/80 Partitions, Violations =	751
Routed	15/80 Partitions, Violations =	758
Routed	16/80 Partitions, Violations =	780
Routed	17/80 Partitions, Violations =	764
Routed	18/80 Partitions, Violations =	724
Routed	19/80 Partitions, Violations =	736
Routed	20/80 Partitions, Violations =	735
Routed	21/80 Partitions, Violations =	735
Routed	22/80 Partitions, Violations =	770
Routed	23/80 Partitions, Violations =	721
Routed	24/80 Partitions, Violations =	748
Routed	25/80 Partitions, Violations =	717
Routed	26/80 Partitions, Violations =	723
Routed	27/80 Partitions, Violations =	732
Routed	28/80 Partitions, Violations =	749
Routed	29/80 Partitions, Violations =	698
Routed	30/80 Partitions, Violations =	741
Routed	31/80 Partitions, Violations =	766
Routed	32/80 Partitions, Violations =	768
Routed	33/80 Partitions, Violations =	774
Routed	34/80 Partitions, Violations =	771
Routed	35/80 Partitions, Violations =	782
Routed	36/80 Partitions, Violations =	793
Routed	37/80 Partitions, Violations =	755
Routed	38/80 Partitions, Violations =	775
Routed	39/80 Partitions, Violations =	792
Routed	40/80 Partitions, Violations =	786
Routed	41/80 Partitions, Violations =	804
Routed	42/80 Partitions, Violations =	798
Routed	43/80 Partitions, Violations =	764
Routed	44/80 Partitions, Violations =	781
Routed	45/80 Partitions, Violations =	794
Routed	46/80 Partitions, Violations =	782
Routed	47/80 Partitions, Violations =	792
Routed	48/80 Partitions, Violations =	800
Routed	49/80 Partitions, Violations =	755
Routed	50/80 Partitions, Violations =	775
Routed	51/80 Partitions, Violations =	770
Routed	52/80 Partitions, Violations =	778
Routed	53/80 Partitions, Violations =	795
Routed	54/80 Partitions, Violations =	754
Routed	55/80 Partitions, Violations =	763
Routed	56/80 Partitions, Violations =	777
Routed	57/80 Partitions, Violations =	757
Routed	58/80 Partitions, Violations =	770
Routed	59/80 Partitions, Violations =	764
Routed	60/80 Partitions, Violations =	769
Routed	61/80 Partitions, Violations =	780
Routed	62/80 Partitions, Violations =	785
Routed	63/80 Partitions, Violations =	774
Routed	64/80 Partitions, Violations =	739
Routed	65/80 Partitions, Violations =	744
Routed	66/80 Partitions, Violations =	758
Routed	67/80 Partitions, Violations =	779
Routed	68/80 Partitions, Violations =	776
Routed	69/80 Partitions, Violations =	759
Routed	70/80 Partitions, Violations =	757
Routed	71/80 Partitions, Violations =	753
Routed	72/80 Partitions, Violations =	751
Routed	73/80 Partitions, Violations =	778
Routed	74/80 Partitions, Violations =	780
Routed	75/80 Partitions, Violations =	769
Routed	76/80 Partitions, Violations =	764
Routed	77/80 Partitions, Violations =	791
Routed	78/80 Partitions, Violations =	787
Routed	79/80 Partitions, Violations =	799
Routed	80/80 Partitions, Violations =	811

DRC-SUMMARY:
	@@@@@@@ TOTAL VIOLATIONS =	811
	Diff net spacing : 384
	Diff net via-cut spacing : 13
	Less than minimum area : 4
	Less than minimum width : 9
	Same net spacing : 9
	Short : 392

Information: The app option "route.detail.report_soft_drc_separately" will be on-by-default in future release. (ZRT-807)
	@@@@@@@ TOTAL SOFT VIOLATIONS =	0

[Iter 5] Elapsed real time: 0:00:34 
[Iter 5] Elapsed cpu  time: sys=0:00:00 usr=0:01:12 total=0:01:12
[Iter 5] Stage (MB): Used   87  Alloctr   87  Proc    0 
[Iter 5] Total (MB): Used  107  Alloctr  110  Proc 5849 

End DR iteration 5 with 80 parts

Start DR iteration 6: non-uniform partition
Routed	1/73 Partitions, Violations =	811
Routed	2/73 Partitions, Violations =	807
Routed	3/73 Partitions, Violations =	764
Routed	4/73 Partitions, Violations =	777
Routed	5/73 Partitions, Violations =	804
Routed	6/73 Partitions, Violations =	796
Routed	7/73 Partitions, Violations =	804
Routed	8/73 Partitions, Violations =	763
Routed	9/73 Partitions, Violations =	802
Routed	10/73 Partitions, Violations =	770
Routed	11/73 Partitions, Violations =	772
Routed	12/73 Partitions, Violations =	799
Routed	13/73 Partitions, Violations =	770
Routed	14/73 Partitions, Violations =	791
Routed	15/73 Partitions, Violations =	806
Routed	16/73 Partitions, Violations =	771
Routed	17/73 Partitions, Violations =	772
Routed	18/73 Partitions, Violations =	804
Routed	19/73 Partitions, Violations =	806
Routed	20/73 Partitions, Violations =	766
Routed	21/73 Partitions, Violations =	800
Routed	22/73 Partitions, Violations =	790
Routed	23/73 Partitions, Violations =	799
Routed	24/73 Partitions, Violations =	768
Routed	25/73 Partitions, Violations =	770
Routed	26/73 Partitions, Violations =	805
Routed	27/73 Partitions, Violations =	791
Routed	28/73 Partitions, Violations =	800
Routed	29/73 Partitions, Violations =	753
Routed	30/73 Partitions, Violations =	733
Routed	31/73 Partitions, Violations =	790
Routed	32/73 Partitions, Violations =	782
Routed	33/73 Partitions, Violations =	796
Routed	34/73 Partitions, Violations =	797
Routed	35/73 Partitions, Violations =	821
Routed	36/73 Partitions, Violations =	822
Routed	37/73 Partitions, Violations =	800
Routed	38/73 Partitions, Violations =	822
Routed	39/73 Partitions, Violations =	813
Routed	40/73 Partitions, Violations =	822
Routed	41/73 Partitions, Violations =	817
Routed	42/73 Partitions, Violations =	822
Routed	43/73 Partitions, Violations =	785
Routed	44/73 Partitions, Violations =	790
Routed	45/73 Partitions, Violations =	786
Routed	46/73 Partitions, Violations =	762
Routed	47/73 Partitions, Violations =	787
Routed	48/73 Partitions, Violations =	825
Routed	49/73 Partitions, Violations =	793
Routed	50/73 Partitions, Violations =	804
Routed	51/73 Partitions, Violations =	809
Routed	52/73 Partitions, Violations =	802
Routed	53/73 Partitions, Violations =	811
Routed	54/73 Partitions, Violations =	806
Routed	55/73 Partitions, Violations =	808
Routed	56/73 Partitions, Violations =	799
Routed	57/73 Partitions, Violations =	774
Routed	58/73 Partitions, Violations =	787
Routed	59/73 Partitions, Violations =	800
Routed	60/73 Partitions, Violations =	755
Routed	61/73 Partitions, Violations =	739
Routed	62/73 Partitions, Violations =	763
Routed	63/73 Partitions, Violations =	758
Routed	64/73 Partitions, Violations =	759
Routed	65/73 Partitions, Violations =	745
Routed	66/73 Partitions, Violations =	757
Routed	67/73 Partitions, Violations =	736
Routed	68/73 Partitions, Violations =	751
Routed	69/73 Partitions, Violations =	755
Routed	70/73 Partitions, Violations =	760
Routed	71/73 Partitions, Violations =	773
Routed	72/73 Partitions, Violations =	772
Routed	73/73 Partitions, Violations =	781

DRC-SUMMARY:
	@@@@@@@ TOTAL VIOLATIONS =	781
	Diff net spacing : 389
	Diff net via-cut spacing : 10
	Less than minimum area : 4
	Less than minimum width : 13
	Same net spacing : 11
	Short : 354

Information: The app option "route.detail.report_soft_drc_separately" will be on-by-default in future release. (ZRT-807)
	@@@@@@@ TOTAL SOFT VIOLATIONS =	0

[Iter 6] Elapsed real time: 0:00:45 
[Iter 6] Elapsed cpu  time: sys=0:00:00 usr=0:01:33 total=0:01:34
[Iter 6] Stage (MB): Used   87  Alloctr   87  Proc    0 
[Iter 6] Total (MB): Used  107  Alloctr  110  Proc 5849 

End DR iteration 6 with 73 parts

Start DR iteration 7: non-uniform partition
Routed	1/76 Partitions, Violations =	782
Routed	2/76 Partitions, Violations =	759
Routed	3/76 Partitions, Violations =	771
Routed	4/76 Partitions, Violations =	760
Routed	5/76 Partitions, Violations =	766
Routed	6/76 Partitions, Violations =	756
Routed	7/76 Partitions, Violations =	775
Routed	8/76 Partitions, Violations =	785
Routed	9/76 Partitions, Violations =	777
Routed	10/76 Partitions, Violations =	786
Routed	11/76 Partitions, Violations =	757
Routed	12/76 Partitions, Violations =	784
Routed	13/76 Partitions, Violations =	715
Routed	14/76 Partitions, Violations =	733
Routed	15/76 Partitions, Violations =	728
Routed	16/76 Partitions, Violations =	728
Routed	17/76 Partitions, Violations =	756
Routed	18/76 Partitions, Violations =	771
Routed	19/76 Partitions, Violations =	749
Routed	20/76 Partitions, Violations =	775
Routed	21/76 Partitions, Violations =	742
Routed	22/76 Partitions, Violations =	757
Routed	23/76 Partitions, Violations =	758
Routed	24/76 Partitions, Violations =	769
Routed	25/76 Partitions, Violations =	791
Routed	26/76 Partitions, Violations =	766
Routed	27/76 Partitions, Violations =	766
Routed	28/76 Partitions, Violations =	778
Routed	29/76 Partitions, Violations =	757
Routed	30/76 Partitions, Violations =	733
Routed	31/76 Partitions, Violations =	755
Routed	32/76 Partitions, Violations =	778
Routed	33/76 Partitions, Violations =	738
Routed	34/76 Partitions, Violations =	747
Routed	35/76 Partitions, Violations =	772
Routed	36/76 Partitions, Violations =	760
Routed	37/76 Partitions, Violations =	765
Routed	38/76 Partitions, Violations =	777
Routed	39/76 Partitions, Violations =	750
Routed	40/76 Partitions, Violations =	726
Routed	41/76 Partitions, Violations =	786
Routed	42/76 Partitions, Violations =	810
Routed	43/76 Partitions, Violations =	788
Routed	44/76 Partitions, Violations =	824
Routed	45/76 Partitions, Violations =	813
Routed	46/76 Partitions, Violations =	801
Routed	47/76 Partitions, Violations =	801
Routed	48/76 Partitions, Violations =	830
Routed	49/76 Partitions, Violations =	789
Routed	50/76 Partitions, Violations =	808
Routed	51/76 Partitions, Violations =	805
Routed	52/76 Partitions, Violations =	795
Routed	53/76 Partitions, Violations =	805
Routed	54/76 Partitions, Violations =	827
Routed	55/76 Partitions, Violations =	813
Routed	56/76 Partitions, Violations =	824
Routed	57/76 Partitions, Violations =	832
Routed	58/76 Partitions, Violations =	802
Routed	59/76 Partitions, Violations =	814
Routed	60/76 Partitions, Violations =	816
Routed	61/76 Partitions, Violations =	816
Routed	62/76 Partitions, Violations =	803
Routed	63/76 Partitions, Violations =	801
Routed	64/76 Partitions, Violations =	794
Routed	65/76 Partitions, Violations =	813
Routed	66/76 Partitions, Violations =	821
Routed	67/76 Partitions, Violations =	818
Routed	68/76 Partitions, Violations =	820
Routed	69/76 Partitions, Violations =	851
Routed	70/76 Partitions, Violations =	819
Routed	71/76 Partitions, Violations =	839
Routed	72/76 Partitions, Violations =	837
Routed	73/76 Partitions, Violations =	838
Routed	74/76 Partitions, Violations =	841
Routed	75/76 Partitions, Violations =	840
Routed	76/76 Partitions, Violations =	840

DRC-SUMMARY:
	@@@@@@@ TOTAL VIOLATIONS =	840
	Diff net spacing : 408
	Diff net via-cut spacing : 9
	Less than minimum area : 5
	Less than minimum width : 14
	Same net spacing : 12
	Short : 392

Information: The app option "route.detail.report_soft_drc_separately" will be on-by-default in future release. (ZRT-807)
	@@@@@@@ TOTAL SOFT VIOLATIONS =	0

[Iter 7] Elapsed real time: 0:00:56 
[Iter 7] Elapsed cpu  time: sys=0:00:00 usr=0:01:56 total=0:01:56
[Iter 7] Stage (MB): Used   87  Alloctr   87  Proc    0 
[Iter 7] Total (MB): Used  107  Alloctr  110  Proc 5849 

End DR iteration 7 with 76 parts

Start DR iteration 8: non-uniform partition
Routed	1/71 Partitions, Violations =	841
Routed	2/71 Partitions, Violations =	816
Routed	3/71 Partitions, Violations =	847
Routed	4/71 Partitions, Violations =	838
Routed	5/71 Partitions, Violations =	831
Routed	6/71 Partitions, Violations =	838
Routed	7/71 Partitions, Violations =	844
Routed	8/71 Partitions, Violations =	848
Routed	9/71 Partitions, Violations =	864
Routed	10/71 Partitions, Violations =	789
Routed	11/71 Partitions, Violations =	789
Routed	12/71 Partitions, Violations =	818
Routed	13/71 Partitions, Violations =	839
Routed	14/71 Partitions, Violations =	818
Routed	15/71 Partitions, Violations =	818
Routed	16/71 Partitions, Violations =	852
Routed	17/71 Partitions, Violations =	826
Routed	18/71 Partitions, Violations =	781
Routed	19/71 Partitions, Violations =	773
Routed	20/71 Partitions, Violations =	829
Routed	21/71 Partitions, Violations =	818
Routed	22/71 Partitions, Violations =	813
Routed	23/71 Partitions, Violations =	842
Routed	24/71 Partitions, Violations =	813
Routed	25/71 Partitions, Violations =	836
Routed	26/71 Partitions, Violations =	849
Routed	27/71 Partitions, Violations =	843
Routed	28/71 Partitions, Violations =	812
Routed	29/71 Partitions, Violations =	820
Routed	30/71 Partitions, Violations =	825
Routed	31/71 Partitions, Violations =	821
Routed	32/71 Partitions, Violations =	835
Routed	33/71 Partitions, Violations =	828
Routed	34/71 Partitions, Violations =	832
Routed	35/71 Partitions, Violations =	863
Routed	36/71 Partitions, Violations =	840
Routed	37/71 Partitions, Violations =	846
Routed	38/71 Partitions, Violations =	850
Routed	39/71 Partitions, Violations =	870
Routed	40/71 Partitions, Violations =	846
Routed	41/71 Partitions, Violations =	812
Routed	42/71 Partitions, Violations =	798
Routed	43/71 Partitions, Violations =	823
Routed	44/71 Partitions, Violations =	862
Routed	45/71 Partitions, Violations =	862
Routed	46/71 Partitions, Violations =	850
Routed	47/71 Partitions, Violations =	872
Routed	48/71 Partitions, Violations =	825
Routed	49/71 Partitions, Violations =	833
Routed	50/71 Partitions, Violations =	871
Routed	51/71 Partitions, Violations =	868
Routed	52/71 Partitions, Violations =	854
Routed	53/71 Partitions, Violations =	832
Routed	54/71 Partitions, Violations =	858
Routed	55/71 Partitions, Violations =	798
Routed	56/71 Partitions, Violations =	799
Routed	57/71 Partitions, Violations =	809
Routed	58/71 Partitions, Violations =	810
Routed	59/71 Partitions, Violations =	790
Routed	60/71 Partitions, Violations =	794
Routed	61/71 Partitions, Violations =	782
Routed	62/71 Partitions, Violations =	798
Routed	63/71 Partitions, Violations =	792
Routed	64/71 Partitions, Violations =	803
Routed	65/71 Partitions, Violations =	803
Routed	66/71 Partitions, Violations =	789
Routed	67/71 Partitions, Violations =	797
Routed	68/71 Partitions, Violations =	796
Routed	69/71 Partitions, Violations =	813
Routed	70/71 Partitions, Violations =	787
Routed	71/71 Partitions, Violations =	815

DRC-SUMMARY:
	@@@@@@@ TOTAL VIOLATIONS =	815
	Diff net spacing : 416
	Diff net via-cut spacing : 8
	Less than minimum area : 2
	Less than minimum width : 11
	Same net spacing : 10
	Short : 368

Information: The app option "route.detail.report_soft_drc_separately" will be on-by-default in future release. (ZRT-807)
	@@@@@@@ TOTAL SOFT VIOLATIONS =	0

[Iter 8] Elapsed real time: 0:01:07 
[Iter 8] Elapsed cpu  time: sys=0:00:00 usr=0:02:18 total=0:02:18
[Iter 8] Stage (MB): Used   87  Alloctr   87  Proc    0 
[Iter 8] Total (MB): Used  107  Alloctr  110  Proc 5849 

End DR iteration 8 with 71 parts

Start DR iteration 9: non-uniform partition
Routed	1/65 Partitions, Violations =	822
Routed	2/65 Partitions, Violations =	740
Routed	3/65 Partitions, Violations =	741
Routed	4/65 Partitions, Violations =	766
Routed	5/65 Partitions, Violations =	765
Routed	6/65 Partitions, Violations =	808
Routed	7/65 Partitions, Violations =	794
Routed	8/65 Partitions, Violations =	767
Routed	9/65 Partitions, Violations =	798
Routed	10/65 Partitions, Violations =	787
Routed	11/65 Partitions, Violations =	790
Routed	12/65 Partitions, Violations =	796
Routed	13/65 Partitions, Violations =	780
Routed	14/65 Partitions, Violations =	772
Routed	15/65 Partitions, Violations =	799
Routed	16/65 Partitions, Violations =	798
Routed	17/65 Partitions, Violations =	716
Routed	18/65 Partitions, Violations =	772
Routed	19/65 Partitions, Violations =	792
Routed	20/65 Partitions, Violations =	722
Routed	21/65 Partitions, Violations =	746
Routed	22/65 Partitions, Violations =	772
Routed	23/65 Partitions, Violations =	749
Routed	24/65 Partitions, Violations =	761
Routed	25/65 Partitions, Violations =	788
Routed	26/65 Partitions, Violations =	769
Routed	27/65 Partitions, Violations =	784
Routed	28/65 Partitions, Violations =	742
Routed	29/65 Partitions, Violations =	755
Routed	30/65 Partitions, Violations =	765
Routed	31/65 Partitions, Violations =	769
Routed	32/65 Partitions, Violations =	785
Routed	33/65 Partitions, Violations =	757
Routed	34/65 Partitions, Violations =	740
Routed	35/65 Partitions, Violations =	763
Routed	36/65 Partitions, Violations =	759
Routed	37/65 Partitions, Violations =	759
Routed	38/65 Partitions, Violations =	771
Routed	39/65 Partitions, Violations =	773
Routed	40/65 Partitions, Violations =	791
Routed	41/65 Partitions, Violations =	757
Routed	42/65 Partitions, Violations =	781
Routed	43/65 Partitions, Violations =	756
Routed	44/65 Partitions, Violations =	760
Routed	45/65 Partitions, Violations =	786
Routed	46/65 Partitions, Violations =	778
Routed	47/65 Partitions, Violations =	777
Routed	48/65 Partitions, Violations =	749
Routed	49/65 Partitions, Violations =	758
Routed	50/65 Partitions, Violations =	770
Routed	51/65 Partitions, Violations =	782
Routed	52/65 Partitions, Violations =	773
Routed	53/65 Partitions, Violations =	783
Routed	54/65 Partitions, Violations =	767
Routed	55/65 Partitions, Violations =	761
Routed	56/65 Partitions, Violations =	761
Routed	57/65 Partitions, Violations =	777
Routed	58/65 Partitions, Violations =	789
Routed	59/65 Partitions, Violations =	753
Routed	60/65 Partitions, Violations =	752
Routed	61/65 Partitions, Violations =	723
Routed	62/65 Partitions, Violations =	736
Routed	63/65 Partitions, Violations =	755
Routed	64/65 Partitions, Violations =	767
Routed	65/65 Partitions, Violations =	778

DRC-SUMMARY:
	@@@@@@@ TOTAL VIOLATIONS =	778
	Diff net spacing : 391
	Diff net via-cut spacing : 6
	Less than minimum area : 3
	Less than minimum width : 14
	Same net spacing : 8
	Short : 356

Information: The app option "route.detail.report_soft_drc_separately" will be on-by-default in future release. (ZRT-807)
	@@@@@@@ TOTAL SOFT VIOLATIONS =	0

[Iter 9] Elapsed real time: 0:01:20 
[Iter 9] Elapsed cpu  time: sys=0:00:01 usr=0:02:44 total=0:02:45
[Iter 9] Stage (MB): Used   87  Alloctr   87  Proc    0 
[Iter 9] Total (MB): Used  107  Alloctr  110  Proc 5849 

End DR iteration 9 with 65 parts

Start DR iteration 10: non-uniform partition
Routed	1/65 Partitions, Violations =	756
Routed	2/65 Partitions, Violations =	780
Routed	3/65 Partitions, Violations =	751
Routed	4/65 Partitions, Violations =	787
Routed	5/65 Partitions, Violations =	774
Routed	6/65 Partitions, Violations =	791
Routed	7/65 Partitions, Violations =	781
Routed	8/65 Partitions, Violations =	791
Routed	9/65 Partitions, Violations =	774
Routed	10/65 Partitions, Violations =	774
Routed	11/65 Partitions, Violations =	797
Routed	12/65 Partitions, Violations =	794
Routed	13/65 Partitions, Violations =	799
Routed	14/65 Partitions, Violations =	750
Routed	15/65 Partitions, Violations =	780
Routed	16/65 Partitions, Violations =	779
Routed	17/65 Partitions, Violations =	795
Routed	18/65 Partitions, Violations =	765
Routed	19/65 Partitions, Violations =	764
Routed	20/65 Partitions, Violations =	794
Routed	21/65 Partitions, Violations =	744
Routed	22/65 Partitions, Violations =	775
Routed	23/65 Partitions, Violations =	758
Routed	24/65 Partitions, Violations =	765
Routed	25/65 Partitions, Violations =	774
Routed	26/65 Partitions, Violations =	796
Routed	27/65 Partitions, Violations =	783
Routed	28/65 Partitions, Violations =	754
Routed	29/65 Partitions, Violations =	730
Routed	30/65 Partitions, Violations =	769
Routed	31/65 Partitions, Violations =	758
Routed	32/65 Partitions, Violations =	813
Routed	33/65 Partitions, Violations =	797
Routed	34/65 Partitions, Violations =	783
Routed	35/65 Partitions, Violations =	789
Routed	36/65 Partitions, Violations =	803
Routed	37/65 Partitions, Violations =	804
Routed	38/65 Partitions, Violations =	804
Routed	39/65 Partitions, Violations =	807
Routed	40/65 Partitions, Violations =	806
Routed	41/65 Partitions, Violations =	827
Routed	42/65 Partitions, Violations =	810
Routed	43/65 Partitions, Violations =	798
Routed	44/65 Partitions, Violations =	809
Routed	45/65 Partitions, Violations =	826
Routed	46/65 Partitions, Violations =	798
Routed	47/65 Partitions, Violations =	802
Routed	48/65 Partitions, Violations =	775
Routed	49/65 Partitions, Violations =	794
Routed	50/65 Partitions, Violations =	821
Routed	51/65 Partitions, Violations =	835
Routed	52/65 Partitions, Violations =	823
Routed	53/65 Partitions, Violations =	817
Routed	54/65 Partitions, Violations =	823
Routed	55/65 Partitions, Violations =	817
Routed	56/65 Partitions, Violations =	805
Routed	57/65 Partitions, Violations =	828
Routed	58/65 Partitions, Violations =	806
Routed	59/65 Partitions, Violations =	824
Routed	60/65 Partitions, Violations =	803
Routed	61/65 Partitions, Violations =	812
Routed	62/65 Partitions, Violations =	821
Routed	63/65 Partitions, Violations =	844
Routed	64/65 Partitions, Violations =	848
Routed	65/65 Partitions, Violations =	834

DRC-SUMMARY:
	@@@@@@@ TOTAL VIOLATIONS =	834
	Diff net spacing : 455
	Diff net via-cut spacing : 6
	Less than minimum area : 3
	Less than minimum width : 12
	Same net spacing : 6
	Short : 352

Information: The app option "route.detail.report_soft_drc_separately" will be on-by-default in future release. (ZRT-807)
	@@@@@@@ TOTAL SOFT VIOLATIONS =	0

[Iter 10] Elapsed real time: 0:01:36 
[Iter 10] Elapsed cpu  time: sys=0:00:01 usr=0:03:13 total=0:03:14
[Iter 10] Stage (MB): Used   87  Alloctr   87  Proc    0 
[Iter 10] Total (MB): Used  107  Alloctr  110  Proc 5849 

End DR iteration 10 with 65 parts

Incremental DRC patching before early termination:
Routed	1/65 Partitions, Violations =	834
Routed	2/65 Partitions, Violations =	834
Routed	3/65 Partitions, Violations =	834
Routed	4/65 Partitions, Violations =	834
Routed	5/65 Partitions, Violations =	834
Routed	6/65 Partitions, Violations =	798
Routed	7/65 Partitions, Violations =	815
Routed	8/65 Partitions, Violations =	834
Routed	9/65 Partitions, Violations =	806
Routed	10/65 Partitions, Violations =	834
Routed	11/65 Partitions, Violations =	793
Routed	12/65 Partitions, Violations =	831
Routed	13/65 Partitions, Violations =	793
Routed	14/65 Partitions, Violations =	831
Routed	15/65 Partitions, Violations =	831
Routed	16/65 Partitions, Violations =	831
Routed	17/65 Partitions, Violations =	831
Routed	18/65 Partitions, Violations =	805
Routed	19/65 Partitions, Violations =	805
Routed	20/65 Partitions, Violations =	831
Routed	21/65 Partitions, Violations =	827
Routed	22/65 Partitions, Violations =	831
Routed	23/65 Partitions, Violations =	814
Routed	24/65 Partitions, Violations =	814
Routed	25/65 Partitions, Violations =	830
Routed	26/65 Partitions, Violations =	814
Routed	27/65 Partitions, Violations =	814
Routed	28/65 Partitions, Violations =	829
Routed	29/65 Partitions, Violations =	804
Routed	30/65 Partitions, Violations =	829
Routed	31/65 Partitions, Violations =	748
Routed	32/65 Partitions, Violations =	779
Routed	33/65 Partitions, Violations =	830
Routed	34/65 Partitions, Violations =	830
Routed	35/65 Partitions, Violations =	830
Routed	36/65 Partitions, Violations =	809
Routed	37/65 Partitions, Violations =	809
Routed	38/65 Partitions, Violations =	832
Routed	39/65 Partitions, Violations =	752
Routed	40/65 Partitions, Violations =	789
Routed	41/65 Partitions, Violations =	832
Routed	42/65 Partitions, Violations =	825
Routed	43/65 Partitions, Violations =	834
Routed	44/65 Partitions, Violations =	815
Routed	45/65 Partitions, Violations =	834
Routed	46/65 Partitions, Violations =	812
Routed	47/65 Partitions, Violations =	832
Routed	48/65 Partitions, Violations =	806
Routed	49/65 Partitions, Violations =	832
Routed	50/65 Partitions, Violations =	832
Routed	51/65 Partitions, Violations =	790
Routed	52/65 Partitions, Violations =	805
Routed	53/65 Partitions, Violations =	832
Routed	54/65 Partitions, Violations =	796
Routed	55/65 Partitions, Violations =	812
Routed	56/65 Partitions, Violations =	812
Routed	57/65 Partitions, Violations =	832
Routed	58/65 Partitions, Violations =	799
Routed	59/65 Partitions, Violations =	802
Routed	60/65 Partitions, Violations =	832
Routed	61/65 Partitions, Violations =	832
Routed	62/65 Partitions, Violations =	816
Routed	63/65 Partitions, Violations =	831
Routed	64/65 Partitions, Violations =	831
Routed	65/65 Partitions, Violations =	832

DRC-SUMMARY:
	@@@@@@@ TOTAL VIOLATIONS =	832
	Diff net spacing : 455
	Diff net via-cut spacing : 6
	Less than minimum area : 3
	Less than minimum width : 12
	Same net spacing : 5
	Short : 351

Information: The app option "route.detail.report_soft_drc_separately" will be on-by-default in future release. (ZRT-807)
	@@@@@@@ TOTAL SOFT VIOLATIONS =	0

[Iter 11] Elapsed real time: 0:01:37 
[Iter 11] Elapsed cpu  time: sys=0:00:01 usr=0:03:15 total=0:03:16
[Iter 11] Stage (MB): Used   87  Alloctr   87  Proc    0 
[Iter 11] Total (MB): Used  107  Alloctr  110  Proc 5849 

End DR iteration 11 with 65 parts

Stop DR since not converging

Information: Detail Routing terminated early because DRCs were not converging: true (ZRT-312)
[DR] Elapsed real time: 0:01:37 
[DR] Elapsed cpu  time: sys=0:00:01 usr=0:03:15 total=0:03:16
[DR] Stage (MB): Used    1  Alloctr    1  Proc    0 
[DR] Total (MB): Used   21  Alloctr   24  Proc 5849 
[DR: Done] Elapsed real time: 0:01:37 
[DR: Done] Elapsed cpu  time: sys=0:00:01 usr=0:03:15 total=0:03:16
[DR: Done] Stage (MB): Used    1  Alloctr    1  Proc    0 
[DR: Done] Total (MB): Used   21  Alloctr   24  Proc 5849 

DR finished with 0 open nets, of which 0 are frozen
Information: Merged away 337 aligned/redundant DRCs. (ZRT-305)

DR finished with 495 violations

DRC-SUMMARY:
	@@@@@@@ TOTAL VIOLATIONS =	495
	Diff net spacing : 191
	Diff net via-cut spacing : 6
	Less than minimum area : 3
	Less than minimum width : 12
	Same net spacing : 5
	Short : 278

Information: The app option "route.detail.report_soft_drc_separately" will be on-by-default in future release. (ZRT-807)
	@@@@@@@ TOTAL SOFT VIOLATIONS =	0



Total Wire Length =                    223615 micron
Total Number of Contacts =             29193
Total Number of Wires =                32247
Total Number of PtConns =              3291
Total Number of Routed Wires =       30723
Total Routed Wire Length =           222340 micron
Total Number of Routed Contacts =       29193
	Layer    METAL1 :       6053 micron
	Layer    METAL2 :      54073 micron
	Layer    METAL3 :     101188 micron
	Layer    METAL4 :      55158 micron
	Layer    METAL5 :       5649 micron
	Layer    METAL6 :        220 micron
	Via        via5 :          6
	Via        via4 :        129
	Via        via3 :       3559
	Via        via2 :      12543
	Via   via2(rot) :         33
	Via        via1 :       1965
	Via   via1(rot) :      10958

 
Redundant via conversion report:
--------------------------------

  Total optimized via conversion rate =  0.00% (0 / 29193 vias)
 
    Layer VIA12      =  0.00% (0      / 12923   vias)
        Un-optimized =  0.00% (0       vias)
        Un-mapped    = 100.00% (12923   vias)
    Layer VIA23      =  0.00% (0      / 12576   vias)
        Un-optimized =  0.00% (0       vias)
        Un-mapped    = 100.00% (12576   vias)
    Layer VIA34      =  0.00% (0      / 3559    vias)
        Un-optimized =  0.00% (0       vias)
        Un-mapped    = 100.00% (3559    vias)
    Layer VIA45      =  0.00% (0      / 129     vias)
        Un-optimized =  0.00% (0       vias)
        Un-mapped    = 100.00% (129     vias)
    Layer VIA56      =  0.00% (0      / 6       vias)
        Un-optimized =  0.00% (0       vias)
        Un-mapped    = 100.00% (6       vias)
 
  Total double via conversion rate    =  0.00% (0 / 29193 vias)
 
    Layer VIA12      =  0.00% (0      / 12923   vias)
    Layer VIA23      =  0.00% (0      / 12576   vias)
    Layer VIA34      =  0.00% (0      / 3559    vias)
    Layer VIA45      =  0.00% (0      / 129     vias)
    Layer VIA56      =  0.00% (0      / 6       vias)
 
  The optimized via conversion rate based on total routed via count =  0.00% (0 / 29193 vias)
 
    Layer VIA12      =  0.00% (0      / 12923   vias)
        Un-optimized =  0.00% (0       vias)
        Un-mapped    = 100.00% (12923   vias)
    Layer VIA23      =  0.00% (0      / 12576   vias)
        Un-optimized =  0.00% (0       vias)
        Un-mapped    = 100.00% (12576   vias)
    Layer VIA34      =  0.00% (0      / 3559    vias)
        Un-optimized =  0.00% (0       vias)
        Un-mapped    = 100.00% (3559    vias)
    Layer VIA45      =  0.00% (0      / 129     vias)
        Un-optimized =  0.00% (0       vias)
        Un-mapped    = 100.00% (129     vias)
    Layer VIA56      =  0.00% (0      / 6       vias)
        Un-optimized =  0.00% (0       vias)
        Un-mapped    = 100.00% (6       vias)
 

Total number of nets = 3782
0 open nets, of which 0 are frozen
Total number of excluded ports = 0 ports of 0 unplaced cells connected to 0 nets
                                 0 ports without pins of 0 cells connected to 0 nets
                                 0 ports of 0 cover cells connected to 0 non-pg nets
Total number of DRCs = 495
Total number of antenna violations = antenna checking not active
Information: Routes in non-preferred voltage areas = 0 (ZRT-559)

Updating the database ...
Information: Extraction observers are detached as design net change threshold is reached.
Information: Ending   'route_auto' (FLW-8001)
Information: Time: 2026-09-18 20:23:48 / Session:  00:03:40 / Command:  00:01:38 / CPU:  00:03:17 / Memory: 2147 MB (FLW-8100)
#### STAGE OK: route_auto
run "route_opt"               {route_opt}
Information: Starting 'route_opt' (FLW-8000)
Information: Time: 2026-09-18 20:23:48 / Session:  00:03:40 / Command:  00:00:00 / CPU:  00:00:00 / Memory: 2147 MB (FLW-8100)
INFO: route_opt is running in balanced flow mode
Warning: SI analysis is not enabled for post-route optimization. (ROPT-002)
INFO: Total Power Aware Optimization Enabled (Dynamic + Leakage)
RO is run without TCE settings 
Route-opt command begin                   CPU:   435 s (  0.12 hr )  ELAPSE:   220 s (  0.06 hr )  MEM-PEAK:  2147 MB
Warning: SI analysis is not enabled for post-route optimization. (ROPT-002)
INFO: route_opt is running with flow.common.io_priority high.
INFO: place.legalize.enable_advanced_legalizer not set - need to revert CLO
INFO: Concurrent Legalization and Optimization (CLO) Reverted
INFO: place.legalize.enable_advanced_legalizer not set - need to revert CLO
Information: The stitching and editing of coupling caps is turned OFF for design 'sar16_pnr_paper_core:sar_digi_paper_core.design'. (TIM-125)
Information: Design sar_digi_paper_core has 3782 nets, 0 global routed, 3780 detail routed. (NEX-024)
Information: The RC mode used is DR for design 'sar_digi_paper_core'. (NEX-022)
---extraction options---
Corner: default
Global options:
 reference_direction       : use_from_tluplus
 real_metalfill_extraction : none
 virtual_shield_extraction : true
---app options---
 host.max_cores                   : 8
 extract.connect_open           : true
 extract.enable_coupling_cap    : false
Extracting design: sar_digi_paper_core 
Information: coupling capacitance is lumped to ground. (NEX-030)
Information: 3780 nets are successfully extracted. (NEX-028)
Warning: Advanced receiver model has not been enabled for detailed routed design. (TIM-204)
Information: Update timing completed net estimation for all the timing graph nets (TIM-111)
Information: Net estimation statistics: timing graph nets = 3780, routed nets = 3780, across physical hierarchy nets = 0, parasitics cached nets = 3780, delay annotated nets = 0, parasitics annotated nets = 0, multi-voltage nets = 0. (TIM-112)
Info: update em.

Route-opt timing update complete          CPU:   436 s (  0.12 hr )  ELAPSE:   221 s (  0.06 hr )  MEM-PEAK:  2147 MB
INFO: Propagating Switching Activities
Information: Activity propagation will be performed for scenario default.
Information: Doing activity propagation for mode 'default' and corner 'default' with effort level 'medium'. (POW-024)
Information: Timer-derived activity data is cached on scenario default (POW-052)
Information: Running switching activity propagation with 8 threads!

 **** Information : No. of simulation cycles = 7 ****
INFO: Switching Activity propagation took     0.00001 sec
INFO: Propagating Switching Activity for all power flows 

Route-opt initial QoR
_____________________
Scenario Mapping Table
1: default

Pathgroup Mapping Table
1: **default**
2: **async_default**
3: **clock_gating_default**
4: **in2reg_default**
5: **reg2out_default**
6: **in2out_default**
7: clk
8: dec_clk

-------------------------------------------------------------------------------------------------------------------------------------------------------------
PATHGROUP QOR 
-------------------------------------------------------------------------------------------------------------------------------------------------------------
Scene  PG      WNS        TNS    NSV      WHV        THV    NHV
    1   1   0.0000     0.0000      0   0.0000     0.0000      0
    1   2   0.0000     0.0000      0   0.0000     0.0000      0
    1   3   0.0000     0.0000      0   0.0000     0.0000      0
    1   4   0.0000     0.0000      0   0.0000     0.0000      0
    1   5   0.0000     0.0000      0   0.0000     0.0000      0
    1   6   0.0000     0.0000      0   0.0000     0.0000      0
    1   7   0.0000     0.0000      0   0.0000     0.0000      0
    1   8   0.0000     0.0000      0   0.0000     0.0000      0
----------------------------------------------------------------------------------------------------------------------------------------------------------------------
SCENARIO QOR 
----------------------------------------------------------------------------------------------------------------------------------------------------------------------
Scene  PG      WNS        TNS   R2RTNS    NSV      WHV        THV    NHV  MaxTrnV   MaxTranC  MaxCapV    Leakage
    1   *   0.0000     0.0000   0.0000      0   0.0000     0.0000      0       10     0.3340        0 3346731.25
----------------------------------------------------------------------------------------------------------------------------------------------------------------------
DESIGN QOR 
----------------------------------------------------------------------------------------------------------------------------------------------------------------------
Scene  PG      WNS        TNS   R2RTNS    NSV      WHV        THV    NHV  MaxTrnV   MaxTranC  MaxCapV    Leakage         Area    InstCnt
    *   *   0.0000     0.0000   0.0000      0   0.0000     0.0000      0       10     0.3340        0 3346731.25    102988.67       3628
----------------------------------------------------------------------------------------------------------------------------------------------------------------------

Route-opt initial QoR Summary       WNS        TNS   R2RTNS    NSV      WHV        THV    NHV  MaxTrnV  MaxCapV    Leakage         Area    InstCnt
Route-opt initial QoR Summary    0.0000     0.0000   0.0000      0   0.0000     0.0000      0       10        0 3346731.25    102988.67       3628
Information: The netlist change observers are disabled for incremental extraction. (TIM-126)
INFO: using 8 threads
Route-opt initialization complete         CPU:   440 s (  0.12 hr )  ELAPSE:   221 s (  0.06 hr )  MEM-PEAK:  2147 MB
Route-opt optimization summary            SETUP-COST    R2R-COST HOLD-COST LDRC-COST          AREA     LEAKAGE     INSTCNT            ELAPSE       MEM
Information: Initializing classic cellmap without advanced rules enabled and with PDC enabled
Information: The following app options are used in cellmap
        place.legalize.enable_color_aware_placement : false
        place.legalize.use_nll_query_cm : false
        place.legalize.enable_advanced_legalizer : false
        place.legalize.enable_prerouted_net_check : true
        place.legalize.enable_advanced_prerouted_net_check : false
        place.legalize.always_continue : true
        place.legalize.limit_legality_checks : false
        place.common.pnet_aware_density : 1.0000
        place.common.pnet_aware_min_width : 0.0000
        place.common.pnet_aware_layers : {}
        place.common.use_placement_model : false
        place.common.enable_advanced_placement_model : true
        cts.placement.cell_spacing_rule_style : maximum
Information: Creating classic rule checker.
Warning: Routing direction of metal layer POLY1 is neither "horizontal" nor "vertical".  PDC checks will not be performed on this layer. (PDC-003)
PDC app_options settings =========
	place.legalize.enable_prerouted_net_check: 1
	place.legalize.num_tracks_for_access_check: 1
	place.legalize.use_eol_spacing_for_access_check: 0
	place.legalize.allow_touch_track_for_access_check: 1
	place.legalize.reduce_conservatism_in_eol_check: 0
	place.legalize.preroute_shape_merge_distance: 0.0
	place.legalize.enable_non_preferred_direction_span_check: 0

Layer METAL1: cached 0 shapes out of 7457 total shapes.
Layer METAL2: cached 34 shapes out of 17144 total shapes.
Cached 1462 vias out of 30655 total vias.
Total 0.0248 seconds to build cellmap data
INFO: creating 29(r) x 29(c) GridCells YDim 15.12 XDim 15.12
INFO: number of GridCells (sar_digi_paper_core): 841
INFO: creating 29(r) x 29(c) GridCells YDim 15.12 XDim 15.12
INFO: number of GridCells (sar_digi_paper_core): 841
Total 0.0470 seconds to load 3628 cell instances into cellmap
Moveable cells: 3568; Application fixed cells: 60; Macro cells: 0; User fixed cells: 0
3718 out of 3735 data nets are detail routed, 62 out of 62 clock nets are detail routed and total 3797 nets have been analyzed
Estimated current stage is after clock and data detail route stage
Average cell width 5.6324, cell height 5.0400, cell area 28.3872 for total 3628 placed and application fixed cells
INFO: place.legalize.enable_advanced_legalizer not set - need to revert CLO


Route-opt optimization Phase 2 Iter  1          0.00        0.00      0.00        64     102988.67  3346731.25        3628              0.06      2147

Route-opt optimization Phase 3 Iter  1          0.00        0.00      0.00        64     102988.67  3346731.25        3628              0.06      2147
INFO: New Levelizer turned on

INFO: New Levelizer turned on
Route-opt optimization Phase 4 Iter  1          0.00        0.00      0.00        64     102782.44  3303159.50        3628              0.06      2147
Route-opt optimization Phase 4 Iter  2          0.00        0.00      0.00         0     102835.66  3307700.25        3628              0.06      2147
Route-opt optimization Phase 4 Iter  3          0.00        0.00      0.00         0     102835.66  3307700.25        3628              0.06      2147
Route-opt optimization Phase 4 Iter  4          0.00        0.00      0.00         0     102835.66  3307700.25        3628              0.06      2147
Route-opt optimization Phase 4 Iter  5          0.00        0.00      0.00         0     102835.66  3307700.25        3628              0.06      2147


Route-opt optimization Phase 6 Iter  1          0.00        0.00      0.00         0     102835.66  3307700.25        3631              0.06      2147
Route-opt optimization Phase 6 Iter  2          0.00        0.00      0.00         0     102835.66  3307700.25        3631              0.06      2147
Route-opt optimization Phase 6 Iter  3          0.00        0.00      0.00         0     102835.66  3307700.25        3631              0.06      2147
Route-opt optimization Phase 6 Iter  4          0.00        0.00      0.00         0     102835.66  3307700.25        3631              0.06      2147
Route-opt optimization Phase 6 Iter  5          0.00        0.00      0.00         0     102835.66  3307700.25        3631              0.06      2147
Route-opt optimization Phase 6 Iter  6          0.00        0.00      0.00         0     102835.66  3307700.25        3631              0.06      2147
Route-opt optimization Phase 6 Iter  7          0.00        0.00      0.00         0     102835.66  3307700.25        3631              0.06      2147
Route-opt optimization Phase 6 Iter  8          0.00        0.00      0.00         0     102835.66  3307700.25        3631              0.06      2147
Route-opt optimization Phase 6 Iter  9          0.00        0.00      0.00         0     102835.66  3307700.25        3631              0.06      2147
Route-opt optimization summary            SETUP-COST    R2R-COST HOLD-COST LDRC-COST          AREA     LEAKAGE     INSTCNT            ELAPSE       MEM
Route-opt optimization Phase 6 Iter 10          0.00        0.00      0.00         0     102835.66  3307700.25        3631              0.06      2147
Route-opt optimization Phase 6 Iter 11          0.00        0.00      0.00         0     102835.66  3307700.25        3631              0.06      2147
Route-opt optimization Phase 6 Iter 12          0.00        0.00      0.00         0     102835.66  3307700.25        3631              0.06      2147
Route-opt optimization Phase 6 Iter 13          0.00        0.00      0.00         0     102835.66  3307700.25        3631              0.06      2147

Route-opt optimization Phase 7 Iter  1          0.00        0.00      0.00         0     102835.66  3307700.25        3631              0.06      2147
Route-opt optimization Phase 7 Iter  2          0.00        0.00      0.00         0     102835.66  3307700.25        3631              0.06      2147

Enable clock slack update
INFO: cellmap features:  adv-rules=(Y), pdc=(Y), clock-rules=(Y)
Route-opt optimization Phase 8 Iter  1          0.00        0.00      0.00         0     102835.66  3307700.25        3631              0.06      2147
INFO: cellmap features:  adv-rules=(N), pdc=(Y), clock-rules=(Y)

Route-opt optimization Phase 9 Iter  1          0.00        0.00      0.00         0     102835.66  3307700.25        3631              0.06      2147
Route-opt optimization Phase 9 Iter  2          0.00        0.00      0.00         0     102835.66  3307700.25        3631              0.06      2147
Route-opt optimization Phase 9 Iter  3          0.00        0.00      0.00         0     102835.66  3307700.25        3631              0.06      2147
Route-opt optimization Phase 9 Iter  4          0.00        0.00      0.00         0     102835.66  3307700.25        3631              0.06      2147
Route-opt optimization Phase 9 Iter  5          0.00        0.00      0.00         0     102835.66  3307700.25        3631              0.06      2147
Route-opt optimization Phase 9 Iter  6          0.00        0.00      0.00         0     102835.66  3307700.25        3631              0.06      2147
Route-opt optimization Phase 9 Iter  7          0.00        0.00      0.00         0     102835.66  3307700.25        3631              0.06      2147
Route-opt optimization Phase 9 Iter  8          0.00        0.00      0.00         0     102835.66  3307700.25        3631              0.06      2147

Enable clock slack update
INFO: cellmap features:  adv-rules=(Y), pdc=(Y), clock-rules=(Y)
Route-opt optimization Phase 10 Iter  1         0.00        0.00      0.00         0     102835.66  3307700.25        3631              0.06      2147
INFO: cellmap features:  adv-rules=(N), pdc=(Y), clock-rules=(Y)

Route-opt optimization Phase 11 Iter  1         0.00        0.00      0.00         0     102835.66  3307700.25        3631              0.06      2147
INFO: New Levelizer turned on
Route-opt optimization Phase 11 Iter  2         0.00        0.00      0.00         0     102835.66  3307444.00        3631              0.06      2147
INFO: New Levelizer turned on

Route-opt optimization Phase 12 Iter  1         0.00        0.00      0.00         0     102366.63  3097792.50        3631              0.06      2147

Route-opt optimization Phase 13 Iter  1         0.00        0.00      0.00         0     102300.11  3095631.75        3626              0.06      2147
Warning: Design includes unreasonable large hold violation(s). (OPT-209)
Route-opt optimization Phase 13 Iter  2         0.00        0.00      0.00         0     102300.11  3095631.75        3626              0.06      2147
Warning: Design includes unreasonable large hold violation(s). (OPT-209)

Information: Option route.detail.force_end_on_preferred_grid will be ignored since none of the layers have preferred grid. (ZRT-703)
Information: Via ladder engine would be activated for pattern must join connection in certain commands. Please refer to man-page for the command list. (ZRT-619)
Information: When applicable Min-max layer allow_pin_connection mode will allow paths of length 6.70 outside the layer range. (ZRT-707)
Information: When applicable Min-max layer allow_pin_connection mode will allow paths of length 6.70 outside the layer range on clock nets. (ZRT-718)
Information: When applicable layer based tapering will taper up to 0.00 in distance from the pin. (ZRT-706)

Route-opt route preserve complete         CPU:   454 s (  0.13 hr )  ELAPSE:   224 s (  0.06 hr )  MEM-PEAK:  2147 MB

INFO: Sending timing info to router
Information: Serialized np data
INFO: timer data saved to /tmp/sar_digi_paper_core_689947_559102974.timdat
Information: The netlist change observers are enabled for incremental extraction. (TIM-127)
nplDplc2Placer::setParam(effort,1)
nplDplc2Placer::setParam(debug,0)
nplDplc2Placer::setParam(site_check,2)
nplDplc2Placer::setParam(app_firm_wgt,0)
Warning: Routing direction of metal layer POLY1 is neither "horizontal" nor "vertical".  PDC checks will not be performed on this layer. (PDC-003)
PDC app_options settings =========
	place.legalize.enable_prerouted_net_check: 1
	place.legalize.num_tracks_for_access_check: 1
	place.legalize.use_eol_spacing_for_access_check: 0
	place.legalize.allow_touch_track_for_access_check: 1
	place.legalize.reduce_conservatism_in_eol_check: 0
	place.legalize.preroute_shape_merge_distance: 0.0
	place.legalize.enable_non_preferred_direction_span_check: 0

Layer METAL1: cached 0 shapes out of 7551 total shapes.
Layer METAL2: cached 34 shapes out of 17181 total shapes.
Cached 1462 vias out of 30725 total vias.

Legalizing Top Level Design sar_digi_paper_core ... 
Information: Initializing classic cellmap without advanced rules enabled and without PDC enabled
Information: The following app options are used in cellmap
        place.legalize.enable_color_aware_placement : false
        place.legalize.use_nll_query_cm : false
        place.legalize.enable_advanced_legalizer : false
        place.legalize.enable_prerouted_net_check : true
        place.legalize.enable_advanced_prerouted_net_check : false
        place.legalize.always_continue : true
        place.legalize.limit_legality_checks : false
        place.common.pnet_aware_density : 1.0000
        place.common.pnet_aware_min_width : 0.0000
        place.common.pnet_aware_layers : {}
        place.common.use_placement_model : false
        place.common.enable_advanced_placement_model : true
        cts.placement.cell_spacing_rule_style : maximum
Total 0.0059 seconds to build cellmap data
Information: Creating classic rule checker.
Warning: Routing direction of metal layer POLY1 is neither "horizontal" nor "vertical".  PDC checks will not be performed on this layer. (PDC-003)
=====> Processed 109 ref cells (0 fillers) from library

Bounds/Regions In This Design:
        Area    Num Cells  Exclusive Name
 (square um)
      184066         3626        Yes DEFAULT_VA

Starting legalizer.
Warning: Exclusive bound 'DEFAULT' has no cells.
Optimizing Exclusive Bound 'DEFAULT_VA' (2/2)
    Done Exclusive Bound 'DEFAULT_VA' (2/2) (0 sec)
Legalization complete (0 total sec)

****************************************
  Report : Placement Attempts
  Site   : unit
****************************************

number of cells:                   3626
number of references:               109
number of site rows:                 85
number of locations attempted:    71345
number of locations failed:        6385  (8.9%)

Legality of references at locations:
67 references had failures.

Worst 10 references by total failures:
 CELLS       UNFLIPPED                       FLIPPED                REFERENCE NAME
         ATTEMPTS  FAILURES            ATTEMPTS  FAILURES           
   528       7074       878 ( 12.4%)       3811       491 ( 12.9%)  NAND2XL
   187       2894       466 ( 16.1%)       1526       253 ( 16.6%)  OAI21XL
   184       2820       463 ( 16.4%)       1294       214 ( 16.5%)  AOI22XL
   215       3257       416 ( 12.8%)        866       151 ( 17.4%)  DFFSX1
    89       1333       286 ( 21.5%)       1069       230 ( 21.5%)  CLKBUFX2
   130       1998       243 ( 12.2%)       1046       120 ( 11.5%)  AOI21XL
    28        440       150 ( 34.1%)        296       110 ( 37.2%)  OAI211XL
    37        510        96 ( 18.8%)        358        83 ( 23.2%)  OAI22XL
    45        684        88 ( 12.9%)        356        44 ( 12.4%)  NAND3XL
    43        688        64 (  9.3%)        136        24 ( 17.6%)  AOI211XL

Worst 10 references by failure rate:
 CELLS       UNFLIPPED                       FLIPPED                REFERENCE NAME
         ATTEMPTS  FAILURES            ATTEMPTS  FAILURES           
     1         16         8 ( 50.0%)          0         0 (  0.0%)  DFFSX4
    28        440       150 ( 34.1%)        296       110 ( 37.2%)  OAI211XL
     9        136        44 ( 32.4%)         56        22 ( 39.3%)  OAI21X1
    11        169        62 ( 36.7%)         88        22 ( 25.0%)  CMPR32X1
     1         16         3 ( 18.8%)         16         7 ( 43.8%)  ADDHXL
     9        144        41 ( 28.5%)         96        31 ( 32.3%)  OAI22X2
     6        104        31 ( 29.8%)        104        30 ( 28.8%)  BUFX4
     2         32        10 ( 31.2%)         16         3 ( 18.8%)  ADDFX1
     1         16         4 ( 25.0%)          0         0 (  0.0%)  OAI211X1
    16         16         4 ( 25.0%)          0         0 (  0.0%)  AND2X4

Legality of references in rows:
0 references had row failures.

****************************************
  Report : Cell Displacements
****************************************

number of cells aggregated:        3566 (30414 total sites)
avg row height over cells:        5.040 um
rms cell displacement:            0.038 um ( 0.01 row height)
rms weighted cell displacement:   0.038 um ( 0.01 row height)
max cell displacement:            1.980 um ( 0.39 row height)
avg cell displacement:            0.002 um ( 0.00 row height)
avg weighted cell displacement:   0.002 um ( 0.00 row height)
number of cells moved:               11
number of large displacements:        0
large displacement threshold:     3.000 row height

Displacements of worst 10 cells:
Cell: u_calib_ctrl/U1545 (NAND2XL)
  Input location: (397.98,277.2)
  Legal location: (399.96,277.2)
  Displacement:   1.980 um ( 0.39 row height)
Cell: u_calib_ctrl/clk_gate_shadow_weights_reg[12]/latch (TLATNXL)
  Input location: (164.34,115.92)
  Legal location: (163.68,115.92)
  Displacement:   0.660 um ( 0.13 row height)
Cell: u_calib_ctrl/U1982 (NAND2XL)
  Input location: (121.44,115.92)
  Legal location: (120.78,115.92)
  Displacement:   0.660 um ( 0.13 row height)
Cell: u_calib_ctrl/U1735 (NAND2XL)
  Input location: (171.6,115.92)
  Legal location: (170.94,115.92)
  Displacement:   0.660 um ( 0.13 row height)
Cell: u_calib_ctrl/U1066 (AND2X2)
  Input location: (251.46,70.56)
  Legal location: (250.8,70.56)
  Displacement:   0.660 um ( 0.13 row height)
Cell: u_calib_ctrl/accumulator_reg[11] (DFFSXL)
  Input location: (385.44,277.2)
  Legal location: (386.1,277.2)
  Displacement:   0.660 um ( 0.13 row height)
Cell: u_calib_ctrl/gre_a_BUF_1102_inst_2327 (CLKBUFX4)
  Input location: (227.7,307.44)
  Legal location: (227.04,307.44)
  Displacement:   0.660 um ( 0.13 row height)
Cell: u_calib_ctrl/HFSBUF_32_412 (CLKBUFX2)
  Input location: (307.56,156.24)
  Legal location: (306.9,156.24)
  Displacement:   0.660 um ( 0.13 row height)
Cell: u_calib_ctrl/ropt_mt_inst_2351 (BUFXL)
  Input location: (90.42,307.44)
  Legal location: (91.08,307.44)
  Displacement:   0.660 um ( 0.13 row height)
Cell: u_calib_ctrl/clk_gate_shadow_weights_reg[16]/latch (TLATNXL)
  Input location: (240.9,151.2)
  Legal location: (240.24,151.2)
  Displacement:   0.660 um ( 0.13 row height)

Legalization succeeded.
Total Legalizer CPU: 0.467
Total Legalizer Wall Time: 0.483
----------------------------------------------------------------

Route-opt legalization complete           CPU:   454 s (  0.13 hr )  ELAPSE:   225 s (  0.06 hr )  MEM-PEAK:  2147 MB
INFO: Router Max Iterations set to : 5 
Cell Min-Routing-Layer = METAL1
Cell Max-Routing-Layer = METAL6
Turn off antenna since no rule is specified
Information: Option route.detail.force_end_on_preferred_grid will be ignored since none of the layers have preferred grid. (ZRT-703)
Info: number of net_type_blockage: 0 
Information: Via ladder engine would be activated for pattern must join connection in certain commands. Please refer to man-page for the command list. (ZRT-619)
Warning: Port  VSS at {{165.660,427.305} {178.200,428.800}} is out of boundary. Cannot be routed. (ZRT-720)
Warning: Port  VDD at {{386.760,-0.400} {390.720,1.250}} is out of boundary. Cannot be routed. (ZRT-720)
Warning: Port  VSS at {{291.720,426.945} {294.360,428.800}} is out of boundary. Cannot be routed. (ZRT-720)
Warning: Port  VSS at {{306.240,427.825} {311.520,428.800}} is out of boundary. Cannot be routed. (ZRT-720)
Warning: Port  VDD at {{215.160,-0.400} {221.100,1.275}} is out of boundary. Cannot be routed. (ZRT-720)
Warning: Port  VDD at {{225.060,-0.400} {231.000,1.275}} is out of boundary. Cannot be routed. (ZRT-720)
Warning: Port  VSS at {{297.000,427.825} {299.640,428.800}} is out of boundary. Cannot be routed. (ZRT-720)
Warning: Port  VSS at {{300.960,427.825} {303.600,428.800}} is out of boundary. Cannot be routed. (ZRT-720)
Warning: Port  VDD at {{411.840,-0.400} {424.380,2.100}} is out of boundary. Cannot be routed. (ZRT-720)
Warning: Port  VDD at {{240.900,-0.400} {243.540,0.575}} is out of boundary. Cannot be routed. (ZRT-720)
Skipping 26 ectangle_only route guides because they don't cover the design boundary in the layer's  preferred direction.
Information: When applicable Min-max layer allow_pin_connection mode will allow paths of length 6.70 outside the layer range. (ZRT-707)
Information: When applicable Min-max layer allow_pin_connection mode will allow paths of length 6.70 outside the layer range on clock nets. (ZRT-718)
Information: When applicable layer based tapering will taper up to 0.00 in distance from the pin. (ZRT-706)
Warning: Standard cell pin ADDFX2/B has no valid via regions. (ZRT-044)
Warning: Standard cell pin OAI22XL/Y has no valid via regions. (ZRT-044)
Warning: Standard cell pin NAND3X1/A has no valid via regions. (ZRT-044)
Warning: Standard cell pin AOI222X4/B1 has no valid via regions. (ZRT-044)
Warning: Standard cell pin AOI2BB2X1/B0 has no valid via regions. (ZRT-044)
Warning: Standard cell pin AOI222X1/Y has no valid via regions. (ZRT-044)
Warning: Standard cell pin NOR3XL/A has no valid via regions. (ZRT-044)
Warning: Standard cell pin AOI221X1/A1 has no valid via regions. (ZRT-044)
Warning: Standard cell pin AOI221X1/C0 has no valid via regions. (ZRT-044)
Warning: Standard cell pin AOI221X1/Y has no valid via regions. (ZRT-044)
Warning: Standard cell pin OAI21XL/Y has no valid via regions. (ZRT-044)
Warning: Standard cell pin OAI22X1/Y has no valid via regions. (ZRT-044)
Warning: Standard cell pin AOI221XL/A0 has no valid via regions. (ZRT-044)
Warning: Standard cell pin NAND3XL/A has no valid via regions. (ZRT-044)
Warning: Standard cell pin AOI221XL/C0 has no valid via regions. (ZRT-044)
Warning: Standard cell pin OAI31X1/Y has no valid via regions. (ZRT-044)
Warning: Standard cell pin OAI2BB1XL/Y has no valid via regions. (ZRT-044)
Warning: Standard cell pin AOI21XL/Y has no valid via regions. (ZRT-044)
Warning: Standard cell pin AOI32XL/Y has no valid via regions. (ZRT-044)
Warning: Standard cell pin ADDFXL/B has no valid via regions. (ZRT-044)
Warning: Standard cell pin BUFX2/Y has no valid via regions. (ZRT-044)
Warning: Standard cell pin AOI21X1/A0 has no valid via regions. (ZRT-044)
Warning: Standard cell pin AOI21X1/B0 has no valid via regions. (ZRT-044)
Warning: Standard cell pin DFFSXL/Q has no valid via regions. (ZRT-044)
Warning: Standard cell pin DFFSX1/CK has no valid via regions. (ZRT-044)
Warning: Standard cell pin INVX12/A has no valid via regions. (ZRT-044)
Warning: Standard cell pin AND2XL/Y has no valid via regions. (ZRT-044)
Warning: Standard cell pin NAND4X1/A has no valid via regions. (ZRT-044)
Warning: Standard cell pin CLKBUFXL/Y has no valid via regions. (ZRT-044)
Warning: Standard cell pin NOR2BX2/Y has no valid via regions. (ZRT-044)
Warning: Standard cell pin XNOR2X1/B has no valid via regions. (ZRT-044)
Warning: Standard cell pin XNOR2X1/Y has no valid via regions. (ZRT-044)
Warning: Standard cell pin NOR2X4/A has no valid via regions. (ZRT-044)
Warning: Standard cell pin NOR2X4/B has no valid via regions. (ZRT-044)
Warning: Standard cell pin AOI22X2/A1 has no valid via regions. (ZRT-044)
Warning: Standard cell pin AOI22X2/Y has no valid via regions. (ZRT-044)
Warning: Standard cell pin NAND2X2/B has no valid via regions. (ZRT-044)
Warning: Standard cell pin NAND2X2/Y has no valid via regions. (ZRT-044)
Warning: Standard cell pin DLY3X1/Y has no valid via regions. (ZRT-044)
Warning: Standard cell pin NOR3BX1/AN has no valid via regions. (ZRT-044)
Warning: Standard cell pin DLY4X1/Y has no valid via regions. (ZRT-044)
Warning: Standard cell pin DLY2X1/Y has no valid via regions. (ZRT-044)
Warning: Standard cell pin AND4X2/C has no valid via regions. (ZRT-044)
Warning: Standard cell pin NAND2XL/Y has no valid via regions. (ZRT-044)
Warning: Standard cell pin CMPR32X1/B has no valid via regions. (ZRT-044)
Warning: Standard cell pin XOR2X1/B has no valid via regions. (ZRT-044)
Warning: Standard cell pin XOR2X1/Y has no valid via regions. (ZRT-044)
Warning: Standard cell pin NAND4X2/A has no valid via regions. (ZRT-044)
Warning: Standard cell pin NAND4X2/D has no valid via regions. (ZRT-044)
Warning: Standard cell pin XNOR2XL/B has no valid via regions. (ZRT-044)
Warning: Standard cell pin XNOR2XL/Y has no valid via regions. (ZRT-044)
Warning: Standard cell pin NOR4X1/B has no valid via regions. (ZRT-044)
Warning: Standard cell pin XOR2XL/B has no valid via regions. (ZRT-044)
Warning: Standard cell pin XOR2XL/Y has no valid via regions. (ZRT-044)
Warning: Standard cell pin AOI211XL/Y has no valid via regions. (ZRT-044)
Warning: Standard cell pin TLATNXL/QN has no valid via regions. (ZRT-044)
Warning: Standard cell pin ADDFX1/B has no valid via regions. (ZRT-044)
Warning: Standard cell pin OAI31XL/A0 has no valid via regions. (ZRT-044)
Warning: Standard cell pin OAI31XL/Y has no valid via regions. (ZRT-044)
Warning: Standard cell pin NOR3BX2/AN has no valid via regions. (ZRT-044)
Warning: Standard cell pin ADDFHX1/CI has no valid via regions. (ZRT-044)
Warning: Standard cell pin NOR3BX2/B has no valid via regions. (ZRT-044)
Warning: Standard cell pin ADDFHX1/CO has no valid via regions. (ZRT-044)
Warning: Standard cell pin NOR3BX2/Y has no valid via regions. (ZRT-044)
Warning: Standard cell pin ADDFHX1/S has no valid via regions. (ZRT-044)
Warning: Standard cell pin AOI31XL/Y has no valid via regions. (ZRT-044)
Warning: Standard cell pin ADDHXL/CO has no valid via regions. (ZRT-044)
Warning: Standard cell pin ADDHXL/S has no valid via regions. (ZRT-044)
Warning: Standard cell pin AOI22XL/Y has no valid via regions. (ZRT-044)
Warning: Standard cell pin OAI2BB1X1/Y has no valid via regions. (ZRT-044)
Warning: Standard cell pin AOI2BB1X1/Y has no valid via regions. (ZRT-044)
Warning: Standard cell pin OAI2BB1X2/Y has no valid via regions. (ZRT-044)
Warning: Standard cell pin NAND4XL/B has no valid via regions. (ZRT-044)
Warning: Standard cell pin NAND4XL/C has no valid via regions. (ZRT-044)
Warning: Standard cell pin NOR3X1/A has no valid via regions. (ZRT-044)
Warning: Standard cell pin NAND4XL/D has no valid via regions. (ZRT-044)
Warning: Standard cell pin NOR4BX1/C has no valid via regions. (ZRT-044)
Warning: Standard cell pin NOR4BX1/D has no valid via regions. (ZRT-044)
Warning: Standard cell pin NOR4BXL/C has no valid via regions. (ZRT-044)
Warning: Standard cell pin NOR4BXL/D has no valid via regions. (ZRT-044)
Warning: Standard cell pin CMPR22X1/CO has no valid via regions. (ZRT-044)
Warning: Standard cell pin AOI2BB1XL/Y has no valid via regions. (ZRT-044)
Warning: Standard cell pin AOI2BB1X2/B0 has no valid via regions. (ZRT-044)
Warning: Standard cell pin AOI2BB2XL/Y has no valid via regions. (ZRT-044)
Warning: Standard cell pin AOI211X1/B0 has no valid via regions. (ZRT-044)
[ECO: DbIn With Extraction] Elapsed real time: 0:00:00 
[ECO: DbIn With Extraction] Elapsed cpu  time: sys=0:00:00 usr=0:00:00 total=0:00:00
[ECO: DbIn With Extraction] Stage (MB): Used   14  Alloctr   14  Proc    0 
[ECO: DbIn With Extraction] Total (MB): Used   17  Alloctr   19  Proc 5977 
[ECO: Before Refresh Via Ladder Phase] Elapsed real time: 0:00:00 
[ECO: Before Refresh Via Ladder Phase] Elapsed cpu  time: sys=0:00:00 usr=0:00:00 total=0:00:00
[ECO: Before Refresh Via Ladder Phase] Stage (MB): Used   14  Alloctr   14  Proc    0 
[ECO: Before Refresh Via Ladder Phase] Total (MB): Used   17  Alloctr   19  Proc 5977 

    Found 0 via ladders to verify.

VIA LADDER INFO: found 0 via ladder DRCs across 0 nets.
Updating the database ...

    Via ladders will be inserted on 0 of 0 ports with via ladder constraints.

Updating the database ...
[Arrange data for GR] Elapsed real time: 0:00:00 
[Arrange data for GR] Elapsed cpu  time: sys=0:00:00 usr=0:00:00 total=0:00:00
[Arrange data for GR] Stage (MB): Used    0  Alloctr    0  Proc    0 
[Arrange data for GR] Total (MB): Used   16  Alloctr   18  Proc 5977 
[ECO: After Refresh Via Ladder Phase] Elapsed real time: 0:00:00 
[ECO: After Refresh Via Ladder Phase] Elapsed cpu  time: sys=0:00:00 usr=0:00:00 total=0:00:00
[ECO: After Refresh Via Ladder Phase] Stage (MB): Used   17  Alloctr   18  Proc    0 
[ECO: After Refresh Via Ladder Phase] Total (MB): Used   20  Alloctr   22  Proc 5977 
[ECO: Analysis] Elapsed real time: 0:00:00 
[ECO: Analysis] Elapsed cpu  time: sys=0:00:00 usr=0:00:00 total=0:00:00
[ECO: Analysis] Stage (MB): Used   17  Alloctr   18  Proc    0 
[ECO: Analysis] Total (MB): Used   20  Alloctr   22  Proc 5977 
Num of eco nets = 3780
Num of open eco nets = 655
[ECO: Init] Elapsed real time: 0:00:00 
[ECO: Init] Elapsed cpu  time: sys=0:00:00 usr=0:00:00 total=0:00:00
[ECO: Init] Stage (MB): Used   17  Alloctr   18  Proc    0 
[ECO: Init] Total (MB): Used   21  Alloctr   22  Proc 5977 
Start Global Route ... 
[Init] Elapsed real time: 0:00:00 
[Init] Elapsed cpu  time: sys=0:00:00 usr=0:00:00 total=0:00:00
[Init] Stage (MB): Used    0  Alloctr    0  Proc    0 
[Init] Total (MB): Used   25  Alloctr   26  Proc 5977 
Printing options for 'route.common.*'
common.verbose_level                                    :	 0                   

Printing options for 'route.global.*'

Begin global routing.
Loading parastics information to the router ...
parastics information loaded to the router.
[End of Loading Timing] Elapsed real time: 0:00:00 
[End of Loading Timing] Elapsed cpu  time: sys=0:00:00 usr=0:00:00 total=0:00:00
Constructing data structure ...
Design statistics:
Design Bounding Box (0.00um,0.00um,429.66um,428.40um)
Number of routing layers = 6
layer METAL1, dir Hor, min width = 0.23um, min space = 0.23um pitch = 0.56um
layer METAL2, dir Ver, min width = 0.28um, min space = 0.28um pitch = 0.66um
layer METAL3, dir Hor, min width = 0.28um, min space = 0.28um pitch = 0.56um
layer METAL4, dir Ver, min width = 0.28um, min space = 0.28um pitch = 0.66um
layer METAL5, dir Hor, min width = 0.28um, min space = 0.28um pitch = 0.61um
layer METAL6, dir Ver, min width = 0.44um, min space = 0.46um pitch = 0.95um
Current Stage stats:
[End of Build Tech Data] Elapsed real time: 0:00:00 
[End of Build Tech Data] Elapsed cpu  time: sys=0:00:00 usr=0:00:00 total=0:00:00
[End of Build Tech Data] Stage (MB): Used    0  Alloctr    0  Proc    0 
[End of Build Tech Data] Total (MB): Used   29  Alloctr   31  Proc 5977 
Net statistics:
Total number of nets     = 3780
Number of nets to route  = 655
655 nets are partially connected,
 of which 655 are detail routed and 4 are global routed.
3125 nets are fully connected,
 of which 3105 are detail routed and 0 are global routed.
Current Stage stats:
[End of Build All Nets] Elapsed real time: 0:00:00 
[End of Build All Nets] Elapsed cpu  time: sys=0:00:00 usr=0:00:00 total=0:00:00
[End of Build All Nets] Stage (MB): Used    2  Alloctr    3  Proc    0 
[End of Build All Nets] Total (MB): Used   32  Alloctr   34  Proc 5977 
Net length statistics: 
Net Count(Ignore Fully Rted) 655, Total Half Perimeter Wire Length (HPWL) 51804 microns
HPWL   0 ~   50 microns: Net Count      396	Total HPWL         8354 microns
HPWL  50 ~  100 microns: Net Count      110	Total HPWL         7687 microns
HPWL 100 ~  200 microns: Net Count       81	Total HPWL        11479 microns
HPWL 200 ~  300 microns: Net Count       24	Total HPWL         5975 microns
HPWL 300 ~  400 microns: Net Count       25	Total HPWL         8657 microns
HPWL 400 ~  500 microns: Net Count        7	Total HPWL         3140 microns
HPWL 500 ~  600 microns: Net Count       12	Total HPWL         6513 microns
HPWL 600 ~  700 microns: Net Count        0	Total HPWL            0 microns
HPWL 700 ~  800 microns: Net Count        0	Total HPWL            0 microns
HPWL 800 ~  900 microns: Net Count        0	Total HPWL            0 microns
HPWL 900 ~ 1000 microns: Net Count        0	Total HPWL            0 microns
HPWL     > 1000 microns: Net Count        0	Total HPWL            0 microns
Number of partitions: 1 (1 x 1)
Size of partitions: 85 gCells x 85 gCells
Average gCell capacity  2.16	 on layer (1)	 METAL1
Average gCell capacity  6.67	 on layer (2)	 METAL2
Average gCell capacity  8.98	 on layer (3)	 METAL3
Average gCell capacity  7.65	 on layer (4)	 METAL4
Average gCell capacity  8.25	 on layer (5)	 METAL5
Average gCell capacity  5.31	 on layer (6)	 METAL6
Average number of tracks per gCell 9.01	 on layer (1)	 METAL1
Average number of tracks per gCell 7.67	 on layer (2)	 METAL2
Average number of tracks per gCell 9.01	 on layer (3)	 METAL3
Average number of tracks per gCell 7.67	 on layer (4)	 METAL4
Average number of tracks per gCell 8.27	 on layer (5)	 METAL5
Average number of tracks per gCell 5.33	 on layer (6)	 METAL6
Number of gCells = 43350
Current Stage stats:
[End of Build Congestion Map] Elapsed real time: 0:00:00 
[End of Build Congestion Map] Elapsed cpu  time: sys=0:00:00 usr=0:00:00 total=0:00:00
[End of Build Congestion Map] Stage (MB): Used    1  Alloctr    1  Proc    0 
[End of Build Congestion Map] Total (MB): Used   34  Alloctr   35  Proc 5977 
Number of partitions: 1 (1 x 1)
Size of partitions: 85 gCells x 85 gCells
Current Stage stats:
[End of Add Nets Demand] Elapsed real time: 0:00:00 
[End of Add Nets Demand] Elapsed cpu  time: sys=0:00:00 usr=0:00:00 total=0:00:00
[End of Add Nets Demand] Stage (MB): Used    0  Alloctr    0  Proc    0 
[End of Add Nets Demand] Total (MB): Used   34  Alloctr   36  Proc 5977 
Number of user frozen nets = 0
Information: RC layer preference is turned on for this design. (ZRT-613)
Total stats:
[End of Build Data] Elapsed real time: 0:00:00 
[End of Build Data] Elapsed cpu  time: sys=0:00:00 usr=0:00:00 total=0:00:00
[End of Build Data] Stage (MB): Used    5  Alloctr    5  Proc    0 
[End of Build Data] Total (MB): Used   34  Alloctr   36  Proc 5977 
Number of partitions: 1 (1 x 1)
Size of partitions: 85 gCells x 85 gCells
Current Stage stats:
[End of Blocked Pin Detection] Elapsed real time: 0:00:00 
[End of Blocked Pin Detection] Elapsed cpu  time: sys=0:00:00 usr=0:00:00 total=0:00:00
[End of Blocked Pin Detection] Stage (MB): Used  176  Alloctr  176  Proc    0 
[End of Blocked Pin Detection] Total (MB): Used  210  Alloctr  212  Proc 5977 
Information: Using 8 threads for routing. (ZRT-444)
Information: Multiple gcell levels ON
Information: Buffer distance is estimated to be ~6372.0000um (1264 gCells)

Start GR phase 0
Number of partitions: 1 (1 x 1)
Size of partitions: 85 gCells x 85 gCells
[rtAllBotParts] Elapsed real time: 0:00:00 
[rtAllBotParts] Elapsed cpu  time: sys=0:00:00 usr=0:00:00 total=0:00:00
[rtTop] Elapsed real time: 0:00:00 
[rtTop] Elapsed cpu  time: sys=0:00:00 usr=0:00:00 total=0:00:00
Current Stage stats:
[End of Initial Routing] Elapsed real time: 0:00:00 
[End of Initial Routing] Elapsed cpu  time: sys=0:00:00 usr=0:00:00 total=0:00:00
[End of Initial Routing] Stage (MB): Used    0  Alloctr    0  Proc    0 
[End of Initial Routing] Total (MB): Used  210  Alloctr  212  Proc 5977 
Initial. Routing result:
Initial. Both Dirs: Dmd-Cap  =     0 Max = 0 GRCs =     0 (0.00%)
Initial. H routing: Dmd-Cap  =     0 Max = 0 (GRCs =  0) GRCs =     0 (0.00%)
Initial. V routing: Dmd-Cap  =     0 Max = 0 (GRCs =  0) GRCs =     0 (0.00%)
Initial. Both Dirs: Overflow =   304 Max = 4 GRCs =   365 (2.53%)
Initial. H routing: Overflow =    53 Max = 3 (GRCs =  3) GRCs =    68 (0.94%)
Initial. V routing: Overflow =   251 Max = 4 (GRCs =  7) GRCs =   297 (4.11%)
Initial. METAL1     Overflow =    29 Max = 2 (GRCs =  2) GRCs =    27 (0.37%)
Initial. METAL2     Overflow =   251 Max = 4 (GRCs =  7) GRCs =   297 (4.11%)
Initial. METAL3     Overflow =    24 Max = 3 (GRCs =  3) GRCs =    41 (0.57%)
Initial. METAL4     Overflow =     0 Max = 0 (GRCs =  0) GRCs =     0 (0.00%)
Initial. METAL5     Overflow =     0 Max = 0 (GRCs =  0) GRCs =     0 (0.00%)
Initial. METAL6     Overflow =     0 Max = 0 (GRCs =  0) GRCs =     0 (0.00%)

Initial. Total Wire Length = 357.92
Initial. Layer METAL1 wire length = 75.82
Initial. Layer METAL2 wire length = 51.59
Initial. Layer METAL3 wire length = 230.51
Initial. Layer METAL4 wire length = 0.00
Initial. Layer METAL5 wire length = 0.00
Initial. Layer METAL6 wire length = 0.00
Initial. Total Number of Contacts = 247
Initial. Via via1 count = 149
Initial. Via via2 count = 98
Initial. Via via3 count = 0
Initial. Via via4 count = 0
Initial. Via via5 count = 0
Initial. completed.

Start GR phase 1
Fri Sep 18 20:23:53 2026
Number of partitions: 1 (1 x 1)
Size of partitions: 85 gCells x 85 gCells
[rtAllParts] Elapsed real time: 0:00:00 
[rtAllParts] Elapsed cpu  time: sys=0:00:00 usr=0:00:00 total=0:00:00
Current Stage stats:
[End of Phase1 Routing] Elapsed real time: 0:00:00 
[End of Phase1 Routing] Elapsed cpu  time: sys=0:00:00 usr=0:00:00 total=0:00:00
[End of Phase1 Routing] Stage (MB): Used    0  Alloctr    0  Proc    0 
[End of Phase1 Routing] Total (MB): Used  210  Alloctr  212  Proc 5977 
phase1. Routing result:
phase1. Both Dirs: Dmd-Cap  =     0 Max = 0 GRCs =     0 (0.00%)
phase1. H routing: Dmd-Cap  =     0 Max = 0 (GRCs =  0) GRCs =     0 (0.00%)
phase1. V routing: Dmd-Cap  =     0 Max = 0 (GRCs =  0) GRCs =     0 (0.00%)
phase1. Both Dirs: Overflow =   304 Max = 4 GRCs =   365 (2.53%)
phase1. H routing: Overflow =    53 Max = 3 (GRCs =  3) GRCs =    68 (0.94%)
phase1. V routing: Overflow =   251 Max = 4 (GRCs =  7) GRCs =   297 (4.11%)
phase1. METAL1     Overflow =    29 Max = 2 (GRCs =  2) GRCs =    27 (0.37%)
phase1. METAL2     Overflow =   251 Max = 4 (GRCs =  7) GRCs =   297 (4.11%)
phase1. METAL3     Overflow =    24 Max = 3 (GRCs =  3) GRCs =    41 (0.57%)
phase1. METAL4     Overflow =     0 Max = 0 (GRCs =  0) GRCs =     0 (0.00%)
phase1. METAL5     Overflow =     0 Max = 0 (GRCs =  0) GRCs =     0 (0.00%)
phase1. METAL6     Overflow =     0 Max = 0 (GRCs =  0) GRCs =     0 (0.00%)

phase1. Total Wire Length = 357.92
phase1. Layer METAL1 wire length = 75.82
phase1. Layer METAL2 wire length = 51.59
phase1. Layer METAL3 wire length = 230.51
phase1. Layer METAL4 wire length = 0.00
phase1. Layer METAL5 wire length = 0.00
phase1. Layer METAL6 wire length = 0.00
phase1. Total Number of Contacts = 247
phase1. Via via1 count = 149
phase1. Via via2 count = 98
phase1. Via via3 count = 0
phase1. Via via4 count = 0
phase1. Via via5 count = 0
phase1. completed.

Start GR phase 2
Fri Sep 18 20:23:53 2026
Number of partitions: 1 (1 x 1)
Size of partitions: 85 gCells x 85 gCells
[rtAllParts] Elapsed real time: 0:00:00 
[rtAllParts] Elapsed cpu  time: sys=0:00:00 usr=0:00:00 total=0:00:00
Current Stage stats:
[End of Phase2 Routing] Elapsed real time: 0:00:00 
[End of Phase2 Routing] Elapsed cpu  time: sys=0:00:00 usr=0:00:00 total=0:00:00
[End of Phase2 Routing] Stage (MB): Used    0  Alloctr    0  Proc    0 
[End of Phase2 Routing] Total (MB): Used  210  Alloctr  212  Proc 5977 
phase2. Routing result:
phase2. Both Dirs: Dmd-Cap  =     0 Max = 0 GRCs =     0 (0.00%)
phase2. H routing: Dmd-Cap  =     0 Max = 0 (GRCs =  0) GRCs =     0 (0.00%)
phase2. V routing: Dmd-Cap  =     0 Max = 0 (GRCs =  0) GRCs =     0 (0.00%)
phase2. Both Dirs: Overflow =   305 Max = 4 GRCs =   364 (2.52%)
phase2. H routing: Overflow =    53 Max = 3 (GRCs =  3) GRCs =    67 (0.93%)
phase2. V routing: Overflow =   251 Max = 4 (GRCs =  7) GRCs =   297 (4.11%)
phase2. METAL1     Overflow =    29 Max = 2 (GRCs =  2) GRCs =    27 (0.37%)
phase2. METAL2     Overflow =   251 Max = 4 (GRCs =  7) GRCs =   297 (4.11%)
phase2. METAL3     Overflow =    24 Max = 3 (GRCs =  3) GRCs =    40 (0.55%)
phase2. METAL4     Overflow =     0 Max = 0 (GRCs =  0) GRCs =     0 (0.00%)
phase2. METAL5     Overflow =     0 Max = 0 (GRCs =  0) GRCs =     0 (0.00%)
phase2. METAL6     Overflow =     0 Max = 0 (GRCs =  0) GRCs =     0 (0.00%)

phase2. Total Wire Length = 368.16
phase2. Layer METAL1 wire length = 75.82
phase2. Layer METAL2 wire length = 61.83
phase2. Layer METAL3 wire length = 230.51
phase2. Layer METAL4 wire length = 0.00
phase2. Layer METAL5 wire length = 0.00
phase2. Layer METAL6 wire length = 0.00
phase2. Total Number of Contacts = 247
phase2. Via via1 count = 149
phase2. Via via2 count = 98
phase2. Via via3 count = 0
phase2. Via via4 count = 0
phase2. Via via5 count = 0
phase2. completed.
[End of Whole Chip Routing] Elapsed real time: 0:00:00 
[End of Whole Chip Routing] Elapsed cpu  time: sys=0:00:00 usr=0:00:00 total=0:00:00
[End of Whole Chip Routing] Stage (MB): Used  181  Alloctr  181  Proc    0 
[End of Whole Chip Routing] Total (MB): Used  210  Alloctr  212  Proc 5977 

Information: Global Routing terminated early. (ZRT-103)

Congestion utilization per direction:
Average vertical track utilization   = 25.67 %
Peak    vertical track utilization   = 85.71 %
Average horizontal track utilization = 21.48 %
Peak    horizontal track utilization = 88.24 %

[End of Global Routing] Elapsed real time: 0:00:00 
[End of Global Routing] Elapsed cpu  time: sys=0:00:00 usr=0:00:00 total=0:00:00
[End of Global Routing] Stage (MB): Used  180  Alloctr  180  Proc    0 
[End of Global Routing] Total (MB): Used  209  Alloctr  211  Proc 5977 
Warning: Shape {1888225 1442400 1892650 1445950} on layer METAL1 is not on min manufacturing grid. Snap it to {1888200 1442400 1892650 1445950}. The shape belongs to Net: u_calib_ctrl/HFSNET_146. (ZRT-543)
Warning: Shape {3513350 2392475 3516400 2397950} on layer METAL1 is not on min manufacturing grid. Snap it to {3513350 2392450 3516400 2397950}. The shape belongs to Net: u_calib_ctrl/accumulator[19]. (ZRT-543)
Warning: Shape {1274450 2795675 1277500 2801150} on layer METAL1 is not on min manufacturing grid. Snap it to {1274450 2795650 1277500 2801150}. The shape belongs to Net: u_calib_ctrl/tmp_net349. (ZRT-543)
Warning: Shape {1232950 2138050 1236075 2140600} on layer METAL1 is not on min manufacturing grid. Snap it to {1232950 2138050 1236100 2140600}. The shape belongs to Net: u_calib_ctrl/shadow_weights[3][29]. (ZRT-543)
Updating congestion ...
Updating congestion ...
[End of dbOut] Elapsed real time: 0:00:00 
[End of dbOut] Elapsed cpu  time: sys=0:00:00 usr=0:00:00 total=0:00:00
[End of dbOut] Stage (MB): Used    0  Alloctr    0  Proc    0 
[End of dbOut] Total (MB): Used   57  Alloctr   59  Proc 5977 
[ECO: GR] Elapsed real time: 0:00:00 
[ECO: GR] Elapsed cpu  time: sys=0:00:00 usr=0:00:01 total=0:00:01
[ECO: GR] Stage (MB): Used   54  Alloctr   55  Proc    0 
[ECO: GR] Total (MB): Used   57  Alloctr   59  Proc 5977 
[GR excluding DbIn] Elapsed real time: 0:00:00 
[GR excluding DbIn] Elapsed cpu  time: sys=0:00:00 usr=0:00:00 total=0:00:01
[GR excluding DbIn] Stage (MB): Used   39  Alloctr   40  Proc    0 
[GR excluding DbIn] Total (MB): Used   57  Alloctr   59  Proc 5977 

Start track assignment

Printing options for 'route.common.*'
common.verbose_level                                    :	 0                   

Printing options for 'route.track.*'

Information: Using 8 threads for routing. (ZRT-444)
Information: RC layer preference is turned on for this design. (ZRT-613)

[Track Assign: TA init] Elapsed real time: 0:00:00 
[Track Assign: TA init] Elapsed cpu  time: sys=0:00:00 usr=0:00:00 total=0:00:00
[Track Assign: TA init] Stage (MB): Used    2  Alloctr    2  Proc    0 
[Track Assign: TA init] Total (MB): Used   23  Alloctr   25  Proc 5977 

Start initial assignment

Assign Horizontal partitions, iteration 0 
Routed partition 1/11       
Routed partition 2/11       
Routed partition 3/11       
Routed partition 4/11       
Routed partition 5/11       
Routed partition 6/11       
Routed partition 7/11       
Routed partition 8/11       
Routed partition 9/11       
Routed partition 10/11      
Routed partition 11/11      

Assign Vertical partitions, iteration 0 
Routed partition 1/11       
Routed partition 2/11       
Routed partition 3/11       
Routed partition 4/11       
Routed partition 5/11       
Routed partition 6/11       
Routed partition 7/11       
Routed partition 8/11       
Routed partition 9/11       
Routed partition 10/11      
Routed partition 11/11      

Number of wires with overlap after iteration 0 = 1659 of 2684


[Track Assign: Iteration 0] Elapsed real time: 0:00:00 
[Track Assign: Iteration 0] Elapsed cpu  time: sys=0:00:00 usr=0:00:00 total=0:00:00
[Track Assign: Iteration 0] Stage (MB): Used    2  Alloctr    2  Proc    0 
[Track Assign: Iteration 0] Total (MB): Used   24  Alloctr   25  Proc 5977 

Reroute to fix overlaps (iter = 1)

Assign Horizontal partitions, iteration 1 
Routed partition 1/11       
Routed partition 2/11       
Routed partition 3/11       
Routed partition 4/11       
Routed partition 5/11       
Routed partition 6/11       
Routed partition 7/11       
Routed partition 8/11       
Routed partition 9/11       
Routed partition 10/11      
Routed partition 11/11      

Assign Vertical partitions, iteration 1 
Routed partition 1/11       
Routed partition 2/11       
Routed partition 3/11       
Routed partition 4/11       
Routed partition 5/11       
Routed partition 6/11       
Routed partition 7/11       
Routed partition 8/11       
Routed partition 9/11       
Routed partition 10/11      
Routed partition 11/11      

[Track Assign: Iteration 1] Elapsed real time: 0:00:00 
[Track Assign: Iteration 1] Elapsed cpu  time: sys=0:00:00 usr=0:00:00 total=0:00:00
[Track Assign: Iteration 1] Stage (MB): Used    2  Alloctr    2  Proc    0 
[Track Assign: Iteration 1] Total (MB): Used   24  Alloctr   25  Proc 5977 

Number of wires with overlap after iteration 1 = 1105 of 2267


Wire length and via report:
---------------------------
Number of METAL1 wires: 1063 		 CONT1: 0
Number of METAL2 wires: 961 		 via1: 1012
Number of METAL3 wires: 236 		 via2: 387
Number of METAL4 wires: 7 		 via3: 10
Number of METAL5 wires: 0 		 via4: 0
Number of METAL6 wires: 0 		 via5: 0
Total number of wires: 2267 		 vias: 1409

Total METAL1 wire length: 669.9
Total METAL2 wire length: 821.0
Total METAL3 wire length: 566.2
Total METAL4 wire length: 10.2
Total METAL5 wire length: 0.0
Total METAL6 wire length: 0.0
Total wire length: 2067.2

Longest METAL1 wire length: 6.2
Longest METAL2 wire length: 4.0
Longest METAL3 wire length: 11.9
Longest METAL4 wire length: 2.8
Longest METAL5 wire length: 0.0
Longest METAL6 wire length: 0.0

Warning: Shape {3432250 3801225 3434550 3803550} on layer METAL1 is not on min manufacturing grid. Snap it to {3432250 3801200 3434550 3803550}. The shape belongs to Net: u_calib_ctrl/n1879. (ZRT-543)
Warning: Shape {3432250 3801225 3439750 3803525} on layer METAL1 is not on min manufacturing grid. Snap it to {3432250 3801200 3439750 3803550}. The shape belongs to Net: u_calib_ctrl/n1879. (ZRT-543)
Warning: Shape {3437450 3801225 3439750 3803550} on layer METAL1 is not on min manufacturing grid. Snap it to {3437450 3801200 3439750 3803550}. The shape belongs to Net: u_calib_ctrl/n1879. (ZRT-543)

[Track Assign: Done] Elapsed real time: 0:00:00 
[Track Assign: Done] Elapsed cpu  time: sys=0:00:00 usr=0:00:00 total=0:00:00
[Track Assign: Done] Stage (MB): Used    0  Alloctr    0  Proc    0 
[Track Assign: Done] Total (MB): Used   21  Alloctr   23  Proc 5977 
[ECO: CDR] Elapsed real time: 0:00:01 
[ECO: CDR] Elapsed cpu  time: sys=0:00:00 usr=0:00:01 total=0:00:02
[ECO: CDR] Stage (MB): Used   17  Alloctr   18  Proc    0 
[ECO: CDR] Total (MB): Used   21  Alloctr   23  Proc 5977 
Printing options for 'route.common.*'
common.verbose_level                                    :	 0                   

Printing options for 'route.detail.*'
detail.eco_route_use_soft_spacing_for_timing_optimization:	 false               

Printing options for 'route.auto_via_ladder.*'

Information: RC layer preference is turned on for this design. (ZRT-613)
Total number of nets = 3780, of which 0 are not extracted
Total number of open nets = 0, of which 0 are frozen
Information: Using 8 threads for routing. (ZRT-444)
Start DR iteration 0: uniform partition
Routed	1/81 Partitions, Violations =	10
Routed	2/81 Partitions, Violations =	17
Routed	3/81 Partitions, Violations =	21
Routed	4/81 Partitions, Violations =	50
Routed	5/81 Partitions, Violations =	61
Routed	6/81 Partitions, Violations =	67
Routed	7/81 Partitions, Violations =	76
Routed	8/81 Partitions, Violations =	100
Routed	9/81 Partitions, Violations =	100
Routed	10/81 Partitions, Violations =	115
Routed	11/81 Partitions, Violations =	121
Routed	12/81 Partitions, Violations =	124
Routed	13/81 Partitions, Violations =	124
Routed	14/81 Partitions, Violations =	137
Routed	15/81 Partitions, Violations =	137
Routed	16/81 Partitions, Violations =	147
Routed	17/81 Partitions, Violations =	165
Routed	18/81 Partitions, Violations =	165
Routed	19/81 Partitions, Violations =	178
Routed	20/81 Partitions, Violations =	192
Routed	21/81 Partitions, Violations =	212
Routed	22/81 Partitions, Violations =	220
Routed	23/81 Partitions, Violations =	229
Routed	24/81 Partitions, Violations =	248
Routed	25/81 Partitions, Violations =	258
Routed	26/81 Partitions, Violations =	262
Routed	27/81 Partitions, Violations =	271
Routed	28/81 Partitions, Violations =	275
Routed	29/81 Partitions, Violations =	341
Routed	30/81 Partitions, Violations =	381
Routed	31/81 Partitions, Violations =	373
Routed	32/81 Partitions, Violations =	373
Routed	33/81 Partitions, Violations =	400
Routed	34/81 Partitions, Violations =	397
Routed	35/81 Partitions, Violations =	435
Routed	36/81 Partitions, Violations =	435
Routed	37/81 Partitions, Violations =	457
Routed	38/81 Partitions, Violations =	453
Routed	39/81 Partitions, Violations =	460
Routed	40/81 Partitions, Violations =	460
Routed	41/81 Partitions, Violations =	460
Routed	42/81 Partitions, Violations =	461
Routed	43/81 Partitions, Violations =	474
Routed	44/81 Partitions, Violations =	481
Routed	45/81 Partitions, Violations =	482
Routed	46/81 Partitions, Violations =	515
Routed	47/81 Partitions, Violations =	525
Routed	48/81 Partitions, Violations =	546
Routed	49/81 Partitions, Violations =	546
Routed	50/81 Partitions, Violations =	549
Routed	51/81 Partitions, Violations =	556
Routed	52/81 Partitions, Violations =	556
Routed	53/81 Partitions, Violations =	557
Routed	54/81 Partitions, Violations =	578
Routed	55/81 Partitions, Violations =	584
Routed	56/81 Partitions, Violations =	606
Routed	57/81 Partitions, Violations =	606
Routed	58/81 Partitions, Violations =	571
Routed	59/81 Partitions, Violations =	588
Routed	60/81 Partitions, Violations =	588
Routed	61/81 Partitions, Violations =	584
Routed	62/81 Partitions, Violations =	570
Routed	63/81 Partitions, Violations =	589
Routed	64/81 Partitions, Violations =	595
Routed	65/81 Partitions, Violations =	599
Routed	66/81 Partitions, Violations =	607
Routed	67/81 Partitions, Violations =	609
Routed	68/81 Partitions, Violations =	629
Routed	69/81 Partitions, Violations =	638
Routed	70/81 Partitions, Violations =	642
Routed	71/81 Partitions, Violations =	663
Routed	72/81 Partitions, Violations =	666
Routed	73/81 Partitions, Violations =	691
Routed	74/81 Partitions, Violations =	681
Routed	75/81 Partitions, Violations =	697
Routed	76/81 Partitions, Violations =	703
Routed	77/81 Partitions, Violations =	695
Routed	78/81 Partitions, Violations =	707
Routed	79/81 Partitions, Violations =	713
Routed	80/81 Partitions, Violations =	723
Routed	81/81 Partitions, Violations =	721

DRC-SUMMARY:
	@@@@@@@ TOTAL VIOLATIONS =	721
	Diff net spacing : 377
	Diff net via-cut spacing : 12
	Less than minimum area : 1
	Less than minimum width : 6
	Same net spacing : 1
	Short : 324

Information: The app option "route.detail.report_soft_drc_separately" will be on-by-default in future release. (ZRT-807)
	@@@@@@@ TOTAL SOFT VIOLATIONS =	0

[Iter 0] Elapsed real time: 0:00:04 
[Iter 0] Elapsed cpu  time: sys=0:00:00 usr=0:00:09 total=0:00:10
[Iter 0] Stage (MB): Used   86  Alloctr   86  Proc    0 
[Iter 0] Total (MB): Used  107  Alloctr  109  Proc 5977 

End DR iteration 0 with 81 parts

Start DR iteration 1: non-uniform partition
Routed	1/108 Partitions, Violations =	684
Routed	2/108 Partitions, Violations =	692
Routed	3/108 Partitions, Violations =	692
Routed	4/108 Partitions, Violations =	689
Routed	5/108 Partitions, Violations =	689
Routed	6/108 Partitions, Violations =	697
Routed	7/108 Partitions, Violations =	712
Routed	8/108 Partitions, Violations =	688
Routed	9/108 Partitions, Violations =	694
Routed	10/108 Partitions, Violations =	674
Routed	11/108 Partitions, Violations =	674
Routed	12/108 Partitions, Violations =	679
Routed	13/108 Partitions, Violations =	686
Routed	14/108 Partitions, Violations =	679
Routed	15/108 Partitions, Violations =	683
Routed	16/108 Partitions, Violations =	687
Routed	17/108 Partitions, Violations =	675
Routed	18/108 Partitions, Violations =	675
Routed	19/108 Partitions, Violations =	685
Routed	20/108 Partitions, Violations =	685
Routed	21/108 Partitions, Violations =	672
Routed	22/108 Partitions, Violations =	684
Routed	23/108 Partitions, Violations =	690
Routed	24/108 Partitions, Violations =	688
Routed	25/108 Partitions, Violations =	675
Routed	26/108 Partitions, Violations =	680
Routed	27/108 Partitions, Violations =	677
Routed	28/108 Partitions, Violations =	679
Routed	29/108 Partitions, Violations =	684
Routed	30/108 Partitions, Violations =	686
Routed	31/108 Partitions, Violations =	687
Routed	32/108 Partitions, Violations =	671
Routed	33/108 Partitions, Violations =	679
Routed	34/108 Partitions, Violations =	676
Routed	35/108 Partitions, Violations =	678
Routed	36/108 Partitions, Violations =	673
Routed	37/108 Partitions, Violations =	663
Routed	38/108 Partitions, Violations =	671
Routed	39/108 Partitions, Violations =	666
Routed	40/108 Partitions, Violations =	663
Routed	41/108 Partitions, Violations =	665
Routed	42/108 Partitions, Violations =	664
Routed	43/108 Partitions, Violations =	663
Routed	44/108 Partitions, Violations =	666
Routed	45/108 Partitions, Violations =	672
Routed	46/108 Partitions, Violations =	648
Routed	47/108 Partitions, Violations =	656
Routed	48/108 Partitions, Violations =	651
Routed	49/108 Partitions, Violations =	647
Routed	50/108 Partitions, Violations =	653
Routed	51/108 Partitions, Violations =	654
Routed	52/108 Partitions, Violations =	650
Routed	53/108 Partitions, Violations =	661
Routed	54/108 Partitions, Violations =	665
Routed	55/108 Partitions, Violations =	673
Routed	56/108 Partitions, Violations =	669
Routed	57/108 Partitions, Violations =	672
Routed	58/108 Partitions, Violations =	670
Routed	59/108 Partitions, Violations =	569
Routed	60/108 Partitions, Violations =	596
Routed	61/108 Partitions, Violations =	590
Routed	62/108 Partitions, Violations =	596
Routed	63/108 Partitions, Violations =	657
Routed	64/108 Partitions, Violations =	635
Routed	65/108 Partitions, Violations =	639
Routed	66/108 Partitions, Violations =	640
Routed	67/108 Partitions, Violations =	662
Routed	68/108 Partitions, Violations =	648
Routed	69/108 Partitions, Violations =	665
Routed	70/108 Partitions, Violations =	654
Routed	71/108 Partitions, Violations =	655
Routed	72/108 Partitions, Violations =	659
Routed	73/108 Partitions, Violations =	650
Routed	74/108 Partitions, Violations =	635
Routed	75/108 Partitions, Violations =	623
Routed	76/108 Partitions, Violations =	644
Routed	77/108 Partitions, Violations =	652
Routed	78/108 Partitions, Violations =	645
Routed	79/108 Partitions, Violations =	634
Routed	80/108 Partitions, Violations =	640
Routed	81/108 Partitions, Violations =	639
Routed	82/108 Partitions, Violations =	641
Routed	83/108 Partitions, Violations =	608
Routed	84/108 Partitions, Violations =	609
Routed	85/108 Partitions, Violations =	607
Routed	86/108 Partitions, Violations =	639
Routed	87/108 Partitions, Violations =	621
Routed	88/108 Partitions, Violations =	612
Routed	89/108 Partitions, Violations =	612
Routed	90/108 Partitions, Violations =	630
Routed	91/108 Partitions, Violations =	622
Routed	92/108 Partitions, Violations =	643
Routed	93/108 Partitions, Violations =	639
Routed	94/108 Partitions, Violations =	639
Routed	95/108 Partitions, Violations =	641
Routed	96/108 Partitions, Violations =	650
Routed	97/108 Partitions, Violations =	625
Routed	98/108 Partitions, Violations =	625
Routed	99/108 Partitions, Violations =	636
Routed	100/108 Partitions, Violations =	618
Routed	101/108 Partitions, Violations =	618
Routed	102/108 Partitions, Violations =	628
Routed	103/108 Partitions, Violations =	629
Routed	104/108 Partitions, Violations =	632
Routed	105/108 Partitions, Violations =	619
Routed	106/108 Partitions, Violations =	623
Routed	107/108 Partitions, Violations =	625
Routed	108/108 Partitions, Violations =	627

DRC-SUMMARY:
	@@@@@@@ TOTAL VIOLATIONS =	627
	Diff net spacing : 302
	Diff net via-cut spacing : 10
	Less than minimum width : 9
	Same net spacing : 3
	Short : 303

Information: The app option "route.detail.report_soft_drc_separately" will be on-by-default in future release. (ZRT-807)
	@@@@@@@ TOTAL SOFT VIOLATIONS =	0

[Iter 1] Elapsed real time: 0:00:06 
[Iter 1] Elapsed cpu  time: sys=0:00:00 usr=0:00:14 total=0:00:15
[Iter 1] Stage (MB): Used   86  Alloctr   86  Proc    0 
[Iter 1] Total (MB): Used  107  Alloctr  109  Proc 5977 

End DR iteration 1 with 108 parts

Start DR iteration 2: non-uniform partition
Routed	1/86 Partitions, Violations =	606
Routed	2/86 Partitions, Violations =	615
Routed	3/86 Partitions, Violations =	622
Routed	4/86 Partitions, Violations =	599
Routed	5/86 Partitions, Violations =	605
Routed	6/86 Partitions, Violations =	611
Routed	7/86 Partitions, Violations =	573
Routed	8/86 Partitions, Violations =	605
Routed	9/86 Partitions, Violations =	604
Routed	10/86 Partitions, Violations =	588
Routed	11/86 Partitions, Violations =	595
Routed	12/86 Partitions, Violations =	588
Routed	13/86 Partitions, Violations =	595
Routed	14/86 Partitions, Violations =	610
Routed	15/86 Partitions, Violations =	598
Routed	16/86 Partitions, Violations =	598
Routed	17/86 Partitions, Violations =	601
Routed	18/86 Partitions, Violations =	585
Routed	19/86 Partitions, Violations =	589
Routed	20/86 Partitions, Violations =	592
Routed	21/86 Partitions, Violations =	577
Routed	22/86 Partitions, Violations =	592
Routed	23/86 Partitions, Violations =	612
Routed	24/86 Partitions, Violations =	593
Routed	25/86 Partitions, Violations =	577
Routed	26/86 Partitions, Violations =	593
Routed	27/86 Partitions, Violations =	612
Routed	28/86 Partitions, Violations =	606
Routed	29/86 Partitions, Violations =	617
Routed	30/86 Partitions, Violations =	577
Routed	31/86 Partitions, Violations =	593
Routed	32/86 Partitions, Violations =	613
Routed	33/86 Partitions, Violations =	588
Routed	34/86 Partitions, Violations =	595
Routed	35/86 Partitions, Violations =	609
Routed	36/86 Partitions, Violations =	631
Routed	37/86 Partitions, Violations =	615
Routed	38/86 Partitions, Violations =	625
Routed	39/86 Partitions, Violations =	625
Routed	40/86 Partitions, Violations =	611
Routed	41/86 Partitions, Violations =	620
Routed	42/86 Partitions, Violations =	634
Routed	43/86 Partitions, Violations =	594
Routed	44/86 Partitions, Violations =	599
Routed	45/86 Partitions, Violations =	622
Routed	46/86 Partitions, Violations =	595
Routed	47/86 Partitions, Violations =	595
Routed	48/86 Partitions, Violations =	601
Routed	49/86 Partitions, Violations =	623
Routed	50/86 Partitions, Violations =	590
Routed	51/86 Partitions, Violations =	589
Routed	52/86 Partitions, Violations =	605
Routed	53/86 Partitions, Violations =	605
Routed	54/86 Partitions, Violations =	607
Routed	55/86 Partitions, Violations =	590
Routed	56/86 Partitions, Violations =	597
Routed	57/86 Partitions, Violations =	618
Routed	58/86 Partitions, Violations =	611
Routed	59/86 Partitions, Violations =	612
Routed	60/86 Partitions, Violations =	615
Routed	61/86 Partitions, Violations =	619
Routed	62/86 Partitions, Violations =	618
Routed	63/86 Partitions, Violations =	619
Routed	64/86 Partitions, Violations =	611
Routed	65/86 Partitions, Violations =	617
Routed	66/86 Partitions, Violations =	605
Routed	67/86 Partitions, Violations =	598
Routed	68/86 Partitions, Violations =	588
Routed	69/86 Partitions, Violations =	585
Routed	70/86 Partitions, Violations =	601
Routed	71/86 Partitions, Violations =	601
Routed	72/86 Partitions, Violations =	610
Routed	73/86 Partitions, Violations =	599
Routed	74/86 Partitions, Violations =	610
Routed	75/86 Partitions, Violations =	610
Routed	76/86 Partitions, Violations =	619
Routed	77/86 Partitions, Violations =	619
Routed	78/86 Partitions, Violations =	595
Routed	79/86 Partitions, Violations =	623
Routed	80/86 Partitions, Violations =	625
Routed	81/86 Partitions, Violations =	608
Routed	82/86 Partitions, Violations =	613
Routed	83/86 Partitions, Violations =	624
Routed	84/86 Partitions, Violations =	635
Routed	85/86 Partitions, Violations =	626
Routed	86/86 Partitions, Violations =	635

DRC-SUMMARY:
	@@@@@@@ TOTAL VIOLATIONS =	635
	Diff net spacing : 290
	Diff net via-cut spacing : 11
	Less than minimum area : 1
	Less than minimum width : 7
	Same net spacing : 4
	Short : 322

Information: The app option "route.detail.report_soft_drc_separately" will be on-by-default in future release. (ZRT-807)
	@@@@@@@ TOTAL SOFT VIOLATIONS =	0

[Iter 2] Elapsed real time: 0:00:09 
[Iter 2] Elapsed cpu  time: sys=0:00:00 usr=0:00:20 total=0:00:21
[Iter 2] Stage (MB): Used   86  Alloctr   86  Proc    0 
[Iter 2] Total (MB): Used  107  Alloctr  109  Proc 5977 

End DR iteration 2 with 86 parts

Start DR iteration 3: non-uniform partition
Routed	1/80 Partitions, Violations =	634
Routed	2/80 Partitions, Violations =	642
Routed	3/80 Partitions, Violations =	595
Routed	4/80 Partitions, Violations =	596
Routed	5/80 Partitions, Violations =	626
Routed	6/80 Partitions, Violations =	626
Routed	7/80 Partitions, Violations =	606
Routed	8/80 Partitions, Violations =	618
Routed	9/80 Partitions, Violations =	628
Routed	10/80 Partitions, Violations =	592
Routed	11/80 Partitions, Violations =	612
Routed	12/80 Partitions, Violations =	630
Routed	13/80 Partitions, Violations =	598
Routed	14/80 Partitions, Violations =	602
Routed	15/80 Partitions, Violations =	604
Routed	16/80 Partitions, Violations =	631
Routed	17/80 Partitions, Violations =	621
Routed	18/80 Partitions, Violations =	629
Routed	19/80 Partitions, Violations =	626
Routed	20/80 Partitions, Violations =	638
Routed	21/80 Partitions, Violations =	608
Routed	22/80 Partitions, Violations =	603
Routed	23/80 Partitions, Violations =	619
Routed	24/80 Partitions, Violations =	603
Routed	25/80 Partitions, Violations =	610
Routed	26/80 Partitions, Violations =	600
Routed	27/80 Partitions, Violations =	616
Routed	28/80 Partitions, Violations =	599
Routed	29/80 Partitions, Violations =	625
Routed	30/80 Partitions, Violations =	612
Routed	31/80 Partitions, Violations =	615
Routed	32/80 Partitions, Violations =	602
Routed	33/80 Partitions, Violations =	614
Routed	34/80 Partitions, Violations =	607
Routed	35/80 Partitions, Violations =	608
Routed	36/80 Partitions, Violations =	601
Routed	37/80 Partitions, Violations =	590
Routed	38/80 Partitions, Violations =	592
Routed	39/80 Partitions, Violations =	603
Routed	40/80 Partitions, Violations =	599
Routed	41/80 Partitions, Violations =	591
Routed	42/80 Partitions, Violations =	602
Routed	43/80 Partitions, Violations =	602
Routed	44/80 Partitions, Violations =	637
Routed	45/80 Partitions, Violations =	609
Routed	46/80 Partitions, Violations =	607
Routed	47/80 Partitions, Violations =	640
Routed	48/80 Partitions, Violations =	634
Routed	49/80 Partitions, Violations =	642
Routed	50/80 Partitions, Violations =	609
Routed	51/80 Partitions, Violations =	617
Routed	52/80 Partitions, Violations =	611
Routed	53/80 Partitions, Violations =	627
Routed	54/80 Partitions, Violations =	629
Routed	55/80 Partitions, Violations =	644
Routed	56/80 Partitions, Violations =	653
Routed	57/80 Partitions, Violations =	653
Routed	58/80 Partitions, Violations =	660
Routed	59/80 Partitions, Violations =	681
Routed	60/80 Partitions, Violations =	654
Routed	61/80 Partitions, Violations =	644
Routed	62/80 Partitions, Violations =	656
Routed	63/80 Partitions, Violations =	651
Routed	64/80 Partitions, Violations =	653
Routed	65/80 Partitions, Violations =	665
Routed	66/80 Partitions, Violations =	657
Routed	67/80 Partitions, Violations =	654
Routed	68/80 Partitions, Violations =	661
Routed	69/80 Partitions, Violations =	672
Routed	70/80 Partitions, Violations =	643
Routed	71/80 Partitions, Violations =	627
Routed	72/80 Partitions, Violations =	645
Routed	73/80 Partitions, Violations =	645
Routed	74/80 Partitions, Violations =	661
Routed	75/80 Partitions, Violations =	646
Routed	76/80 Partitions, Violations =	651
Routed	77/80 Partitions, Violations =	677
Routed	78/80 Partitions, Violations =	675
Routed	79/80 Partitions, Violations =	677
Routed	80/80 Partitions, Violations =	677

DRC-SUMMARY:
	@@@@@@@ TOTAL VIOLATIONS =	677
	Diff net spacing : 296
	Diff net via-cut spacing : 16
	Less than minimum area : 2
	Less than minimum width : 9
	Same net spacing : 3
	Short : 351

Information: The app option "route.detail.report_soft_drc_separately" will be on-by-default in future release. (ZRT-807)
	@@@@@@@ TOTAL SOFT VIOLATIONS =	0

[Iter 3] Elapsed real time: 0:00:14 
[Iter 3] Elapsed cpu  time: sys=0:00:00 usr=0:00:30 total=0:00:31
[Iter 3] Stage (MB): Used   86  Alloctr   86  Proc    0 
[Iter 3] Total (MB): Used  107  Alloctr  109  Proc 5977 

End DR iteration 3 with 80 parts

Start DR iteration 4: non-uniform partition
Routed	1/76 Partitions, Violations =	675
Routed	2/76 Partitions, Violations =	653
Routed	3/76 Partitions, Violations =	676
Routed	4/76 Partitions, Violations =	691
Routed	5/76 Partitions, Violations =	674
Routed	6/76 Partitions, Violations =	691
Routed	7/76 Partitions, Violations =	693
Routed	8/76 Partitions, Violations =	699
Routed	9/76 Partitions, Violations =	698
Routed	10/76 Partitions, Violations =	704
Routed	11/76 Partitions, Violations =	710
Routed	12/76 Partitions, Violations =	724
Routed	13/76 Partitions, Violations =	698
Routed	14/76 Partitions, Violations =	722
Routed	15/76 Partitions, Violations =	704
Routed	16/76 Partitions, Violations =	721
Routed	17/76 Partitions, Violations =	700
Routed	18/76 Partitions, Violations =	714
Routed	19/76 Partitions, Violations =	689
Routed	20/76 Partitions, Violations =	678
Routed	21/76 Partitions, Violations =	687
Routed	22/76 Partitions, Violations =	720
Routed	23/76 Partitions, Violations =	728
Routed	24/76 Partitions, Violations =	717
Routed	25/76 Partitions, Violations =	687
Routed	26/76 Partitions, Violations =	681
Routed	27/76 Partitions, Violations =	682
Routed	28/76 Partitions, Violations =	687
Routed	29/76 Partitions, Violations =	721
Routed	30/76 Partitions, Violations =	726
Routed	31/76 Partitions, Violations =	680
Routed	32/76 Partitions, Violations =	678
Routed	33/76 Partitions, Violations =	694
Routed	34/76 Partitions, Violations =	728
Routed	35/76 Partitions, Violations =	707
Routed	36/76 Partitions, Violations =	713
Routed	37/76 Partitions, Violations =	707
Routed	38/76 Partitions, Violations =	744
Routed	39/76 Partitions, Violations =	731
Routed	40/76 Partitions, Violations =	737
Routed	41/76 Partitions, Violations =	746
Routed	42/76 Partitions, Violations =	718
Routed	43/76 Partitions, Violations =	745
Routed	44/76 Partitions, Violations =	716
Routed	45/76 Partitions, Violations =	742
Routed	46/76 Partitions, Violations =	742
Routed	47/76 Partitions, Violations =	739
Routed	48/76 Partitions, Violations =	746
Routed	49/76 Partitions, Violations =	705
Routed	50/76 Partitions, Violations =	711
Routed	51/76 Partitions, Violations =	729
Routed	52/76 Partitions, Violations =	708
Routed	53/76 Partitions, Violations =	713
Routed	54/76 Partitions, Violations =	727
Routed	55/76 Partitions, Violations =	683
Routed	56/76 Partitions, Violations =	692
Routed	57/76 Partitions, Violations =	694
Routed	58/76 Partitions, Violations =	729
Routed	59/76 Partitions, Violations =	723
Routed	60/76 Partitions, Violations =	721
Routed	61/76 Partitions, Violations =	726
Routed	62/76 Partitions, Violations =	738
Routed	63/76 Partitions, Violations =	743
Routed	64/76 Partitions, Violations =	744
Routed	65/76 Partitions, Violations =	734
Routed	66/76 Partitions, Violations =	739
Routed	67/76 Partitions, Violations =	730
Routed	68/76 Partitions, Violations =	696
Routed	69/76 Partitions, Violations =	702
Routed	70/76 Partitions, Violations =	725
Routed	71/76 Partitions, Violations =	734
Routed	72/76 Partitions, Violations =	721
Routed	73/76 Partitions, Violations =	717
Routed	74/76 Partitions, Violations =	722
Routed	75/76 Partitions, Violations =	726
Routed	76/76 Partitions, Violations =	737

DRC-SUMMARY:
	@@@@@@@ TOTAL VIOLATIONS =	737
	Diff net spacing : 378
	Diff net via-cut spacing : 14
	Less than minimum area : 1
	Less than minimum width : 10
	Same net spacing : 3
	Short : 331

Information: The app option "route.detail.report_soft_drc_separately" will be on-by-default in future release. (ZRT-807)
	@@@@@@@ TOTAL SOFT VIOLATIONS =	0

[Iter 4] Elapsed real time: 0:00:19 
[Iter 4] Elapsed cpu  time: sys=0:00:00 usr=0:00:41 total=0:00:41
[Iter 4] Stage (MB): Used   86  Alloctr   86  Proc    0 
[Iter 4] Total (MB): Used  107  Alloctr  109  Proc 5977 

End DR iteration 4 with 76 parts

Incremental DRC patching:
Routed	1/71 Partitions, Violations =	724
Routed	2/71 Partitions, Violations =	727
Routed	3/71 Partitions, Violations =	737
Routed	4/71 Partitions, Violations =	730
Routed	5/71 Partitions, Violations =	735
Routed	6/71 Partitions, Violations =	735
Routed	7/71 Partitions, Violations =	735
Routed	8/71 Partitions, Violations =	715
Routed	9/71 Partitions, Violations =	735
Routed	10/71 Partitions, Violations =	696
Routed	11/71 Partitions, Violations =	735
Routed	12/71 Partitions, Violations =	693
Routed	13/71 Partitions, Violations =	674
Routed	14/71 Partitions, Violations =	729
Routed	15/71 Partitions, Violations =	735
Routed	16/71 Partitions, Violations =	723
Routed	17/71 Partitions, Violations =	723
Routed	18/71 Partitions, Violations =	735
Routed	19/71 Partitions, Violations =	719
Routed	20/71 Partitions, Violations =	719
Routed	21/71 Partitions, Violations =	735
Routed	22/71 Partitions, Violations =	699
Routed	23/71 Partitions, Violations =	735
Routed	24/71 Partitions, Violations =	725
Routed	25/71 Partitions, Violations =	735
Routed	26/71 Partitions, Violations =	735
Routed	27/71 Partitions, Violations =	725
Routed	28/71 Partitions, Violations =	738
Routed	29/71 Partitions, Violations =	738
Routed	30/71 Partitions, Violations =	738
Routed	31/71 Partitions, Violations =	738
Routed	32/71 Partitions, Violations =	732
Routed	33/71 Partitions, Violations =	738
Routed	34/71 Partitions, Violations =	712
Routed	35/71 Partitions, Violations =	728
Routed	36/71 Partitions, Violations =	738
Routed	37/71 Partitions, Violations =	689
Routed	38/71 Partitions, Violations =	722
Routed	39/71 Partitions, Violations =	730
Routed	40/71 Partitions, Violations =	726
Routed	41/71 Partitions, Violations =	714
Routed	42/71 Partitions, Violations =	720
Routed	43/71 Partitions, Violations =	738
Routed	44/71 Partitions, Violations =	689
Routed	45/71 Partitions, Violations =	740
Routed	46/71 Partitions, Violations =	740
Routed	47/71 Partitions, Violations =	713
Routed	48/71 Partitions, Violations =	740
Routed	49/71 Partitions, Violations =	730
Routed	50/71 Partitions, Violations =	739
Routed	51/71 Partitions, Violations =	704
Routed	52/71 Partitions, Violations =	714
Routed	53/71 Partitions, Violations =	729
Routed	54/71 Partitions, Violations =	739
Routed	55/71 Partitions, Violations =	734
Routed	56/71 Partitions, Violations =	739
Routed	57/71 Partitions, Violations =	739
Routed	58/71 Partitions, Violations =	709
Routed	59/71 Partitions, Violations =	739
Routed	61/71 Partitions, Violations =	713
Routed	61/71 Partitions, Violations =	713
Routed	62/71 Partitions, Violations =	739
Routed	63/71 Partitions, Violations =	719
Routed	64/71 Partitions, Violations =	739
Routed	65/71 Partitions, Violations =	709
Routed	66/71 Partitions, Violations =	739
Routed	67/71 Partitions, Violations =	730
Routed	68/71 Partitions, Violations =	739
Routed	69/71 Partitions, Violations =	739
Routed	70/71 Partitions, Violations =	739
Routed	71/71 Partitions, Violations =	739

DRC-SUMMARY:
	@@@@@@@ TOTAL VIOLATIONS =	739
	Diff net spacing : 381
	Diff net via-cut spacing : 14
	Less than minimum area : 1
	Less than minimum width : 10
	Same net spacing : 3
	Short : 330

Information: The app option "route.detail.report_soft_drc_separately" will be on-by-default in future release. (ZRT-807)
	@@@@@@@ TOTAL SOFT VIOLATIONS =	0

Stop DR since reached max number of iterations

Information: Detail Routing terminated early because DRCs were not converging: false (ZRT-312)

Nets that have been changed:
Net 1 = clk
Net 2 = rst_n
Net 3 = aps_rename_15_
Net 4 = aps_rename_17_
Net 5 = aps_rename_20_
Net 6 = dac_p_force[5]
Net 7 = aps_rename_22_
Net 8 = aps_rename_25_
Net 9 = aps_rename_26_
Net 10 = aps_rename_27_
Net 11 = aps_rename_31_
Net 12 = aps_rename_36_
Net 13 = aps_rename_37_
Net 14 = aps_rename_40_
Net 15 = aps_rename_41_
Net 16 = aps_rename_42_
Net 17 = aps_rename_43_
Net 18 = calib_overrange
Net 19 = aps_rename_44_
Net 20 = aps_rename_45_
Net 21 = calib_overrange_bits[17]
Net 22 = calib_overrange_bits[16]
Net 23 = calib_overrange_bits[15]
Net 24 = calib_overrange_bits[14]
Net 25 = aps_rename_47_
Net 26 = calib_overrange_bits[9]
Net 27 = calib_overrange_bits[8]
Net 28 = calib_overrange_bits[7]
Net 29 = aps_rename_49_
Net 30 = aps_rename_50_
Net 31 = aps_rename_62_
Net 32 = aps_rename_83_
Net 33 = aps_rename_90_
Net 34 = aps_rename_98_
Net 35 = aps_rename_105_
Net 36 = aps_rename_107_
Net 37 = srm_start
Net 38 = aps_rename_119_
Net 39 = aps_rename_121_
Net 40 = aps_rename_122_
Net 41 = aps_rename_125_
Net 42 = aps_rename_127_
Net 43 = aps_rename_128_
Net 44 = n30
Net 45 = u_calib_ctrl/aps_rename_1_
Net 46 = u_calib_ctrl/aps_rename_2_
Net 47 = u_calib_ctrl/shadow_weights[0][29]
Net 48 = u_calib_ctrl/shadow_weights[0][27]
Net 49 = u_calib_ctrl/shadow_weights[0][26]
Net 50 = u_calib_ctrl/shadow_weights[0][21]
Net 51 = u_calib_ctrl/shadow_weights[0][19]
Net 52 = u_calib_ctrl/shadow_weights[0][18]
Net 53 = u_calib_ctrl/shadow_weights[0][17]
Net 54 = u_calib_ctrl/shadow_weights[0][13]
Net 55 = u_calib_ctrl/shadow_weights[0][12]
Net 56 = u_calib_ctrl/shadow_weights[0][11]
Net 57 = u_calib_ctrl/shadow_weights[0][9]
Net 58 = u_calib_ctrl/shadow_weights[0][6]
Net 59 = u_calib_ctrl/shadow_weights[0][5]
Net 60 = u_calib_ctrl/shadow_weights[0][4]
Net 61 = u_calib_ctrl/shadow_weights[0][2]
Net 62 = u_calib_ctrl/shadow_weights[0][0]
Net 63 = u_calib_ctrl/shadow_weights[1][26]
Net 64 = u_calib_ctrl/shadow_weights[1][22]
Net 65 = u_calib_ctrl/shadow_weights[1][15]
Net 66 = u_calib_ctrl/shadow_weights[2][29]
Net 67 = u_calib_ctrl/shadow_weights[2][28]
Net 68 = u_calib_ctrl/shadow_weights[2][27]
Net 69 = u_calib_ctrl/shadow_weights[2][26]
Net 70 = u_calib_ctrl/shadow_weights[2][25]
Net 71 = u_calib_ctrl/shadow_weights[2][24]
Net 72 = u_calib_ctrl/shadow_weights[2][19]
Net 73 = u_calib_ctrl/shadow_weights[2][18]
Net 74 = u_calib_ctrl/shadow_weights[2][16]
Net 75 = u_calib_ctrl/shadow_weights[2][14]
Net 76 = u_calib_ctrl/shadow_weights[2][13]
Net 77 = u_calib_ctrl/shadow_weights[2][12]
Net 78 = u_calib_ctrl/shadow_weights[2][10]
Net 79 = u_calib_ctrl/shadow_weights[2][8]
Net 80 = u_calib_ctrl/shadow_weights[2][7]
Net 81 = u_calib_ctrl/shadow_weights[2][5]
Net 82 = u_calib_ctrl/shadow_weights[2][4]
Net 83 = u_calib_ctrl/shadow_weights[2][2]
Net 84 = u_calib_ctrl/shadow_weights[2][1]
Net 85 = u_calib_ctrl/shadow_weights[3][29]
Net 86 = u_calib_ctrl/shadow_weights[3][28]
Net 87 = u_calib_ctrl/shadow_weights[3][11]
Net 88 = u_calib_ctrl/shadow_weights[4][29]
Net 89 = u_calib_ctrl/shadow_weights[4][28]
Net 90 = u_calib_ctrl/shadow_weights[4][26]
Net 91 = u_calib_ctrl/shadow_weights[4][25]
Net 92 = u_calib_ctrl/shadow_weights[4][16]
Net 93 = u_calib_ctrl/shadow_weights[4][15]
Net 94 = u_calib_ctrl/shadow_weights[4][11]
Net 95 = u_calib_ctrl/shadow_weights[4][6]
Net 96 = u_calib_ctrl/shadow_weights[4][0]
Net 97 = u_calib_ctrl/shadow_weights[5][29]
Net 98 = u_calib_ctrl/shadow_weights[5][27]
Net 99 = u_calib_ctrl/shadow_weights[5][25]
Net 100 = u_calib_ctrl/shadow_weights[5][7]
.... and 1369 other nets
Total number of changed nets = 1469 (out of 3780)

[DR: Done] Elapsed real time: 0:00:19 
[DR: Done] Elapsed cpu  time: sys=0:00:00 usr=0:00:43 total=0:00:43
[DR: Done] Stage (MB): Used    0  Alloctr    0  Proc    0 
[DR: Done] Total (MB): Used   21  Alloctr   23  Proc 5977 
[ECO: DR] Elapsed real time: 0:00:20 
[ECO: DR] Elapsed cpu  time: sys=0:00:01 usr=0:00:44 total=0:00:46
[ECO: DR] Stage (MB): Used   18  Alloctr   19  Proc    0 
[ECO: DR] Total (MB): Used   21  Alloctr   23  Proc 5977 

ECO Route finished with 0 open nets, of which 0 are frozen
Information: Merged away 299 aligned/redundant DRCs. (ZRT-305)

ECO Route finished with 440 violations

DRC-SUMMARY:
	@@@@@@@ TOTAL VIOLATIONS =	440
	Diff net spacing : 184
	Diff net via-cut spacing : 14
	Less than minimum area : 1
	Less than minimum width : 10
	Same net spacing : 2
	Short : 229

Information: The app option "route.detail.report_soft_drc_separately" will be on-by-default in future release. (ZRT-807)
	@@@@@@@ TOTAL SOFT VIOLATIONS =	0



Total Wire Length =                    224112 micron
Total Number of Contacts =             29268
Total Number of Wires =                32737
Total Number of PtConns =              3346
Total Number of Routed Wires =       31205
Total Routed Wire Length =           222833 micron
Total Number of Routed Contacts =       29268
	Layer    METAL1 :       6353 micron
	Layer    METAL2 :      54139 micron
	Layer    METAL3 :     101293 micron
	Layer    METAL4 :      55166 micron
	Layer    METAL5 :       5663 micron
	Layer    METAL6 :        220 micron
	Via        via5 :          6
	Via        via4 :        134
	Via        via3 :       3584
	Via        via2 :      12590
	Via   via2(rot) :         23
	Via        via1 :       2021
	Via   via1(rot) :      10910

 
Redundant via conversion report:
--------------------------------

  Total optimized via conversion rate =  0.00% (0 / 29268 vias)
 
    Layer VIA12      =  0.00% (0      / 12931   vias)
        Un-optimized =  0.00% (0       vias)
        Un-mapped    = 100.00% (12931   vias)
    Layer VIA23      =  0.00% (0      / 12613   vias)
        Un-optimized =  0.00% (0       vias)
        Un-mapped    = 100.00% (12613   vias)
    Layer VIA34      =  0.00% (0      / 3584    vias)
        Un-optimized =  0.00% (0       vias)
        Un-mapped    = 100.00% (3584    vias)
    Layer VIA45      =  0.00% (0      / 134     vias)
        Un-optimized =  0.00% (0       vias)
        Un-mapped    = 100.00% (134     vias)
    Layer VIA56      =  0.00% (0      / 6       vias)
        Un-optimized =  0.00% (0       vias)
        Un-mapped    = 100.00% (6       vias)
 
  Total double via conversion rate    =  0.00% (0 / 29268 vias)
 
    Layer VIA12      =  0.00% (0      / 12931   vias)
    Layer VIA23      =  0.00% (0      / 12613   vias)
    Layer VIA34      =  0.00% (0      / 3584    vias)
    Layer VIA45      =  0.00% (0      / 134     vias)
    Layer VIA56      =  0.00% (0      / 6       vias)
 
  The optimized via conversion rate based on total routed via count =  0.00% (0 / 29268 vias)
 
    Layer VIA12      =  0.00% (0      / 12931   vias)
        Un-optimized =  0.00% (0       vias)
        Un-mapped    = 100.00% (12931   vias)
    Layer VIA23      =  0.00% (0      / 12613   vias)
        Un-optimized =  0.00% (0       vias)
        Un-mapped    = 100.00% (12613   vias)
    Layer VIA34      =  0.00% (0      / 3584    vias)
        Un-optimized =  0.00% (0       vias)
        Un-mapped    = 100.00% (3584    vias)
    Layer VIA45      =  0.00% (0      / 134     vias)
        Un-optimized =  0.00% (0       vias)
        Un-mapped    = 100.00% (134     vias)
    Layer VIA56      =  0.00% (0      / 6       vias)
        Un-optimized =  0.00% (0       vias)
        Un-mapped    = 100.00% (6       vias)
 

Total number of nets = 3780
0 open nets, of which 0 are frozen
Total number of excluded ports = 0 ports of 0 unplaced cells connected to 0 nets
                                 0 ports without pins of 0 cells connected to 0 nets
                                 0 ports of 0 cover cells connected to 0 non-pg nets
Total number of DRCs = 440
Total number of antenna violations = antenna checking not active
Information: Routes in non-preferred voltage areas = 0 (ZRT-559)

Total Wire Length =                    224112 micron
Total Number of Contacts =             29268
Total Number of Wires =                32737
Total Number of PtConns =              3346
Total Number of Routed Wires =       31205
Total Routed Wire Length =           222833 micron
Total Number of Routed Contacts =       29268
	Layer    METAL1 :       6353 micron
	Layer    METAL2 :      54139 micron
	Layer    METAL3 :     101293 micron
	Layer    METAL4 :      55166 micron
	Layer    METAL5 :       5663 micron
	Layer    METAL6 :        220 micron
	Via        via5 :          6
	Via        via4 :        134
	Via        via3 :       3584
	Via        via2 :      12590
	Via   via2(rot) :         23
	Via        via1 :       2021
	Via   via1(rot) :      10910

 
Redundant via conversion report:
--------------------------------

  Total optimized via conversion rate =  0.00% (0 / 29268 vias)
 
    Layer VIA12      =  0.00% (0      / 12931   vias)
        Un-optimized =  0.00% (0       vias)
        Un-mapped    = 100.00% (12931   vias)
    Layer VIA23      =  0.00% (0      / 12613   vias)
        Un-optimized =  0.00% (0       vias)
        Un-mapped    = 100.00% (12613   vias)
    Layer VIA34      =  0.00% (0      / 3584    vias)
        Un-optimized =  0.00% (0       vias)
        Un-mapped    = 100.00% (3584    vias)
    Layer VIA45      =  0.00% (0      / 134     vias)
        Un-optimized =  0.00% (0       vias)
        Un-mapped    = 100.00% (134     vias)
    Layer VIA56      =  0.00% (0      / 6       vias)
        Un-optimized =  0.00% (0       vias)
        Un-mapped    = 100.00% (6       vias)
 
  Total double via conversion rate    =  0.00% (0 / 29268 vias)
 
    Layer VIA12      =  0.00% (0      / 12931   vias)
    Layer VIA23      =  0.00% (0      / 12613   vias)
    Layer VIA34      =  0.00% (0      / 3584    vias)
    Layer VIA45      =  0.00% (0      / 134     vias)
    Layer VIA56      =  0.00% (0      / 6       vias)
 
  The optimized via conversion rate based on total routed via count =  0.00% (0 / 29268 vias)
 
    Layer VIA12      =  0.00% (0      / 12931   vias)
        Un-optimized =  0.00% (0       vias)
        Un-mapped    = 100.00% (12931   vias)
    Layer VIA23      =  0.00% (0      / 12613   vias)
        Un-optimized =  0.00% (0       vias)
        Un-mapped    = 100.00% (12613   vias)
    Layer VIA34      =  0.00% (0      / 3584    vias)
        Un-optimized =  0.00% (0       vias)
        Un-mapped    = 100.00% (3584    vias)
    Layer VIA45      =  0.00% (0      / 134     vias)
        Un-optimized =  0.00% (0       vias)
        Un-mapped    = 100.00% (134     vias)
    Layer VIA56      =  0.00% (0      / 6       vias)
        Un-optimized =  0.00% (0       vias)
        Un-mapped    = 100.00% (6       vias)
 
Updating the database ...
...updated 1469 nets with eco mode
[ECO: End] Elapsed real time: 0:00:21 
[ECO: End] Elapsed cpu  time: sys=0:00:01 usr=0:00:45 total=0:00:46
[ECO: End] Stage (MB): Used   -2  Alloctr   -2  Proc    0 
[ECO: End] Total (MB): Used    0  Alloctr    1  Proc 5977 

Route-opt ECO routing complete            CPU:   499 s (  0.14 hr )  ELAPSE:   246 s (  0.07 hr )  MEM-PEAK:  2147 MB
Co-efficient Ratio Summary:
4.193421605155  6.578038173730  2.479639287277  7.744187540401  0.485050000353  3.179565833784  5.567214754587  2.894455387461  6.565921240159  9.017937505874  3.438243925933  9.873627366938  6.078485764085
2.744208341123  8.318115604907  9.699225026083  2.464623950064  1.382370221226  9.387184029619  3.142429406669  0.968753789964  6.613180756580  4.146578793224  7.100921033112  2.101323960773  0.963096941094
2.700148443881  3.840450064440  3.750206053169  7.663458842299  6.212201167950  7.759678473967  7.862243056717  0.402388977150  0.032845028183  0.596111512371  4.035850411892  7.215323379246  8.278613198268
1.183725190997  3.334436408244  5.867609731622  7.173894385364  9.669819999761  7.591487347087  7.632106393266  7.679078963326  9.831314210422  1.878805817928  3.560387293539  1.236448270076  7.050712294780
2.403928173631  6.139852544054  4.100210066110  1.274718589655  4.570746653063  5.624878808820  7.826857253678  4.759133418263  5.409027926377  2.609823652834  0.956812553674  6.391859117534  9.187737122495
0.513656796621  5.027570618562  6.119813446103  6.181472312107  1.581675365776  7.486041822107  9.584562469756  2.041727387119  3.921160867338  0.650488682345  9.702128927409  3.378667859519  4.897474649020
6.860149244452  2.000104051691  9.095345907689  2.197041709512  0.915900067443  5.466092308426  8.142690055883  4.607193265224  8.244463794567  3.504870705451  1.912486037888  7.183616273135  9.939825808373
3.617852772683  8.946772637652  1.169969532707  4.529946656262  3.090979409795  5.580726136993  1.131397763510  0.721709625254  7.515947417690  0.649322209371  1.347701068513  5.821792121884  5.826093983342
4.349383292435  0.216216918317  9.612142422527  7.311156782104  0.823519141628  0.356161286693  8.022019569284  2.603132585844  5.024802551363  1.359359521353  5.737233476201  2.814306932133  1.265663152200
0.417760313533  1.833872465081  6.448557737188  4.848373112548  2.936801055033  8.671494124225  4.212305316610  9.007627270112  3.308107178452  5.607471109985  8.844413665423  2.774859434059  9.324579038770
1.551199989997  2.300508202625  0.754685030179  1.961421411696  2.781303341418  3.355375155650  9.437909893602  9.136702642545  9.020209208464  9.978471495117  7.797127759047  3.181457286046  9.815283840044
4.331414637138  0.413524984361  3.309910198619  7.452798206103  1.902827924529  5.623407259547  7.269363008696  3.367403103784  7.093641515702  7.411336156476  6.243915126650  5.249791584268  4.802442747382
3.894401463832  4.531610419342  1.605155657803  8.173730247963  9.287277774418  7.540401048505  0.000353317956  5.833784556721  4.754587289445  4.387461656592  1.516326076793  7.515004320395  0.800295586343
9.509851607812  3.964085274420  8.341123831811  5.604907969922  5.026083246462  3.950064138237  0.221226938718  4.029619314242  9.406669096875  2.789964661318  0.022757589657  8.703454797563  8.918474819113
5.103696096373  4.141094270014  8.443881384045  0.064440375020  6.053169766345  8.842299621220  1.167950775967  8.473967786224  3.056717040238  7.977150003284  5.394350124611  1.522501480056  7.396154320513
Information: The net parasitics of block sar_digi_paper_core are cleared. (TIM-123)
INFO: Smart Arc Optimization disabled. 0 modes cleared.
Information: The stitching and editing of coupling caps is turned OFF for design 'sar16_pnr_paper_core:sar_digi_paper_core.design'. (TIM-125)
Information: Design sar_digi_paper_core has 3780 nets, 0 global routed, 3778 detail routed. (NEX-024)
Information: The RC mode used is DR for design 'sar_digi_paper_core'. (NEX-022)
---extraction options---
Corner: default
Global options:
 reference_direction       : use_from_tluplus
 real_metalfill_extraction : none
 virtual_shield_extraction : true
---app options---
 host.max_cores                   : 8
 extract.connect_open           : true
 extract.enable_coupling_cap    : false
Extracting design: sar_digi_paper_core 
Information: coupling capacitance is lumped to ground. (NEX-030)
Information: 3778 nets are successfully extracted. (NEX-028)
Warning: Advanced receiver model has not been enabled for detailed routed design. (TIM-204)
Information: Update timing completed net estimation for all the timing graph nets (TIM-111)
Information: Net estimation statistics: timing graph nets = 3778, routed nets = 3778, across physical hierarchy nets = 0, parasitics cached nets = 3778, delay annotated nets = 0, parasitics annotated nets = 0, multi-voltage nets = 0. (TIM-112)

Route-opt final QoR
___________________
Scenario Mapping Table
1: default

Pathgroup Mapping Table
1: **default**
2: **async_default**
3: **clock_gating_default**
4: **in2reg_default**
5: **reg2out_default**
6: **in2out_default**
7: clk
8: dec_clk

-------------------------------------------------------------------------------------------------------------------------------------------------------------
PATHGROUP QOR 
-------------------------------------------------------------------------------------------------------------------------------------------------------------
Scene  PG      WNS        TNS    NSV      WHV        THV    NHV
    1   1   0.0000     0.0000      0   0.0000     0.0000      0
    1   2   0.0000     0.0000      0   0.0000     0.0000      0
    1   3   0.0000     0.0000      0   0.0000     0.0000      0
    1   4   0.0000     0.0000      0   0.0000     0.0000      0
    1   5   0.0000     0.0000      0   0.0000     0.0000      0
    1   6   0.0000     0.0000      0   0.0000     0.0000      0
    1   7   0.0000     0.0000      0   0.0000     0.0000      0
    1   8   0.0000     0.0000      0   0.0000     0.0000      0
----------------------------------------------------------------------------------------------------------------------------------------------------------------------
SCENARIO QOR 
----------------------------------------------------------------------------------------------------------------------------------------------------------------------
Scene  PG      WNS        TNS   R2RTNS    NSV      WHV        THV    NHV  MaxTrnV   MaxTranC  MaxCapV    Leakage
    1   *   0.0000     0.0000   0.0000      0   0.0000     0.0000      0        1     0.0088        0 3095631.75
----------------------------------------------------------------------------------------------------------------------------------------------------------------------
DESIGN QOR 
----------------------------------------------------------------------------------------------------------------------------------------------------------------------
Scene  PG      WNS        TNS   R2RTNS    NSV      WHV        THV    NHV  MaxTrnV   MaxTranC  MaxCapV    Leakage         Area    InstCnt
    *   *   0.0000     0.0000   0.0000      0   0.0000     0.0000      0        1     0.0088        0 3095631.75    102300.11       3626
----------------------------------------------------------------------------------------------------------------------------------------------------------------------

Route-opt final QoR Summary         WNS        TNS   R2RTNS    NSV      WHV        THV    NHV  MaxTrnV  MaxCapV    Leakage         Area    InstCnt
Route-opt final QoR Summary      0.0000     0.0000   0.0000      0   0.0000     0.0000      0        1        0 3095631.75    102300.11       3626

Route-opt optimization complete                 0.00        0.00      0.00         0     102300.11  3095631.75        3626              0.07      2147

Route-opt command complete                CPU:   501 s (  0.14 hr )  ELAPSE:   246 s (  0.07 hr )  MEM-PEAK:  2147 MB
Route-opt command statistics  CPU=65 sec (0.02 hr) ELAPSED=26 sec (0.01 hr) MEM-PEAK=2.097 GB
Information: Ending   'route_opt' (FLW-8001)
Information: Time: 2026-09-18 20:24:14 / Session:  00:04:06 / Command:  00:00:26 / CPU:  00:01:05 / Memory: 2147 MB (FLW-8100)
#### STAGE OK: route_opt
0
# =============================================================================
# Reports
# =============================================================================
stage "reports"

##############################################################
##  STAGE: reports
##############################################################
redirect $RPT/fc_qor.rpt          { report_qor }
redirect $RPT/fc_util.rpt         { report_utilization }
redirect $RPT/fc_area.rpt         { report_area }
redirect $RPT/fc_timing_setup.rpt { report_timing -delay_type max -max_paths 25 -nworst 2 }
redirect $RPT/fc_timing_hold.rpt  { report_timing -delay_type min -max_paths 25 -nworst 2 }
redirect $RPT/fc_violators.rpt    { report_constraint -all_violators }
redirect $RPT/fc_clock_qor.rpt    { report_clock_qor }
redirect $RPT/fc_congestion.rpt   { report_congestion }
run "check_routes"      {check_routes}
Cell Min-Routing-Layer = METAL1
Cell Max-Routing-Layer = METAL6
Turn off antenna since no rule is specified
Information: Option route.detail.force_end_on_preferred_grid will be ignored since none of the layers have preferred grid. (ZRT-703)
Info: number of net_type_blockage: 0 
Information: Via ladder engine would be activated for pattern must join connection in certain commands. Please refer to man-page for the command list. (ZRT-619)
Warning: Port  VSS at {{165.660,427.305} {178.200,428.800}} is out of boundary. Cannot be routed. (ZRT-720)
Warning: Port  VDD at {{386.760,-0.400} {390.720,1.250}} is out of boundary. Cannot be routed. (ZRT-720)
Warning: Port  VSS at {{291.720,426.945} {294.360,428.800}} is out of boundary. Cannot be routed. (ZRT-720)
Warning: Port  VSS at {{306.240,427.825} {311.520,428.800}} is out of boundary. Cannot be routed. (ZRT-720)
Warning: Port  VDD at {{215.160,-0.400} {221.100,1.275}} is out of boundary. Cannot be routed. (ZRT-720)
Warning: Port  VDD at {{225.060,-0.400} {231.000,1.275}} is out of boundary. Cannot be routed. (ZRT-720)
Warning: Port  VSS at {{297.000,427.825} {299.640,428.800}} is out of boundary. Cannot be routed. (ZRT-720)
Warning: Port  VSS at {{300.960,427.825} {303.600,428.800}} is out of boundary. Cannot be routed. (ZRT-720)
Warning: Port  VDD at {{411.840,-0.400} {424.380,2.100}} is out of boundary. Cannot be routed. (ZRT-720)
Warning: Port  VDD at {{240.900,-0.400} {243.540,0.575}} is out of boundary. Cannot be routed. (ZRT-720)
Skipping 26 ectangle_only route guides because they don't cover the design boundary in the layer's  preferred direction.
Information: When applicable Min-max layer allow_pin_connection mode will allow paths of length 10.05 outside the layer range. (ZRT-707)
Information: When applicable Min-max layer allow_pin_connection mode will allow paths of length 10.05 outside the layer range on clock nets. (ZRT-718)
Information: When applicable layer based tapering will taper up to 0.00 in distance from the pin. (ZRT-706)
Warning: Standard cell pin ADDFX2/B has no valid via regions. (ZRT-044)
Warning: Standard cell pin OAI22XL/Y has no valid via regions. (ZRT-044)
Warning: Standard cell pin NAND3X1/A has no valid via regions. (ZRT-044)
Warning: Standard cell pin AOI222X4/B1 has no valid via regions. (ZRT-044)
Warning: Standard cell pin AOI2BB2X1/B0 has no valid via regions. (ZRT-044)
Warning: Standard cell pin AOI222X1/Y has no valid via regions. (ZRT-044)
Warning: Standard cell pin NOR3XL/A has no valid via regions. (ZRT-044)
Warning: Standard cell pin AOI221X1/A1 has no valid via regions. (ZRT-044)
Warning: Standard cell pin AOI221X1/C0 has no valid via regions. (ZRT-044)
Warning: Standard cell pin AOI221X1/Y has no valid via regions. (ZRT-044)
Warning: Standard cell pin OAI22X1/Y has no valid via regions. (ZRT-044)
Warning: Standard cell pin OAI31X1/Y has no valid via regions. (ZRT-044)
Warning: Standard cell pin OAI21XL/Y has no valid via regions. (ZRT-044)
Warning: Standard cell pin AOI221XL/A0 has no valid via regions. (ZRT-044)
Warning: Standard cell pin AOI221XL/C0 has no valid via regions. (ZRT-044)
Warning: Standard cell pin ADDFXL/B has no valid via regions. (ZRT-044)
Warning: Standard cell pin NAND3XL/A has no valid via regions. (ZRT-044)
Warning: Standard cell pin AOI32XL/Y has no valid via regions. (ZRT-044)
Warning: Standard cell pin BUFX2/Y has no valid via regions. (ZRT-044)
Warning: Standard cell pin OAI2BB1XL/Y has no valid via regions. (ZRT-044)
Warning: Standard cell pin DFFSX1/CK has no valid via regions. (ZRT-044)
Warning: Standard cell pin DFFSXL/Q has no valid via regions. (ZRT-044)
Warning: Standard cell pin NAND4X1/A has no valid via regions. (ZRT-044)
Warning: Standard cell pin INVX12/A has no valid via regions. (ZRT-044)
Warning: Standard cell pin AOI21XL/Y has no valid via regions. (ZRT-044)
Warning: Standard cell pin CLKBUFXL/Y has no valid via regions. (ZRT-044)
Warning: Standard cell pin AOI21X1/A0 has no valid via regions. (ZRT-044)
Warning: Standard cell pin AOI21X1/B0 has no valid via regions. (ZRT-044)
Warning: Standard cell pin AND2XL/Y has no valid via regions. (ZRT-044)
Warning: Standard cell pin NOR2BX2/Y has no valid via regions. (ZRT-044)
Warning: Standard cell pin NOR3BX1/AN has no valid via regions. (ZRT-044)
Warning: Standard cell pin AOI22X2/A1 has no valid via regions. (ZRT-044)
Warning: Standard cell pin AOI22X2/Y has no valid via regions. (ZRT-044)
Warning: Standard cell pin DLY3X1/Y has no valid via regions. (ZRT-044)
Warning: Standard cell pin XNOR2X1/B has no valid via regions. (ZRT-044)
Warning: Standard cell pin DLY4X1/Y has no valid via regions. (ZRT-044)
Warning: Standard cell pin XNOR2X1/Y has no valid via regions. (ZRT-044)
Warning: Standard cell pin AND4X2/C has no valid via regions. (ZRT-044)
Warning: Standard cell pin DLY2X1/Y has no valid via regions. (ZRT-044)
Warning: Standard cell pin NOR2X4/A has no valid via regions. (ZRT-044)
Warning: Standard cell pin NOR2X4/B has no valid via regions. (ZRT-044)
Warning: Standard cell pin CMPR32X1/B has no valid via regions. (ZRT-044)
Warning: Standard cell pin TLATNXL/QN has no valid via regions. (ZRT-044)
Warning: Standard cell pin NAND4X2/A has no valid via regions. (ZRT-044)
Warning: Standard cell pin NAND4X2/D has no valid via regions. (ZRT-044)
Warning: Standard cell pin NAND2X2/B has no valid via regions. (ZRT-044)
Warning: Standard cell pin NAND2X2/Y has no valid via regions. (ZRT-044)
Warning: Standard cell pin NOR4X1/B has no valid via regions. (ZRT-044)
Warning: Standard cell pin AOI211XL/Y has no valid via regions. (ZRT-044)
Warning: Standard cell pin NOR3BX2/AN has no valid via regions. (ZRT-044)
Warning: Standard cell pin NOR3BX2/B has no valid via regions. (ZRT-044)
Warning: Standard cell pin NOR3BX2/Y has no valid via regions. (ZRT-044)
Warning: Standard cell pin NAND2XL/Y has no valid via regions. (ZRT-044)
Warning: Standard cell pin ADDHXL/CO has no valid via regions. (ZRT-044)
Warning: Standard cell pin ADDFX1/B has no valid via regions. (ZRT-044)
Warning: Standard cell pin ADDHXL/S has no valid via regions. (ZRT-044)
Warning: Standard cell pin XOR2X1/B has no valid via regions. (ZRT-044)
Warning: Standard cell pin OAI31XL/A0 has no valid via regions. (ZRT-044)
Warning: Standard cell pin XOR2X1/Y has no valid via regions. (ZRT-044)
Warning: Standard cell pin OAI31XL/Y has no valid via regions. (ZRT-044)
Warning: Standard cell pin OAI2BB1X1/Y has no valid via regions. (ZRT-044)
Warning: Standard cell pin AOI2BB1X1/Y has no valid via regions. (ZRT-044)
Warning: Standard cell pin OAI2BB1X2/Y has no valid via regions. (ZRT-044)
Warning: Standard cell pin XNOR2XL/B has no valid via regions. (ZRT-044)
Warning: Standard cell pin ADDFHX1/CI has no valid via regions. (ZRT-044)
Warning: Standard cell pin XNOR2XL/Y has no valid via regions. (ZRT-044)
Warning: Standard cell pin ADDFHX1/CO has no valid via regions. (ZRT-044)
Warning: Standard cell pin NOR3X1/A has no valid via regions. (ZRT-044)
Warning: Standard cell pin ADDFHX1/S has no valid via regions. (ZRT-044)
Warning: Standard cell pin XOR2XL/B has no valid via regions. (ZRT-044)
Warning: Standard cell pin AOI31XL/Y has no valid via regions. (ZRT-044)
Warning: Standard cell pin XOR2XL/Y has no valid via regions. (ZRT-044)
Warning: Standard cell pin CMPR22X1/CO has no valid via regions. (ZRT-044)
Warning: Standard cell pin AOI22XL/Y has no valid via regions. (ZRT-044)
Warning: Standard cell pin AOI2BB1XL/Y has no valid via regions. (ZRT-044)
Warning: Standard cell pin AOI2BB1X2/B0 has no valid via regions. (ZRT-044)
Warning: Standard cell pin NAND4XL/B has no valid via regions. (ZRT-044)
Warning: Standard cell pin NAND4XL/C has no valid via regions. (ZRT-044)
Warning: Standard cell pin NAND4XL/D has no valid via regions. (ZRT-044)
Warning: Standard cell pin NOR4BX1/C has no valid via regions. (ZRT-044)
Warning: Standard cell pin NOR4BX1/D has no valid via regions. (ZRT-044)
Warning: Standard cell pin NOR4BXL/C has no valid via regions. (ZRT-044)
Warning: Standard cell pin NOR4BXL/D has no valid via regions. (ZRT-044)
Warning: Standard cell pin AOI2BB2XL/Y has no valid via regions. (ZRT-044)
Warning: Standard cell pin AOI211X1/B0 has no valid via regions. (ZRT-044)


Start checking for open nets ... 

Total number of nets = 3780, of which 0 are not extracted
Total number of open nets = 0, of which 0 are frozen

Check 3780 nets, 0 have Errors

[CHECK OPEN NETS] Elapsed real time: 0:00:00 
[CHECK OPEN NETS] Elapsed cpu  time: sys=0:00:00 usr=0:00:00 total=0:00:00
[CHECK OPEN NETS] Stage (MB): Used    0  Alloctr    0  Proc    0 
[CHECK OPEN NETS] Total (MB): Used   20  Alloctr   22  Proc 5913 
Printing options for 'route.common.*'
common.eco_route_fix_existing_drc                       :	 true                
common.verbose_level                                    :	 0                   

Printing options for 'route.detail.*'
detail.eco_route_use_soft_spacing_for_timing_optimization:	 true                

Printing options for 'route.auto_via_ladder.*'


Begin full DRC check ...

Information: Using 8 threads for routing. (ZRT-444)
Checked	1/9 Partitions, Violations =	203
Checked	2/9 Partitions, Violations =	240
Checked	3/9 Partitions, Violations =	429
Checked	4/9 Partitions, Violations =	440
Checked	5/9 Partitions, Violations =	440
Checked	6/9 Partitions, Violations =	446
Checked	7/9 Partitions, Violations =	619
Checked	8/9 Partitions, Violations =	639
Checked	9/9 Partitions, Violations =	745
[DRC CHECK] Elapsed real time: 0:00:00 
[DRC CHECK] Elapsed cpu  time: sys=0:00:00 usr=0:00:01 total=0:00:01
[DRC CHECK] Stage (MB): Used    0  Alloctr    0  Proc    0 
[DRC CHECK] Total (MB): Used  105  Alloctr  107  Proc 5913 
Warning: No antenna rules defined, Skip antenna analysis. (ZRT-309)
Information: Merged away 305 aligned/redundant DRCs. (ZRT-305)

DRC-SUMMARY:
	@@@@@@@ TOTAL VIOLATIONS =	440
	Diff net spacing : 184
	Diff net via-cut spacing : 14
	Less than minimum area : 1
	Less than minimum width : 10
	Same net spacing : 2
	Short : 229

Information: The app option "route.detail.report_soft_drc_separately" will be on-by-default in future release. (ZRT-807)
	@@@@@@@ TOTAL SOFT VIOLATIONS =	0


Total Wire Length =                    224124 micron
Total Number of Contacts =             29268
Total Number of Wires =                32700
Total Number of PtConns =              3364
Total Number of Routed Wires =       31213
Total Routed Wire Length =           222850 micron
Total Number of Routed Contacts =       29268
	Layer    METAL1 :       6365 micron
	Layer    METAL2 :      54143 micron
	Layer    METAL3 :     101293 micron
	Layer    METAL4 :      55166 micron
	Layer    METAL5 :       5663 micron
	Layer    METAL6 :        220 micron
	Via        via5 :          6
	Via        via4 :        134
	Via        via3 :       3584
	Via        via2 :      12590
	Via   via2(rot) :         23
	Via        via1 :       2021
	Via   via1(rot) :      10910

 
Redundant via conversion report:
--------------------------------

  Total optimized via conversion rate =  0.00% (0 / 29268 vias)
 
    Layer VIA12      =  0.00% (0      / 12931   vias)
        Un-optimized =  0.00% (0       vias)
        Un-mapped    = 100.00% (12931   vias)
    Layer VIA23      =  0.00% (0      / 12613   vias)
        Un-optimized =  0.00% (0       vias)
        Un-mapped    = 100.00% (12613   vias)
    Layer VIA34      =  0.00% (0      / 3584    vias)
        Un-optimized =  0.00% (0       vias)
        Un-mapped    = 100.00% (3584    vias)
    Layer VIA45      =  0.00% (0      / 134     vias)
        Un-optimized =  0.00% (0       vias)
        Un-mapped    = 100.00% (134     vias)
    Layer VIA56      =  0.00% (0      / 6       vias)
        Un-optimized =  0.00% (0       vias)
        Un-mapped    = 100.00% (6       vias)
 
  Total double via conversion rate    =  0.00% (0 / 29268 vias)
 
    Layer VIA12      =  0.00% (0      / 12931   vias)
    Layer VIA23      =  0.00% (0      / 12613   vias)
    Layer VIA34      =  0.00% (0      / 3584    vias)
    Layer VIA45      =  0.00% (0      / 134     vias)
    Layer VIA56      =  0.00% (0      / 6       vias)
 
  The optimized via conversion rate based on total routed via count =  0.00% (0 / 29268 vias)
 
    Layer VIA12      =  0.00% (0      / 12931   vias)
        Un-optimized =  0.00% (0       vias)
        Un-mapped    = 100.00% (12931   vias)
    Layer VIA23      =  0.00% (0      / 12613   vias)
        Un-optimized =  0.00% (0       vias)
        Un-mapped    = 100.00% (12613   vias)
    Layer VIA34      =  0.00% (0      / 3584    vias)
        Un-optimized =  0.00% (0       vias)
        Un-mapped    = 100.00% (3584    vias)
    Layer VIA45      =  0.00% (0      / 134     vias)
        Un-optimized =  0.00% (0       vias)
        Un-mapped    = 100.00% (134     vias)
    Layer VIA56      =  0.00% (0      / 6       vias)
        Un-optimized =  0.00% (0       vias)
        Un-mapped    = 100.00% (6       vias)
 


Verify Summary:

Total number of nets = 3780, of which 0 are not extracted
Total number of open nets = 0, of which 0 are frozen
Total number of excluded ports = 0 ports of 0 unplaced cells connected to 0 nets
                                 0 ports without pins of 0 cells connected to 0 nets
                                 0 ports of 0 cover cells connected to 0 non-pg nets

Total number of DRCs = 440
Total number of antenna violations = no antenna rules defined
Total number of tie to rail violations = not checked
Total number of tie to rail directly violations = not checked


#### STAGE OK: check_routes
0
redirect $RPT/fc_check_routes.rpt { check_routes }
# report_route is NOT available in this FC release. It was added to the parent
# script without a guard and aborted the whole run at the reports stage after
# every stage had reported OK, leaving an output directory with no netlist.
if {[catch {redirect $RPT/fc_route.rpt { report_route }} m]} {
    puts "NOTE: report_route unavailable in this FC release ($m)"
    puts "NOTE: routing evidence comes from fc_check_routes.rpt and"
    puts "      fc_congestion.rpt instead."
}
NOTE: report_route unavailable in this FC release (Errors detected during redirect)
NOTE: routing evidence comes from fc_check_routes.rpt and
      fc_congestion.rpt instead.
# =============================================================================
# Outputs
# =============================================================================
stage "write outputs"

##############################################################
##  STAGE: write outputs
##############################################################
run "write_verilog"   {write_verilog $OUT/${TOP}_pnr.v}
#### STAGE OK: write_verilog
0
run "write_sdc"       {write_sdc -output $OUT/${TOP}_pnr.sdc}
Information: The command 'write_sdc' cleared the undo history. (UNDO-016)

Warning: Multiply cell derates are skipped!

Warning: Multiply net derates are skipped!
#### STAGE OK: write_sdc
0
run "write_parasitics" {write_parasitics -format spef -output $OUT/${TOP}_pnr.spef}
Information: Design sar_digi_paper_core has 3780 nets, 0 global routed, 3778 detail routed. (NEX-024)
NEX: extract design sar_digi_paper_core
Information: batch extract takes 0.00 seconds, elapse 0.00 seconds (NEX-015)
Information: The stitching and editing of coupling caps is turned OFF for design 'sar16_pnr_paper_core:sar_digi_paper_core.design'. (TIM-125)
NEX: write corner ID 0 parasitics to /home/<user>/sar16_work/proj_paper_core/pnr/out/sar_digi_paper_core_pnr.spef.smic18_par_125.spef 
spefName /home/<user>/sar16_work/proj_paper_core/pnr/out/sar_digi_paper_core_pnr.spef.smic18_par_125.spef, corner name default 
Information: SPEF output -mt with 8 threads (NEX-014)
NEX: write_parasitics command finished
#### STAGE OK: write_parasitics
0
# write_gds / write_lef take the file name as a POSITIONAL argument in this FC
# release. `-output` gives CMD-011, `-output_file` gives CMD-010, and NEITHER
# aborts the flow.
run "write_gds"       {write_gds $OUT/${TOP}.gds}
#### STAGE OK: write_gds
0
# round 3: NO -design meant write_lef defaulted to -library and emitted a pure
# TECHNOLOGY lef (25 LAYER, 0 MACRO, 0 PIN).  With -design this release also
# writes the frame view of every referenced cell (112 MACRO / 650 PIN).
# The block's OWN abstract is still not produced -- create_abstract is the
# remaining candidate -- and that gap is recorded, not papered over.
run "write_lef"       {write_lef -design ${TOP} $OUT/${TOP}.lef}
Warning: Use defaultWidth 0.23 as the WRONGDIRECTION width for layer 'METAL1'. (LEFW-007)
Warning: Use defaultWidth 0.28 as the WRONGDIRECTION width for layer 'METAL2'. (LEFW-007)
Warning: Use defaultWidth 0.28 as the WRONGDIRECTION width for layer 'METAL3'. (LEFW-007)
Warning: Use defaultWidth 0.28 as the WRONGDIRECTION width for layer 'METAL4'. (LEFW-007)
Warning: Use defaultWidth 0.28 as the WRONGDIRECTION width for layer 'METAL5'. (LEFW-007)
Warning: Use defaultWidth 0.44 as the WRONGDIRECTION width for layer 'METAL6'. (LEFW-007)
#### STAGE OK: write_lef
0
run "save_block"      {save_block -as sar16_route_paper_core}
Information: Saving 'sar16_pnr_paper_core:sar_digi_paper_core.design' to 'sar16_pnr_paper_core:sar16_route_paper_core.design'. (DES-028)
#### STAGE OK: save_block
0
run "save_lib"        {save_lib}
Saving library 'sar16_pnr_paper_core'
#### STAGE OK: save_lib
0
# --- export guard: the return codes above cannot detect a missing export -----
set gds_ok 0
0
set lef_ok 0
0
if {[file exists $OUT/${TOP}.gds] && [file size $OUT/${TOP}.gds] > 0} { set gds_ok 1 }
1
if {[file exists $OUT/${TOP}.lef] && [file size $OUT/${TOP}.lef] > 0} { set lef_ok 1 }
1
# v4.2: census the exported interface. A block whose GDS carries fewer pin
# shapes than its netlist has ports is not a deliverable, and the mismatch is
# invisible in the file sizes, so it is counted here.
if {[catch {
    set _tp [sizeof_collection [get_terminals -quiet *]]
    set _tc [sizeof_collection [get_terminals -quiet -filter "direction==in || direction==out || direction==inout"]]
    set _lbl 0
    catch {set _lbl [llength [get_attribute [get_terminals -quiet *] name]]}
    puts "IFACE_TERMINALS total=$_tp signal=$_tc"
    puts "IFACE_LEF_BYTES [expr {$lef_ok ? [file size $OUT/${TOP}.lef] : 0}]"
} _ie]} { puts "IFACE_FAIL (contained): $_ie" }
IFACE_TERMINALS total=244 signal=244
IFACE_LEF_BYTES 179611
puts "EXPORT_RESULT gds=$gds_ok lef=$lef_ok"
EXPORT_RESULT gds=1 lef=1
if {$gds_ok} { puts "EXPORT_GDS_BYTES [file size $OUT/${TOP}.gds]" }
EXPORT_GDS_BYTES 3464522
if {$lef_ok} { puts "EXPORT_LEF_BYTES [file size $OUT/${TOP}.lef]" }
EXPORT_LEF_BYTES 179611
if {!($gds_ok && $lef_ok)} {
    puts "FATAL: GDS or LEF was not written. The stage return codes were clean."
    puts "       This is the known silent-failure mode of write_gds/write_lef."
}
foreach F [list ${TOP}_pnr.v ${TOP}_pnr.sdc ${TOP}.gds] {
    if {[file exists $OUT/$F]} {
        if {[catch {set h [exec md5sum $OUT/$F]} m]} { set h "md5 unavailable" }
        puts "OUTPUT_MD5 $F $h"
    }
}
OUTPUT_MD5 sar_digi_paper_core_pnr.v 71648fc52537eac8f82396817f3bddbd  /home/<user>/sar16_work/proj_paper_core/pnr/out/sar_digi_paper_core_pnr.v
OUTPUT_MD5 sar_digi_paper_core_pnr.sdc 926446d1c1ac188ec7abb8d6e904b674  /home/<user>/sar16_work/proj_paper_core/pnr/out/sar_digi_paper_core_pnr.sdc
OUTPUT_MD5 sar_digi_paper_core.gds 90a8344d889a92cce785c5e14847c2da  /home/<user>/sar16_work/proj_paper_core/pnr/out/sar_digi_paper_core.gds
# =============================================================================
# Summary
# =============================================================================
puts ""

puts "##############################################################"
##############################################################
puts "##  STAGE SUMMARY"
##  STAGE SUMMARY
foreach s $stages { puts "##    $s" }
##    read_verilog=OK
##    set_top_module=OK
##    link_block=OK
##    read_parasitic_tech=OK
##    set_parasitic_parameters=OK
##    read_sdc=OK
##    initialize_floorplan=OK
##    set_block_pin_constraints=OK
##    place_pins=OK
##    create_placement=OK
##    place_opt=OK
##    clock_opt=OK
##    route_auto=OK
##    route_opt=OK
##    check_routes=OK
##    write_verilog=OK
##    write_sdc=OK
##    write_parasitics=OK
##    write_gds=OK
##    write_lef=OK
##    save_block=OK
##    save_lib=OK
puts "##############################################################"
##############################################################
puts "PNR_DONE_PAPER_CORE"
PNR_DONE_PAPER_CORE
exit
Maximum memory usage for this session: 2147.29 MB
Maximum memory usage for this session including child processes: 2147.29 MB
CPU usage for this session:    504 seconds (  0.14 hours)
Elapsed time for this session:    248 seconds (  0.07 hours)
Thank you for using Fusion Compiler.
