 
****************************************
Report : timing
        -path full_clock_expanded
        -delay max
        -nworst 2
        -max_paths 20
Design : sar_digi_paper_core
Version: W-2024.09-SP3
Date   : Fri Sep 18 20:19:41 2026
****************************************

Operating Conditions: typical   Library: typical
Wire Load Model Mode: top

  Startpoint: u_calib_ctrl/meas_val_p_reg[1]
              (rising edge-triggered flip-flop clocked by clk)
  Endpoint: u_calib_ctrl/accumulator_reg[35]
            (rising edge-triggered flip-flop clocked by clk)
  Path Group: clk
  Path Type: max

  Des/Clust/Port     Wire Load Model       Library
  ------------------------------------------------
  sar_digi_paper_core
                     smic18_wl10           typical

  Point                                                   Incr       Path
  --------------------------------------------------------------------------
  clock clk (rise edge)                                   0.00       0.00
  clock network delay (ideal)                             0.00       0.00
  u_calib_ctrl/meas_val_p_reg[1]/CK (DFFSX1)              0.00       0.00 r
  u_calib_ctrl/meas_val_p_reg[1]/QN (DFFSX1)              0.56       0.56 r
  u_calib_ctrl/U770/Y (AND2XL)                            0.21       0.77 r
  u_calib_ctrl/U523/Y (AOI2BB1XL)                         0.11       0.88 f
  u_calib_ctrl/U513/CO (ADDFHX2)                          0.22       1.09 f
  u_calib_ctrl/U771/Y (AOI21X1)                           0.24       1.33 r
  u_calib_ctrl/U772/Y (OAI21XL)                           0.14       1.47 f
  u_calib_ctrl/intadd_1/U28/CO (ADDFXL)                   0.34       1.81 f
  u_calib_ctrl/intadd_1/U27/CO (ADDFXL)                   0.25       2.06 f
  u_calib_ctrl/intadd_1/U26/CO (ADDFXL)                   0.25       2.30 f
  u_calib_ctrl/intadd_1/U25/CO (ADDFXL)                   0.25       2.55 f
  u_calib_ctrl/intadd_1/U24/CO (ADDFXL)                   0.25       2.80 f
  u_calib_ctrl/intadd_1/U23/CO (ADDFXL)                   0.25       3.04 f
  u_calib_ctrl/intadd_1/U22/CO (ADDFXL)                   0.25       3.29 f
  u_calib_ctrl/intadd_1/U21/CO (ADDFXL)                   0.25       3.54 f
  u_calib_ctrl/intadd_1/U20/CO (ADDFXL)                   0.25       3.78 f
  u_calib_ctrl/intadd_1/U19/CO (ADDFXL)                   0.25       4.03 f
  u_calib_ctrl/intadd_1/U18/CO (ADDFXL)                   0.25       4.28 f
  u_calib_ctrl/intadd_1/U17/CO (ADDFX2)                   0.23       4.51 f
  u_calib_ctrl/intadd_1/U16/CO (ADDFX2)                   0.23       4.74 f
  u_calib_ctrl/intadd_1/U15/CO (ADDFX2)                   0.23       4.97 f
  u_calib_ctrl/intadd_1/U14/CO (ADDFX2)                   0.23       5.20 f
  u_calib_ctrl/intadd_1/U13/CO (ADDFX2)                   0.23       5.43 f
  u_calib_ctrl/intadd_1/U12/CO (ADDFX2)                   0.23       5.66 f
  u_calib_ctrl/intadd_1/U11/CO (ADDFX2)                   0.23       5.89 f
  u_calib_ctrl/intadd_1/U10/CO (ADDFX2)                   0.23       6.12 f
  u_calib_ctrl/intadd_1/U9/CO (ADDFX2)                    0.23       6.35 f
  u_calib_ctrl/intadd_1/U8/CO (ADDFX2)                    0.23       6.58 f
  u_calib_ctrl/intadd_1/U7/CO (ADDFX2)                    0.23       6.80 f
  u_calib_ctrl/intadd_1/U6/CO (ADDFX2)                    0.23       7.03 f
  u_calib_ctrl/intadd_1/U5/CO (ADDFX2)                    0.23       7.26 f
  u_calib_ctrl/intadd_1/U4/CO (ADDFX2)                    0.23       7.49 f
  u_calib_ctrl/intadd_1/U3/CO (ADDFX2)                    0.23       7.73 f
  u_calib_ctrl/intadd_1/U2/CO (ADDFHX2)                   0.18       7.91 f
  u_calib_ctrl/U630/Y (NAND2X1)                           0.17       8.08 r
  u_calib_ctrl/U9/Y (AOI21X1)                             0.17       8.24 f
  u_calib_ctrl/U763/Y (OAI21X1)                           0.30       8.54 r
  u_calib_ctrl/U764/Y (OAI21X1)                           0.23       8.76 f
  u_calib_ctrl/U632/Y (AOI21X1)                           0.36       9.12 r
  u_calib_ctrl/U4/Y (OAI21XL)                             0.22       9.33 f
  u_calib_ctrl/U144/Y (AOI21X1)                           0.17       9.51 r
  u_calib_ctrl/U769/Y (OAI21XL)                           0.12       9.63 f
  u_calib_ctrl/accumulator_reg[35]/D (DFFSX1)             0.00       9.63 f
  data arrival time                                                  9.63

  clock clk (rise edge)                                  10.00      10.00
  clock network delay (ideal)                             0.00      10.00
  clock uncertainty                                      -0.20       9.80
  u_calib_ctrl/accumulator_reg[35]/CK (DFFSX1)            0.00       9.80 r
  library setup time                                     -0.17       9.63
  data required time                                                 9.63
  --------------------------------------------------------------------------
  data required time                                                 9.63
  data arrival time                                                 -9.63
  --------------------------------------------------------------------------
  slack (MET)                                                        0.00


  Startpoint: u_calib_ctrl/calc_cnt_reg[0]
              (rising edge-triggered flip-flop clocked by clk)
  Endpoint: u_calib_ctrl/temp_acc_reg[29]
            (rising edge-triggered flip-flop clocked by clk)
  Path Group: clk
  Path Type: max

  Des/Clust/Port     Wire Load Model       Library
  ------------------------------------------------
  sar_digi_paper_core
                     smic18_wl10           typical

  Point                                                   Incr       Path
  --------------------------------------------------------------------------
  clock clk (rise edge)                                   0.00       0.00
  clock network delay (ideal)                             0.00       0.00
  u_calib_ctrl/calc_cnt_reg[0]/CK (DFFSX1)                0.00       0.00 r
  u_calib_ctrl/calc_cnt_reg[0]/QN (DFFSX1)                0.39       0.39 r
  u_calib_ctrl/U550/Y (NAND2X1)                           0.31       0.69 f
  u_calib_ctrl/U520/Y (NOR2X1)                            0.44       1.13 r
  u_calib_ctrl/U120/Y (NAND2X1)                           0.21       1.34 f
  u_calib_ctrl/U628/Y (NOR2X1)                            0.26       1.59 r
  u_calib_ctrl/U24/Y (INVX1)                              0.17       1.77 f
  u_calib_ctrl/U638/Y (CLKINVX3)                          0.29       2.06 r
  u_calib_ctrl/U261/Y (AOI211XL)                          0.18       2.24 f
  u_calib_ctrl/U652/Y (NAND4X1)                           0.22       2.46 r
  u_calib_ctrl/U99/Y (NAND2X1)                            0.18       2.63 f
  u_calib_ctrl/U234/Y (NAND2XL)                           0.25       2.88 r
  u_calib_ctrl/U97/Y (OAI21XL)                            0.16       3.05 f
  u_calib_ctrl/intadd_2/U29/CO (ADDFXL)                   0.37       3.42 f
  u_calib_ctrl/intadd_2/U28/CO (ADDFXL)                   0.25       3.66 f
  u_calib_ctrl/intadd_2/U27/CO (ADDFX2)                   0.23       3.90 f
  u_calib_ctrl/intadd_2/U26/CO (ADDFXL)                   0.24       4.14 f
  u_calib_ctrl/intadd_2/U25/CO (ADDFX2)                   0.23       4.37 f
  u_calib_ctrl/intadd_2/U24/CO (ADDFXL)                   0.23       4.61 f
  u_calib_ctrl/intadd_2/U23/CO (ADDFHX1)                  0.21       4.82 f
  u_calib_ctrl/intadd_2/U22/CO (ADDFXL)                   0.23       5.05 f
  u_calib_ctrl/intadd_2/U21/CO (ADDFHX1)                  0.21       5.26 f
  u_calib_ctrl/intadd_2/U20/CO (ADDFXL)                   0.23       5.50 f
  u_calib_ctrl/intadd_2/U19/CO (ADDFHX1)                  0.21       5.71 f
  u_calib_ctrl/intadd_2/U18/CO (ADDFX2)                   0.23       5.94 f
  u_calib_ctrl/intadd_2/U17/CO (ADDFX2)                   0.23       6.17 f
  u_calib_ctrl/intadd_2/U16/CO (ADDFX2)                   0.23       6.39 f
  u_calib_ctrl/intadd_2/U15/CO (ADDFX2)                   0.23       6.62 f
  u_calib_ctrl/intadd_2/U14/CO (ADDFX2)                   0.22       6.85 f
  u_calib_ctrl/intadd_2/U13/CO (ADDFHX1)                  0.21       7.06 f
  u_calib_ctrl/intadd_2/U12/CO (ADDFX2)                   0.23       7.28 f
  u_calib_ctrl/intadd_2/U11/CO (ADDFX2)                   0.23       7.51 f
  u_calib_ctrl/intadd_2/U10/CO (ADDFX2)                   0.23       7.74 f
  u_calib_ctrl/intadd_2/U9/CO (ADDFX2)                    0.23       7.97 f
  u_calib_ctrl/intadd_2/U8/CO (ADDFX2)                    0.23       8.20 f
  u_calib_ctrl/intadd_2/U7/CO (ADDFX2)                    0.23       8.43 f
  u_calib_ctrl/intadd_2/U6/CO (ADDFX2)                    0.23       8.66 f
  u_calib_ctrl/intadd_2/U5/CO (ADDFX2)                    0.22       8.88 f
  u_calib_ctrl/intadd_2/U4/CO (ADDFHX1)                   0.21       9.09 f
  u_calib_ctrl/intadd_2/U3/CO (ADDFX2)                    0.23       9.32 f
  u_calib_ctrl/U631/Y (XOR2X1)                            0.19       9.51 f
  u_calib_ctrl/U143/Y (OR2X2)                             0.14       9.65 f
  u_calib_ctrl/temp_acc_reg[29]/D (DFFSX1)                0.00       9.65 f
  data arrival time                                                  9.65

  clock clk (rise edge)                                  10.00      10.00
  clock network delay (ideal)                             0.00      10.00
  clock uncertainty                                      -0.20       9.80
  u_calib_ctrl/temp_acc_reg[29]/CK (DFFSX1)               0.00       9.80 r
  library setup time                                     -0.15       9.65
  data required time                                                 9.65
  --------------------------------------------------------------------------
  data required time                                                 9.65
  data arrival time                                                 -9.65
  --------------------------------------------------------------------------
  slack (MET)                                                        0.00


  Startpoint: u_calib_ctrl/shadow_weights_reg[17][0]
              (rising edge-triggered flip-flop clocked by clk)
  Endpoint: u_calib_ctrl/meas_val_p_reg[29]
            (rising edge-triggered flip-flop clocked by clk)
  Path Group: clk
  Path Type: max

  Des/Clust/Port     Wire Load Model       Library
  ------------------------------------------------
  sar_digi_paper_core
                     smic18_wl10           typical

  Point                                                   Incr       Path
  --------------------------------------------------------------------------
  clock clk (rise edge)                                   0.00       0.00
  clock network delay (ideal)                             0.00       0.00
  u_calib_ctrl/shadow_weights_reg[17][0]/CK (DFFSX1)      0.00       0.00 r
  u_calib_ctrl/shadow_weights_reg[17][0]/QN (DFFSX1)      0.46       0.46 f
  u_calib_ctrl/U688/Y (NAND2X2)                           0.17       0.63 r
  u_calib_ctrl/U689/Y (INVX2)                             0.05       0.68 f
  u_calib_ctrl/U23/CO (ADDFHX2)                           0.15       0.83 f
  u_calib_ctrl/U1456/CO (ADDFHX2)                         0.15       0.98 f
  u_calib_ctrl/intadd_0/U27/S (ADDFX2)                    0.26       1.24 f
  u_calib_ctrl/U627/Y (INVX1)                             0.29       1.53 r
  u_calib_ctrl/U701/Y (AOI222X2)                          0.20       1.73 f
  u_calib_ctrl/U702/Y (AOI222X4)                          0.47       2.21 r
  u_calib_ctrl/U704/Y (AOI222X2)                          0.14       2.34 f
  u_calib_ctrl/U705/Y (AOI222X4)                          0.48       2.82 r
  u_calib_ctrl/U32/Y (AOI222X2)                           0.16       2.98 f
  u_calib_ctrl/U707/Y (AOI222X4)                          0.48       3.46 r
  u_calib_ctrl/U708/Y (AOI222X2)                          0.16       3.62 f
  u_calib_ctrl/U709/Y (OAI22X4)                           0.18       3.79 r
  u_calib_ctrl/U710/CON (AFHCONX4)                        0.13       3.92 f
  u_calib_ctrl/U425/Y (NAND2X2)                           0.14       4.06 r
  u_calib_ctrl/U713/Y (AND3X4)                            0.19       4.25 r
  u_calib_ctrl/U714/Y (AOI222X2)                          0.14       4.38 f
  u_calib_ctrl/U715/Y (AOI222X4)                          0.47       4.86 r
  u_calib_ctrl/U716/CON (AFHCONX4)                        0.11       4.97 f
  u_calib_ctrl/U31/Y (AOI222X2)                           0.44       5.40 r
  u_calib_ctrl/U717/Y (AOI222X4)                          0.30       5.71 f
  u_calib_ctrl/U718/Y (AOI222X4)                          0.44       6.15 r
  u_calib_ctrl/U615/Y (AOI222X4)                          0.26       6.40 f
  u_calib_ctrl/U719/Y (AOI222X2)                          0.35       6.76 r
  u_calib_ctrl/U624/Y (AOI222X4)                          0.29       7.05 f
  u_calib_ctrl/U720/Y (OAI22X4)                           0.16       7.21 r
  u_calib_ctrl/U721/Y (AOI222X2)                          0.19       7.40 f
  u_calib_ctrl/U722/Y (AOI222X4)                          0.48       7.88 r
  u_calib_ctrl/U723/Y (AOI222X2)                          0.14       8.02 f
  u_calib_ctrl/U724/Y (AOI222X4)                          0.48       8.50 r
  u_calib_ctrl/U725/Y (AOI222X2)                          0.18       8.68 f
  u_calib_ctrl/U726/Y (AOI222X2)                          0.29       8.97 r
  u_calib_ctrl/U727/Y (XOR2X2)                            0.23       9.20 f
  u_calib_ctrl/U151/Y (NOR2X2)                            0.11       9.31 r
  u_calib_ctrl/U729/Y (AOI211X2)                          0.07       9.37 f
  u_calib_ctrl/U147/Y (AOI2BB1X2)                         0.11       9.48 r
  u_calib_ctrl/U634/Y (OAI211X1)                          0.14       9.62 f
  u_calib_ctrl/meas_val_p_reg[29]/D (DFFSX1)              0.00       9.62 f
  data arrival time                                                  9.62

  clock clk (rise edge)                                  10.00      10.00
  clock network delay (ideal)                             0.00      10.00
  clock uncertainty                                      -0.20       9.80
  u_calib_ctrl/meas_val_p_reg[29]/CK (DFFSX1)             0.00       9.80 r
  library setup time                                     -0.18       9.62
  data required time                                                 9.62
  --------------------------------------------------------------------------
  data required time                                                 9.62
  data arrival time                                                 -9.62
  --------------------------------------------------------------------------
  slack (MET)                                                        0.00


  Startpoint: u_calib_ctrl/shadow_weights_reg[17][0]
              (rising edge-triggered flip-flop clocked by clk)
  Endpoint: u_calib_ctrl/meas_val_n_reg[29]
            (rising edge-triggered flip-flop clocked by clk)
  Path Group: clk
  Path Type: max

  Des/Clust/Port     Wire Load Model       Library
  ------------------------------------------------
  sar_digi_paper_core
                     smic18_wl10           typical

  Point                                                   Incr       Path
  --------------------------------------------------------------------------
  clock clk (rise edge)                                   0.00       0.00
  clock network delay (ideal)                             0.00       0.00
  u_calib_ctrl/shadow_weights_reg[17][0]/CK (DFFSX1)      0.00       0.00 r
  u_calib_ctrl/shadow_weights_reg[17][0]/QN (DFFSX1)      0.46       0.46 f
  u_calib_ctrl/U688/Y (NAND2X2)                           0.17       0.63 r
  u_calib_ctrl/U689/Y (INVX2)                             0.05       0.68 f
  u_calib_ctrl/U23/CO (ADDFHX2)                           0.15       0.83 f
  u_calib_ctrl/U1456/CO (ADDFHX2)                         0.15       0.98 f
  u_calib_ctrl/intadd_0/U27/S (ADDFX2)                    0.26       1.24 f
  u_calib_ctrl/U627/Y (INVX1)                             0.29       1.53 r
  u_calib_ctrl/U701/Y (AOI222X2)                          0.20       1.73 f
  u_calib_ctrl/U702/Y (AOI222X4)                          0.47       2.21 r
  u_calib_ctrl/U704/Y (AOI222X2)                          0.14       2.34 f
  u_calib_ctrl/U705/Y (AOI222X4)                          0.48       2.82 r
  u_calib_ctrl/U32/Y (AOI222X2)                           0.16       2.98 f
  u_calib_ctrl/U707/Y (AOI222X4)                          0.48       3.46 r
  u_calib_ctrl/U708/Y (AOI222X2)                          0.16       3.62 f
  u_calib_ctrl/U709/Y (OAI22X4)                           0.18       3.79 r
  u_calib_ctrl/U710/CON (AFHCONX4)                        0.13       3.92 f
  u_calib_ctrl/U425/Y (NAND2X2)                           0.14       4.06 r
  u_calib_ctrl/U713/Y (AND3X4)                            0.19       4.25 r
  u_calib_ctrl/U714/Y (AOI222X2)                          0.14       4.38 f
  u_calib_ctrl/U715/Y (AOI222X4)                          0.47       4.86 r
  u_calib_ctrl/U716/CON (AFHCONX4)                        0.11       4.97 f
  u_calib_ctrl/U31/Y (AOI222X2)                           0.44       5.40 r
  u_calib_ctrl/U717/Y (AOI222X4)                          0.30       5.71 f
  u_calib_ctrl/U718/Y (AOI222X4)                          0.44       6.15 r
  u_calib_ctrl/U615/Y (AOI222X4)                          0.26       6.40 f
  u_calib_ctrl/U719/Y (AOI222X2)                          0.35       6.76 r
  u_calib_ctrl/U624/Y (AOI222X4)                          0.29       7.05 f
  u_calib_ctrl/U720/Y (OAI22X4)                           0.16       7.21 r
  u_calib_ctrl/U721/Y (AOI222X2)                          0.19       7.40 f
  u_calib_ctrl/U722/Y (AOI222X4)                          0.48       7.88 r
  u_calib_ctrl/U723/Y (AOI222X2)                          0.14       8.02 f
  u_calib_ctrl/U724/Y (AOI222X4)                          0.48       8.50 r
  u_calib_ctrl/U725/Y (AOI222X2)                          0.18       8.68 f
  u_calib_ctrl/U726/Y (AOI222X2)                          0.29       8.97 r
  u_calib_ctrl/U727/Y (XOR2X2)                            0.23       9.20 f
  u_calib_ctrl/U151/Y (NOR2X2)                            0.11       9.31 r
  u_calib_ctrl/U729/Y (AOI211X2)                          0.07       9.37 f
  u_calib_ctrl/U147/Y (AOI2BB1X2)                         0.11       9.48 r
  u_calib_ctrl/U634/Y (OAI211X1)                          0.14       9.62 f
  u_calib_ctrl/meas_val_n_reg[29]/D (DFFSX1)              0.00       9.62 f
  data arrival time                                                  9.62

  clock clk (rise edge)                                  10.00      10.00
  clock network delay (ideal)                             0.00      10.00
  clock uncertainty                                      -0.20       9.80
  u_calib_ctrl/meas_val_n_reg[29]/CK (DFFSX1)             0.00       9.80 r
  library setup time                                     -0.18       9.62
  data required time                                                 9.62
  --------------------------------------------------------------------------
  data required time                                                 9.62
  data arrival time                                                 -9.62
  --------------------------------------------------------------------------
  slack (MET)                                                        0.00


  Startpoint: u_calib_ctrl/shadow_weights_reg[17][0]
              (rising edge-triggered flip-flop clocked by clk)
  Endpoint: u_calib_ctrl/meas_val_p_reg[29]
            (rising edge-triggered flip-flop clocked by clk)
  Path Group: clk
  Path Type: max

  Des/Clust/Port     Wire Load Model       Library
  ------------------------------------------------
  sar_digi_paper_core
                     smic18_wl10           typical

  Point                                                   Incr       Path
  --------------------------------------------------------------------------
  clock clk (rise edge)                                   0.00       0.00
  clock network delay (ideal)                             0.00       0.00
  u_calib_ctrl/shadow_weights_reg[17][0]/CK (DFFSX1)      0.00       0.00 r
  u_calib_ctrl/shadow_weights_reg[17][0]/QN (DFFSX1)      0.46       0.46 f
  u_calib_ctrl/U688/Y (NAND2X2)                           0.17       0.63 r
  u_calib_ctrl/U689/Y (INVX2)                             0.05       0.68 f
  u_calib_ctrl/U23/CO (ADDFHX2)                           0.15       0.83 f
  u_calib_ctrl/U1456/CO (ADDFHX2)                         0.15       0.98 f
  u_calib_ctrl/intadd_0/U27/S (ADDFX2)                    0.26       1.24 f
  u_calib_ctrl/U627/Y (INVX1)                             0.29       1.53 r
  u_calib_ctrl/U701/Y (AOI222X2)                          0.20       1.73 f
  u_calib_ctrl/U702/Y (AOI222X4)                          0.47       2.21 r
  u_calib_ctrl/U704/Y (AOI222X2)                          0.14       2.34 f
  u_calib_ctrl/U705/Y (AOI222X4)                          0.48       2.82 r
  u_calib_ctrl/U32/Y (AOI222X2)                           0.16       2.98 f
  u_calib_ctrl/U707/Y (AOI222X4)                          0.48       3.46 r
  u_calib_ctrl/U708/Y (AOI222X2)                          0.16       3.62 f
  u_calib_ctrl/U709/Y (OAI22X4)                           0.18       3.79 r
  u_calib_ctrl/U710/CON (AFHCONX4)                        0.13       3.92 f
  u_calib_ctrl/U711/Y (NAND2X2)                           0.14       4.06 r
  u_calib_ctrl/U713/Y (AND3X4)                            0.18       4.24 r
  u_calib_ctrl/U714/Y (AOI222X2)                          0.14       4.38 f
  u_calib_ctrl/U715/Y (AOI222X4)                          0.47       4.85 r
  u_calib_ctrl/U716/CON (AFHCONX4)                        0.11       4.97 f
  u_calib_ctrl/U31/Y (AOI222X2)                           0.44       5.40 r
  u_calib_ctrl/U717/Y (AOI222X4)                          0.30       5.71 f
  u_calib_ctrl/U718/Y (AOI222X4)                          0.44       6.14 r
  u_calib_ctrl/U615/Y (AOI222X4)                          0.26       6.40 f
  u_calib_ctrl/U719/Y (AOI222X2)                          0.35       6.76 r
  u_calib_ctrl/U624/Y (AOI222X4)                          0.29       7.04 f
  u_calib_ctrl/U720/Y (OAI22X4)                           0.16       7.21 r
  u_calib_ctrl/U721/Y (AOI222X2)                          0.19       7.40 f
  u_calib_ctrl/U722/Y (AOI222X4)                          0.48       7.88 r
  u_calib_ctrl/U723/Y (AOI222X2)                          0.14       8.02 f
  u_calib_ctrl/U724/Y (AOI222X4)                          0.48       8.49 r
  u_calib_ctrl/U725/Y (AOI222X2)                          0.18       8.68 f
  u_calib_ctrl/U726/Y (AOI222X2)                          0.29       8.97 r
  u_calib_ctrl/U727/Y (XOR2X2)                            0.23       9.20 f
  u_calib_ctrl/U151/Y (NOR2X2)                            0.11       9.30 r
  u_calib_ctrl/U729/Y (AOI211X2)                          0.07       9.37 f
  u_calib_ctrl/U147/Y (AOI2BB1X2)                         0.11       9.48 r
  u_calib_ctrl/U634/Y (OAI211X1)                          0.14       9.62 f
  u_calib_ctrl/meas_val_p_reg[29]/D (DFFSX1)              0.00       9.62 f
  data arrival time                                                  9.62

  clock clk (rise edge)                                  10.00      10.00
  clock network delay (ideal)                             0.00      10.00
  clock uncertainty                                      -0.20       9.80
  u_calib_ctrl/meas_val_p_reg[29]/CK (DFFSX1)             0.00       9.80 r
  library setup time                                     -0.18       9.62
  data required time                                                 9.62
  --------------------------------------------------------------------------
  data required time                                                 9.62
  data arrival time                                                 -9.62
  --------------------------------------------------------------------------
  slack (MET)                                                        0.01


  Startpoint: u_calib_ctrl/shadow_weights_reg[17][0]
              (rising edge-triggered flip-flop clocked by clk)
  Endpoint: u_calib_ctrl/meas_val_n_reg[29]
            (rising edge-triggered flip-flop clocked by clk)
  Path Group: clk
  Path Type: max

  Des/Clust/Port     Wire Load Model       Library
  ------------------------------------------------
  sar_digi_paper_core
                     smic18_wl10           typical

  Point                                                   Incr       Path
  --------------------------------------------------------------------------
  clock clk (rise edge)                                   0.00       0.00
  clock network delay (ideal)                             0.00       0.00
  u_calib_ctrl/shadow_weights_reg[17][0]/CK (DFFSX1)      0.00       0.00 r
  u_calib_ctrl/shadow_weights_reg[17][0]/QN (DFFSX1)      0.46       0.46 f
  u_calib_ctrl/U688/Y (NAND2X2)                           0.17       0.63 r
  u_calib_ctrl/U689/Y (INVX2)                             0.05       0.68 f
  u_calib_ctrl/U23/CO (ADDFHX2)                           0.15       0.83 f
  u_calib_ctrl/U1456/CO (ADDFHX2)                         0.15       0.98 f
  u_calib_ctrl/intadd_0/U27/S (ADDFX2)                    0.26       1.24 f
  u_calib_ctrl/U627/Y (INVX1)                             0.29       1.53 r
  u_calib_ctrl/U701/Y (AOI222X2)                          0.20       1.73 f
  u_calib_ctrl/U702/Y (AOI222X4)                          0.47       2.21 r
  u_calib_ctrl/U704/Y (AOI222X2)                          0.14       2.34 f
  u_calib_ctrl/U705/Y (AOI222X4)                          0.48       2.82 r
  u_calib_ctrl/U32/Y (AOI222X2)                           0.16       2.98 f
  u_calib_ctrl/U707/Y (AOI222X4)                          0.48       3.46 r
  u_calib_ctrl/U708/Y (AOI222X2)                          0.16       3.62 f
  u_calib_ctrl/U709/Y (OAI22X4)                           0.18       3.79 r
  u_calib_ctrl/U710/CON (AFHCONX4)                        0.13       3.92 f
  u_calib_ctrl/U711/Y (NAND2X2)                           0.14       4.06 r
  u_calib_ctrl/U713/Y (AND3X4)                            0.18       4.24 r
  u_calib_ctrl/U714/Y (AOI222X2)                          0.14       4.38 f
  u_calib_ctrl/U715/Y (AOI222X4)                          0.47       4.85 r
  u_calib_ctrl/U716/CON (AFHCONX4)                        0.11       4.97 f
  u_calib_ctrl/U31/Y (AOI222X2)                           0.44       5.40 r
  u_calib_ctrl/U717/Y (AOI222X4)                          0.30       5.71 f
  u_calib_ctrl/U718/Y (AOI222X4)                          0.44       6.14 r
  u_calib_ctrl/U615/Y (AOI222X4)                          0.26       6.40 f
  u_calib_ctrl/U719/Y (AOI222X2)                          0.35       6.76 r
  u_calib_ctrl/U624/Y (AOI222X4)                          0.29       7.04 f
  u_calib_ctrl/U720/Y (OAI22X4)                           0.16       7.21 r
  u_calib_ctrl/U721/Y (AOI222X2)                          0.19       7.40 f
  u_calib_ctrl/U722/Y (AOI222X4)                          0.48       7.88 r
  u_calib_ctrl/U723/Y (AOI222X2)                          0.14       8.02 f
  u_calib_ctrl/U724/Y (AOI222X4)                          0.48       8.49 r
  u_calib_ctrl/U725/Y (AOI222X2)                          0.18       8.68 f
  u_calib_ctrl/U726/Y (AOI222X2)                          0.29       8.97 r
  u_calib_ctrl/U727/Y (XOR2X2)                            0.23       9.20 f
  u_calib_ctrl/U151/Y (NOR2X2)                            0.11       9.30 r
  u_calib_ctrl/U729/Y (AOI211X2)                          0.07       9.37 f
  u_calib_ctrl/U147/Y (AOI2BB1X2)                         0.11       9.48 r
  u_calib_ctrl/U634/Y (OAI211X1)                          0.14       9.62 f
  u_calib_ctrl/meas_val_n_reg[29]/D (DFFSX1)              0.00       9.62 f
  data arrival time                                                  9.62

  clock clk (rise edge)                                  10.00      10.00
  clock network delay (ideal)                             0.00      10.00
  clock uncertainty                                      -0.20       9.80
  u_calib_ctrl/meas_val_n_reg[29]/CK (DFFSX1)             0.00       9.80 r
  library setup time                                     -0.18       9.62
  data required time                                                 9.62
  --------------------------------------------------------------------------
  data required time                                                 9.62
  data arrival time                                                 -9.62
  --------------------------------------------------------------------------
  slack (MET)                                                        0.01


  Startpoint: u_calib_ctrl/meas_val_p_reg[1]
              (rising edge-triggered flip-flop clocked by clk)
  Endpoint: u_calib_ctrl/accumulator_reg[35]
            (rising edge-triggered flip-flop clocked by clk)
  Path Group: clk
  Path Type: max

  Des/Clust/Port     Wire Load Model       Library
  ------------------------------------------------
  sar_digi_paper_core
                     smic18_wl10           typical

  Point                                                   Incr       Path
  --------------------------------------------------------------------------
  clock clk (rise edge)                                   0.00       0.00
  clock network delay (ideal)                             0.00       0.00
  u_calib_ctrl/meas_val_p_reg[1]/CK (DFFSX1)              0.00       0.00 r
  u_calib_ctrl/meas_val_p_reg[1]/QN (DFFSX1)              0.56       0.56 r
  u_calib_ctrl/U770/Y (AND2XL)                            0.21       0.77 r
  u_calib_ctrl/U523/Y (AOI2BB1XL)                         0.11       0.88 f
  u_calib_ctrl/U513/CO (ADDFHX2)                          0.22       1.09 f
  u_calib_ctrl/U771/Y (AOI21X1)                           0.24       1.33 r
  u_calib_ctrl/U772/Y (OAI21XL)                           0.14       1.47 f
  u_calib_ctrl/intadd_1/U28/CO (ADDFXL)                   0.33       1.80 f
  u_calib_ctrl/intadd_1/U27/CO (ADDFXL)                   0.25       2.05 f
  u_calib_ctrl/intadd_1/U26/CO (ADDFXL)                   0.25       2.29 f
  u_calib_ctrl/intadd_1/U25/CO (ADDFXL)                   0.25       2.54 f
  u_calib_ctrl/intadd_1/U24/CO (ADDFXL)                   0.25       2.79 f
  u_calib_ctrl/intadd_1/U23/CO (ADDFXL)                   0.25       3.03 f
  u_calib_ctrl/intadd_1/U22/CO (ADDFXL)                   0.25       3.28 f
  u_calib_ctrl/intadd_1/U21/CO (ADDFXL)                   0.25       3.53 f
  u_calib_ctrl/intadd_1/U20/CO (ADDFXL)                   0.25       3.77 f
  u_calib_ctrl/intadd_1/U19/CO (ADDFXL)                   0.25       4.02 f
  u_calib_ctrl/intadd_1/U18/CO (ADDFXL)                   0.25       4.27 f
  u_calib_ctrl/intadd_1/U17/CO (ADDFX2)                   0.23       4.50 f
  u_calib_ctrl/intadd_1/U16/CO (ADDFX2)                   0.23       4.73 f
  u_calib_ctrl/intadd_1/U15/CO (ADDFX2)                   0.23       4.96 f
  u_calib_ctrl/intadd_1/U14/CO (ADDFX2)                   0.23       5.19 f
  u_calib_ctrl/intadd_1/U13/CO (ADDFX2)                   0.23       5.42 f
  u_calib_ctrl/intadd_1/U12/CO (ADDFX2)                   0.23       5.65 f
  u_calib_ctrl/intadd_1/U11/CO (ADDFX2)                   0.23       5.88 f
  u_calib_ctrl/intadd_1/U10/CO (ADDFX2)                   0.23       6.10 f
  u_calib_ctrl/intadd_1/U9/CO (ADDFX2)                    0.23       6.33 f
  u_calib_ctrl/intadd_1/U8/CO (ADDFX2)                    0.23       6.56 f
  u_calib_ctrl/intadd_1/U7/CO (ADDFX2)                    0.23       6.79 f
  u_calib_ctrl/intadd_1/U6/CO (ADDFX2)                    0.23       7.02 f
  u_calib_ctrl/intadd_1/U5/CO (ADDFX2)                    0.23       7.25 f
  u_calib_ctrl/intadd_1/U4/CO (ADDFX2)                    0.23       7.48 f
  u_calib_ctrl/intadd_1/U3/CO (ADDFX2)                    0.23       7.71 f
  u_calib_ctrl/intadd_1/U2/CO (ADDFHX2)                   0.18       7.90 f
  u_calib_ctrl/U630/Y (NAND2X1)                           0.17       8.06 r
  u_calib_ctrl/U9/Y (AOI21X1)                             0.17       8.23 f
  u_calib_ctrl/U763/Y (OAI21X1)                           0.30       8.53 r
  u_calib_ctrl/U764/Y (OAI21X1)                           0.23       8.75 f
  u_calib_ctrl/U632/Y (AOI21X1)                           0.36       9.11 r
  u_calib_ctrl/U4/Y (OAI21XL)                             0.22       9.32 f
  u_calib_ctrl/U144/Y (AOI21X1)                           0.17       9.50 r
  u_calib_ctrl/U769/Y (OAI21XL)                           0.12       9.62 f
  u_calib_ctrl/accumulator_reg[35]/D (DFFSX1)             0.00       9.62 f
  data arrival time                                                  9.62

  clock clk (rise edge)                                  10.00      10.00
  clock network delay (ideal)                             0.00      10.00
  clock uncertainty                                      -0.20       9.80
  u_calib_ctrl/accumulator_reg[35]/CK (DFFSX1)            0.00       9.80 r
  library setup time                                     -0.17       9.63
  data required time                                                 9.63
  --------------------------------------------------------------------------
  data required time                                                 9.63
  data arrival time                                                 -9.62
  --------------------------------------------------------------------------
  slack (MET)                                                        0.01


  Startpoint: u_calib_ctrl/calc_cnt_reg[1]
              (rising edge-triggered flip-flop clocked by clk)
  Endpoint: u_calib_ctrl/temp_acc_reg[29]
            (rising edge-triggered flip-flop clocked by clk)
  Path Group: clk
  Path Type: max

  Des/Clust/Port     Wire Load Model       Library
  ------------------------------------------------
  sar_digi_paper_core
                     smic18_wl10           typical

  Point                                                   Incr       Path
  --------------------------------------------------------------------------
  clock clk (rise edge)                                   0.00       0.00
  clock network delay (ideal)                             0.00       0.00
  u_calib_ctrl/calc_cnt_reg[1]/CK (DFFSX1)                0.00       0.00 r
  u_calib_ctrl/calc_cnt_reg[1]/QN (DFFSX1)                0.38       0.38 r
  u_calib_ctrl/U550/Y (NAND2X1)                           0.30       0.68 f
  u_calib_ctrl/U520/Y (NOR2X1)                            0.44       1.12 r
  u_calib_ctrl/U120/Y (NAND2X1)                           0.21       1.33 f
  u_calib_ctrl/U628/Y (NOR2X1)                            0.26       1.58 r
  u_calib_ctrl/U24/Y (INVX1)                              0.17       1.76 f
  u_calib_ctrl/U638/Y (CLKINVX3)                          0.29       2.05 r
  u_calib_ctrl/U261/Y (AOI211XL)                          0.18       2.22 f
  u_calib_ctrl/U652/Y (NAND4X1)                           0.22       2.44 r
  u_calib_ctrl/U99/Y (NAND2X1)                            0.18       2.62 f
  u_calib_ctrl/U234/Y (NAND2XL)                           0.25       2.87 r
  u_calib_ctrl/U97/Y (OAI21XL)                            0.16       3.03 f
  u_calib_ctrl/intadd_2/U29/CO (ADDFXL)                   0.37       3.40 f
  u_calib_ctrl/intadd_2/U28/CO (ADDFXL)                   0.25       3.65 f
  u_calib_ctrl/intadd_2/U27/CO (ADDFX2)                   0.23       3.88 f
  u_calib_ctrl/intadd_2/U26/CO (ADDFXL)                   0.24       4.13 f
  u_calib_ctrl/intadd_2/U25/CO (ADDFX2)                   0.23       4.36 f
  u_calib_ctrl/intadd_2/U24/CO (ADDFXL)                   0.23       4.59 f
  u_calib_ctrl/intadd_2/U23/CO (ADDFHX1)                  0.21       4.80 f
  u_calib_ctrl/intadd_2/U22/CO (ADDFXL)                   0.23       5.04 f
  u_calib_ctrl/intadd_2/U21/CO (ADDFHX1)                  0.21       5.25 f
  u_calib_ctrl/intadd_2/U20/CO (ADDFXL)                   0.23       5.48 f
  u_calib_ctrl/intadd_2/U19/CO (ADDFHX1)                  0.21       5.69 f
  u_calib_ctrl/intadd_2/U18/CO (ADDFX2)                   0.23       5.92 f
  u_calib_ctrl/intadd_2/U17/CO (ADDFX2)                   0.23       6.15 f
  u_calib_ctrl/intadd_2/U16/CO (ADDFX2)                   0.23       6.38 f
  u_calib_ctrl/intadd_2/U15/CO (ADDFX2)                   0.23       6.61 f
  u_calib_ctrl/intadd_2/U14/CO (ADDFX2)                   0.22       6.84 f
  u_calib_ctrl/intadd_2/U13/CO (ADDFHX1)                  0.21       7.04 f
  u_calib_ctrl/intadd_2/U12/CO (ADDFX2)                   0.23       7.27 f
  u_calib_ctrl/intadd_2/U11/CO (ADDFX2)                   0.23       7.50 f
  u_calib_ctrl/intadd_2/U10/CO (ADDFX2)                   0.23       7.73 f
  u_calib_ctrl/intadd_2/U9/CO (ADDFX2)                    0.23       7.96 f
  u_calib_ctrl/intadd_2/U8/CO (ADDFX2)                    0.23       8.19 f
  u_calib_ctrl/intadd_2/U7/CO (ADDFX2)                    0.23       8.42 f
  u_calib_ctrl/intadd_2/U6/CO (ADDFX2)                    0.23       8.65 f
  u_calib_ctrl/intadd_2/U5/CO (ADDFX2)                    0.22       8.87 f
  u_calib_ctrl/intadd_2/U4/CO (ADDFHX1)                   0.21       9.08 f
  u_calib_ctrl/intadd_2/U3/CO (ADDFX2)                    0.23       9.31 f
  u_calib_ctrl/U631/Y (XOR2X1)                            0.19       9.50 f
  u_calib_ctrl/U143/Y (OR2X2)                             0.14       9.64 f
  u_calib_ctrl/temp_acc_reg[29]/D (DFFSX1)                0.00       9.64 f
  data arrival time                                                  9.64

  clock clk (rise edge)                                  10.00      10.00
  clock network delay (ideal)                             0.00      10.00
  clock uncertainty                                      -0.20       9.80
  u_calib_ctrl/temp_acc_reg[29]/CK (DFFSX1)               0.00       9.80 r
  library setup time                                     -0.15       9.65
  data required time                                                 9.65
  --------------------------------------------------------------------------
  data required time                                                 9.65
  data arrival time                                                 -9.64
  --------------------------------------------------------------------------
  slack (MET)                                                        0.01


  Startpoint: u_calib_ctrl/calc_cnt_reg[0]
              (rising edge-triggered flip-flop clocked by clk)
  Endpoint: u_calib_ctrl/temp_acc_reg[28]
            (rising edge-triggered flip-flop clocked by clk)
  Path Group: clk
  Path Type: max

  Des/Clust/Port     Wire Load Model       Library
  ------------------------------------------------
  sar_digi_paper_core
                     smic18_wl10           typical

  Point                                                   Incr       Path
  --------------------------------------------------------------------------
  clock clk (rise edge)                                   0.00       0.00
  clock network delay (ideal)                             0.00       0.00
  u_calib_ctrl/calc_cnt_reg[0]/CK (DFFSX1)                0.00       0.00 r
  u_calib_ctrl/calc_cnt_reg[0]/QN (DFFSX1)                0.39       0.39 r
  u_calib_ctrl/U550/Y (NAND2X1)                           0.31       0.69 f
  u_calib_ctrl/U520/Y (NOR2X1)                            0.44       1.13 r
  u_calib_ctrl/U120/Y (NAND2X1)                           0.21       1.34 f
  u_calib_ctrl/U628/Y (NOR2X1)                            0.26       1.59 r
  u_calib_ctrl/U24/Y (INVX1)                              0.17       1.77 f
  u_calib_ctrl/U638/Y (CLKINVX3)                          0.29       2.06 r
  u_calib_ctrl/U261/Y (AOI211XL)                          0.18       2.24 f
  u_calib_ctrl/U652/Y (NAND4X1)                           0.22       2.46 r
  u_calib_ctrl/U99/Y (NAND2X1)                            0.18       2.63 f
  u_calib_ctrl/U234/Y (NAND2XL)                           0.25       2.88 r
  u_calib_ctrl/U97/Y (OAI21XL)                            0.16       3.05 f
  u_calib_ctrl/intadd_2/U29/CO (ADDFXL)                   0.37       3.42 f
  u_calib_ctrl/intadd_2/U28/CO (ADDFXL)                   0.25       3.66 f
  u_calib_ctrl/intadd_2/U27/CO (ADDFX2)                   0.23       3.90 f
  u_calib_ctrl/intadd_2/U26/CO (ADDFXL)                   0.24       4.14 f
  u_calib_ctrl/intadd_2/U25/CO (ADDFX2)                   0.23       4.37 f
  u_calib_ctrl/intadd_2/U24/CO (ADDFXL)                   0.23       4.61 f
  u_calib_ctrl/intadd_2/U23/CO (ADDFHX1)                  0.21       4.82 f
  u_calib_ctrl/intadd_2/U22/CO (ADDFXL)                   0.23       5.05 f
  u_calib_ctrl/intadd_2/U21/CO (ADDFHX1)                  0.21       5.26 f
  u_calib_ctrl/intadd_2/U20/CO (ADDFXL)                   0.23       5.50 f
  u_calib_ctrl/intadd_2/U19/CO (ADDFHX1)                  0.21       5.71 f
  u_calib_ctrl/intadd_2/U18/CO (ADDFX2)                   0.23       5.94 f
  u_calib_ctrl/intadd_2/U17/CO (ADDFX2)                   0.23       6.17 f
  u_calib_ctrl/intadd_2/U16/CO (ADDFX2)                   0.23       6.39 f
  u_calib_ctrl/intadd_2/U15/CO (ADDFX2)                   0.23       6.62 f
  u_calib_ctrl/intadd_2/U14/CO (ADDFX2)                   0.22       6.85 f
  u_calib_ctrl/intadd_2/U13/CO (ADDFHX1)                  0.21       7.06 f
  u_calib_ctrl/intadd_2/U12/CO (ADDFX2)                   0.23       7.28 f
  u_calib_ctrl/intadd_2/U11/CO (ADDFX2)                   0.23       7.51 f
  u_calib_ctrl/intadd_2/U10/CO (ADDFX2)                   0.23       7.74 f
  u_calib_ctrl/intadd_2/U9/CO (ADDFX2)                    0.23       7.97 f
  u_calib_ctrl/intadd_2/U8/CO (ADDFX2)                    0.23       8.20 f
  u_calib_ctrl/intadd_2/U7/CO (ADDFX2)                    0.23       8.43 f
  u_calib_ctrl/intadd_2/U6/CO (ADDFX2)                    0.23       8.66 f
  u_calib_ctrl/intadd_2/U5/CO (ADDFX2)                    0.22       8.88 f
  u_calib_ctrl/intadd_2/U4/CO (ADDFHX1)                   0.21       9.09 f
  u_calib_ctrl/intadd_2/U3/S (ADDFX2)                     0.19       9.29 f
  u_calib_ctrl/U65/Y (OR2X2)                              0.14       9.43 f
  u_calib_ctrl/temp_acc_reg[28]/D (DFFSX1)                0.00       9.43 f
  data arrival time                                                  9.43

  clock clk (rise edge)                                  10.00      10.00
  clock network delay (ideal)                             0.00      10.00
  clock uncertainty                                      -0.20       9.80
  u_calib_ctrl/temp_acc_reg[28]/CK (DFFSX1)               0.00       9.80 r
  library setup time                                     -0.15       9.65
  data required time                                                 9.65
  --------------------------------------------------------------------------
  data required time                                                 9.65
  data arrival time                                                 -9.43
  --------------------------------------------------------------------------
  slack (MET)                                                        0.22


  Startpoint: u_calib_ctrl/shadow_weights_reg[17][0]
              (rising edge-triggered flip-flop clocked by clk)
  Endpoint: u_calib_ctrl/meas_val_p_reg[28]
            (rising edge-triggered flip-flop clocked by clk)
  Path Group: clk
  Path Type: max

  Des/Clust/Port     Wire Load Model       Library
  ------------------------------------------------
  sar_digi_paper_core
                     smic18_wl10           typical

  Point                                                   Incr       Path
  --------------------------------------------------------------------------
  clock clk (rise edge)                                   0.00       0.00
  clock network delay (ideal)                             0.00       0.00
  u_calib_ctrl/shadow_weights_reg[17][0]/CK (DFFSX1)      0.00       0.00 r
  u_calib_ctrl/shadow_weights_reg[17][0]/QN (DFFSX1)      0.46       0.46 f
  u_calib_ctrl/U688/Y (NAND2X2)                           0.17       0.63 r
  u_calib_ctrl/U689/Y (INVX2)                             0.05       0.68 f
  u_calib_ctrl/U23/CO (ADDFHX2)                           0.15       0.83 f
  u_calib_ctrl/U1456/CO (ADDFHX2)                         0.15       0.98 f
  u_calib_ctrl/intadd_0/U27/S (ADDFX2)                    0.30       1.28 r
  u_calib_ctrl/U627/Y (INVX1)                             0.19       1.47 f
  u_calib_ctrl/U701/Y (AOI222X2)                          0.35       1.81 r
  u_calib_ctrl/U702/Y (AOI222X4)                          0.31       2.12 f
  u_calib_ctrl/U704/Y (AOI222X2)                          0.31       2.43 r
  u_calib_ctrl/U705/Y (AOI222X4)                          0.31       2.73 f
  u_calib_ctrl/U32/Y (AOI222X2)                           0.36       3.10 r
  u_calib_ctrl/U707/Y (AOI222X4)                          0.31       3.41 f
  u_calib_ctrl/U708/Y (AOI222X2)                          0.37       3.78 r
  u_calib_ctrl/U709/Y (OAI22X4)                           0.13       3.91 f
  u_calib_ctrl/U710/CON (AFHCONX4)                        0.17       4.08 r
  u_calib_ctrl/U425/Y (NAND2X2)                           0.05       4.14 f
  u_calib_ctrl/U713/Y (AND3X4)                            0.18       4.31 f
  u_calib_ctrl/U714/Y (AOI222X2)                          0.31       4.62 r
  u_calib_ctrl/U715/Y (AOI222X4)                          0.30       4.92 f
  u_calib_ctrl/U716/CON (AFHCONX4)                        0.15       5.07 r
  u_calib_ctrl/U31/Y (AOI222X2)                           0.22       5.29 f
  u_calib_ctrl/U717/Y (AOI222X4)                          0.43       5.73 r
  u_calib_ctrl/U718/Y (AOI222X4)                          0.26       5.98 f
  u_calib_ctrl/U615/Y (AOI222X4)                          0.41       6.39 r
  u_calib_ctrl/U719/Y (AOI222X2)                          0.15       6.55 f
  u_calib_ctrl/U624/Y (AOI222X4)                          0.42       6.96 r
  u_calib_ctrl/U720/Y (OAI22X4)                           0.10       7.07 f
  u_calib_ctrl/U721/Y (AOI222X2)                          0.38       7.45 r
  u_calib_ctrl/U722/Y (AOI222X4)                          0.31       7.76 f
  u_calib_ctrl/U723/Y (AOI222X2)                          0.31       8.07 r
  u_calib_ctrl/U724/Y (AOI222X4)                          0.31       8.38 f
  u_calib_ctrl/U725/Y (AOI222X2)                          0.43       8.81 r
  u_calib_ctrl/U159/Y (AOI211X1)                          0.16       8.97 f
  u_calib_ctrl/U150/Y (AOI211X1)                          0.22       9.20 r
  u_calib_ctrl/U1161/Y (OAI21XL)                          0.19       9.39 f
  u_calib_ctrl/meas_val_p_reg[28]/D (DFFSX1)              0.00       9.39 f
  data arrival time                                                  9.39

  clock clk (rise edge)                                  10.00      10.00
  clock network delay (ideal)                             0.00      10.00
  clock uncertainty                                      -0.20       9.80
  u_calib_ctrl/meas_val_p_reg[28]/CK (DFFSX1)             0.00       9.80 r
  library setup time                                     -0.18       9.62
  data required time                                                 9.62
  --------------------------------------------------------------------------
  data required time                                                 9.62
  data arrival time                                                 -9.39
  --------------------------------------------------------------------------
  slack (MET)                                                        0.23


  Startpoint: u_calib_ctrl/shadow_weights_reg[17][0]
              (rising edge-triggered flip-flop clocked by clk)
  Endpoint: u_calib_ctrl/meas_val_n_reg[28]
            (rising edge-triggered flip-flop clocked by clk)
  Path Group: clk
  Path Type: max

  Des/Clust/Port     Wire Load Model       Library
  ------------------------------------------------
  sar_digi_paper_core
                     smic18_wl10           typical

  Point                                                   Incr       Path
  --------------------------------------------------------------------------
  clock clk (rise edge)                                   0.00       0.00
  clock network delay (ideal)                             0.00       0.00
  u_calib_ctrl/shadow_weights_reg[17][0]/CK (DFFSX1)      0.00       0.00 r
  u_calib_ctrl/shadow_weights_reg[17][0]/QN (DFFSX1)      0.46       0.46 f
  u_calib_ctrl/U688/Y (NAND2X2)                           0.17       0.63 r
  u_calib_ctrl/U689/Y (INVX2)                             0.05       0.68 f
  u_calib_ctrl/U23/CO (ADDFHX2)                           0.15       0.83 f
  u_calib_ctrl/U1456/CO (ADDFHX2)                         0.15       0.98 f
  u_calib_ctrl/intadd_0/U27/S (ADDFX2)                    0.30       1.28 r
  u_calib_ctrl/U627/Y (INVX1)                             0.19       1.47 f
  u_calib_ctrl/U701/Y (AOI222X2)                          0.35       1.81 r
  u_calib_ctrl/U702/Y (AOI222X4)                          0.31       2.12 f
  u_calib_ctrl/U704/Y (AOI222X2)                          0.31       2.43 r
  u_calib_ctrl/U705/Y (AOI222X4)                          0.31       2.73 f
  u_calib_ctrl/U32/Y (AOI222X2)                           0.36       3.10 r
  u_calib_ctrl/U707/Y (AOI222X4)                          0.31       3.41 f
  u_calib_ctrl/U708/Y (AOI222X2)                          0.37       3.78 r
  u_calib_ctrl/U709/Y (OAI22X4)                           0.13       3.91 f
  u_calib_ctrl/U710/CON (AFHCONX4)                        0.17       4.08 r
  u_calib_ctrl/U425/Y (NAND2X2)                           0.05       4.14 f
  u_calib_ctrl/U713/Y (AND3X4)                            0.18       4.31 f
  u_calib_ctrl/U714/Y (AOI222X2)                          0.31       4.62 r
  u_calib_ctrl/U715/Y (AOI222X4)                          0.30       4.92 f
  u_calib_ctrl/U716/CON (AFHCONX4)                        0.15       5.07 r
  u_calib_ctrl/U31/Y (AOI222X2)                           0.22       5.29 f
  u_calib_ctrl/U717/Y (AOI222X4)                          0.43       5.73 r
  u_calib_ctrl/U718/Y (AOI222X4)                          0.26       5.98 f
  u_calib_ctrl/U615/Y (AOI222X4)                          0.41       6.39 r
  u_calib_ctrl/U719/Y (AOI222X2)                          0.15       6.55 f
  u_calib_ctrl/U624/Y (AOI222X4)                          0.42       6.96 r
  u_calib_ctrl/U720/Y (OAI22X4)                           0.10       7.07 f
  u_calib_ctrl/U721/Y (AOI222X2)                          0.38       7.45 r
  u_calib_ctrl/U722/Y (AOI222X4)                          0.31       7.76 f
  u_calib_ctrl/U723/Y (AOI222X2)                          0.31       8.07 r
  u_calib_ctrl/U724/Y (AOI222X4)                          0.31       8.38 f
  u_calib_ctrl/U725/Y (AOI222X2)                          0.43       8.81 r
  u_calib_ctrl/U159/Y (AOI211X1)                          0.16       8.97 f
  u_calib_ctrl/U150/Y (AOI211X1)                          0.22       9.20 r
  u_calib_ctrl/U1161/Y (OAI21XL)                          0.19       9.39 f
  u_calib_ctrl/meas_val_n_reg[28]/D (DFFSX1)              0.00       9.39 f
  data arrival time                                                  9.39

  clock clk (rise edge)                                  10.00      10.00
  clock network delay (ideal)                             0.00      10.00
  clock uncertainty                                      -0.20       9.80
  u_calib_ctrl/meas_val_n_reg[28]/CK (DFFSX1)             0.00       9.80 r
  library setup time                                     -0.18       9.62
  data required time                                                 9.62
  --------------------------------------------------------------------------
  data required time                                                 9.62
  data arrival time                                                 -9.39
  --------------------------------------------------------------------------
  slack (MET)                                                        0.23


  Startpoint: u_calib_ctrl/shadow_weights_reg[17][0]
              (rising edge-triggered flip-flop clocked by clk)
  Endpoint: u_calib_ctrl/meas_val_p_reg[28]
            (rising edge-triggered flip-flop clocked by clk)
  Path Group: clk
  Path Type: max

  Des/Clust/Port     Wire Load Model       Library
  ------------------------------------------------
  sar_digi_paper_core
                     smic18_wl10           typical

  Point                                                   Incr       Path
  --------------------------------------------------------------------------
  clock clk (rise edge)                                   0.00       0.00
  clock network delay (ideal)                             0.00       0.00
  u_calib_ctrl/shadow_weights_reg[17][0]/CK (DFFSX1)      0.00       0.00 r
  u_calib_ctrl/shadow_weights_reg[17][0]/QN (DFFSX1)      0.46       0.46 f
  u_calib_ctrl/U688/Y (NAND2X2)                           0.17       0.63 r
  u_calib_ctrl/U689/Y (INVX2)                             0.05       0.68 f
  u_calib_ctrl/U23/CO (ADDFHX2)                           0.15       0.83 f
  u_calib_ctrl/U1456/CO (ADDFHX2)                         0.15       0.98 f
  u_calib_ctrl/intadd_0/U27/S (ADDFX2)                    0.26       1.24 f
  u_calib_ctrl/U627/Y (INVX1)                             0.29       1.53 r
  u_calib_ctrl/U701/Y (AOI222X2)                          0.20       1.73 f
  u_calib_ctrl/U702/Y (AOI222X4)                          0.47       2.21 r
  u_calib_ctrl/U704/Y (AOI222X2)                          0.14       2.34 f
  u_calib_ctrl/U705/Y (AOI222X4)                          0.48       2.82 r
  u_calib_ctrl/U32/Y (AOI222X2)                           0.16       2.98 f
  u_calib_ctrl/U707/Y (AOI222X4)                          0.48       3.46 r
  u_calib_ctrl/U708/Y (AOI222X2)                          0.16       3.62 f
  u_calib_ctrl/U709/Y (OAI22X4)                           0.18       3.79 r
  u_calib_ctrl/U710/CON (AFHCONX4)                        0.13       3.92 f
  u_calib_ctrl/U425/Y (NAND2X2)                           0.14       4.06 r
  u_calib_ctrl/U713/Y (AND3X4)                            0.19       4.25 r
  u_calib_ctrl/U714/Y (AOI222X2)                          0.14       4.38 f
  u_calib_ctrl/U715/Y (AOI222X4)                          0.47       4.86 r
  u_calib_ctrl/U716/CON (AFHCONX4)                        0.11       4.97 f
  u_calib_ctrl/U31/Y (AOI222X2)                           0.44       5.40 r
  u_calib_ctrl/U717/Y (AOI222X4)                          0.30       5.71 f
  u_calib_ctrl/U718/Y (AOI222X4)                          0.44       6.15 r
  u_calib_ctrl/U615/Y (AOI222X4)                          0.26       6.40 f
  u_calib_ctrl/U719/Y (AOI222X2)                          0.35       6.76 r
  u_calib_ctrl/U624/Y (AOI222X4)                          0.29       7.05 f
  u_calib_ctrl/U720/Y (OAI22X4)                           0.16       7.21 r
  u_calib_ctrl/U721/Y (AOI222X2)                          0.19       7.40 f
  u_calib_ctrl/U722/Y (AOI222X4)                          0.48       7.88 r
  u_calib_ctrl/U723/Y (AOI222X2)                          0.14       8.02 f
  u_calib_ctrl/U724/Y (AOI222X4)                          0.48       8.50 r
  u_calib_ctrl/U725/Y (AOI222X2)                          0.18       8.68 f
  u_calib_ctrl/U163/Y (NOR2X1)                            0.19       8.87 r
  u_calib_ctrl/U159/Y (AOI211X1)                          0.10       8.97 f
  u_calib_ctrl/U150/Y (AOI211X1)                          0.22       9.19 r
  u_calib_ctrl/U1161/Y (OAI21XL)                          0.19       9.39 f
  u_calib_ctrl/meas_val_p_reg[28]/D (DFFSX1)              0.00       9.39 f
  data arrival time                                                  9.39

  clock clk (rise edge)                                  10.00      10.00
  clock network delay (ideal)                             0.00      10.00
  clock uncertainty                                      -0.20       9.80
  u_calib_ctrl/meas_val_p_reg[28]/CK (DFFSX1)             0.00       9.80 r
  library setup time                                     -0.18       9.62
  data required time                                                 9.62
  --------------------------------------------------------------------------
  data required time                                                 9.62
  data arrival time                                                 -9.39
  --------------------------------------------------------------------------
  slack (MET)                                                        0.23


  Startpoint: u_calib_ctrl/shadow_weights_reg[17][0]
              (rising edge-triggered flip-flop clocked by clk)
  Endpoint: u_calib_ctrl/meas_val_n_reg[28]
            (rising edge-triggered flip-flop clocked by clk)
  Path Group: clk
  Path Type: max

  Des/Clust/Port     Wire Load Model       Library
  ------------------------------------------------
  sar_digi_paper_core
                     smic18_wl10           typical

  Point                                                   Incr       Path
  --------------------------------------------------------------------------
  clock clk (rise edge)                                   0.00       0.00
  clock network delay (ideal)                             0.00       0.00
  u_calib_ctrl/shadow_weights_reg[17][0]/CK (DFFSX1)      0.00       0.00 r
  u_calib_ctrl/shadow_weights_reg[17][0]/QN (DFFSX1)      0.46       0.46 f
  u_calib_ctrl/U688/Y (NAND2X2)                           0.17       0.63 r
  u_calib_ctrl/U689/Y (INVX2)                             0.05       0.68 f
  u_calib_ctrl/U23/CO (ADDFHX2)                           0.15       0.83 f
  u_calib_ctrl/U1456/CO (ADDFHX2)                         0.15       0.98 f
  u_calib_ctrl/intadd_0/U27/S (ADDFX2)                    0.26       1.24 f
  u_calib_ctrl/U627/Y (INVX1)                             0.29       1.53 r
  u_calib_ctrl/U701/Y (AOI222X2)                          0.20       1.73 f
  u_calib_ctrl/U702/Y (AOI222X4)                          0.47       2.21 r
  u_calib_ctrl/U704/Y (AOI222X2)                          0.14       2.34 f
  u_calib_ctrl/U705/Y (AOI222X4)                          0.48       2.82 r
  u_calib_ctrl/U32/Y (AOI222X2)                           0.16       2.98 f
  u_calib_ctrl/U707/Y (AOI222X4)                          0.48       3.46 r
  u_calib_ctrl/U708/Y (AOI222X2)                          0.16       3.62 f
  u_calib_ctrl/U709/Y (OAI22X4)                           0.18       3.79 r
  u_calib_ctrl/U710/CON (AFHCONX4)                        0.13       3.92 f
  u_calib_ctrl/U425/Y (NAND2X2)                           0.14       4.06 r
  u_calib_ctrl/U713/Y (AND3X4)                            0.19       4.25 r
  u_calib_ctrl/U714/Y (AOI222X2)                          0.14       4.38 f
  u_calib_ctrl/U715/Y (AOI222X4)                          0.47       4.86 r
  u_calib_ctrl/U716/CON (AFHCONX4)                        0.11       4.97 f
  u_calib_ctrl/U31/Y (AOI222X2)                           0.44       5.40 r
  u_calib_ctrl/U717/Y (AOI222X4)                          0.30       5.71 f
  u_calib_ctrl/U718/Y (AOI222X4)                          0.44       6.15 r
  u_calib_ctrl/U615/Y (AOI222X4)                          0.26       6.40 f
  u_calib_ctrl/U719/Y (AOI222X2)                          0.35       6.76 r
  u_calib_ctrl/U624/Y (AOI222X4)                          0.29       7.05 f
  u_calib_ctrl/U720/Y (OAI22X4)                           0.16       7.21 r
  u_calib_ctrl/U721/Y (AOI222X2)                          0.19       7.40 f
  u_calib_ctrl/U722/Y (AOI222X4)                          0.48       7.88 r
  u_calib_ctrl/U723/Y (AOI222X2)                          0.14       8.02 f
  u_calib_ctrl/U724/Y (AOI222X4)                          0.48       8.50 r
  u_calib_ctrl/U725/Y (AOI222X2)                          0.18       8.68 f
  u_calib_ctrl/U163/Y (NOR2X1)                            0.19       8.87 r
  u_calib_ctrl/U159/Y (AOI211X1)                          0.10       8.97 f
  u_calib_ctrl/U150/Y (AOI211X1)                          0.22       9.19 r
  u_calib_ctrl/U1161/Y (OAI21XL)                          0.19       9.39 f
  u_calib_ctrl/meas_val_n_reg[28]/D (DFFSX1)              0.00       9.39 f
  data arrival time                                                  9.39

  clock clk (rise edge)                                  10.00      10.00
  clock network delay (ideal)                             0.00      10.00
  clock uncertainty                                      -0.20       9.80
  u_calib_ctrl/meas_val_n_reg[28]/CK (DFFSX1)             0.00       9.80 r
  library setup time                                     -0.18       9.62
  data required time                                                 9.62
  --------------------------------------------------------------------------
  data required time                                                 9.62
  data arrival time                                                 -9.39
  --------------------------------------------------------------------------
  slack (MET)                                                        0.23


  Startpoint: u_calib_ctrl/calc_cnt_reg[1]
              (rising edge-triggered flip-flop clocked by clk)
  Endpoint: u_calib_ctrl/temp_acc_reg[28]
            (rising edge-triggered flip-flop clocked by clk)
  Path Group: clk
  Path Type: max

  Des/Clust/Port     Wire Load Model       Library
  ------------------------------------------------
  sar_digi_paper_core
                     smic18_wl10           typical

  Point                                                   Incr       Path
  --------------------------------------------------------------------------
  clock clk (rise edge)                                   0.00       0.00
  clock network delay (ideal)                             0.00       0.00
  u_calib_ctrl/calc_cnt_reg[1]/CK (DFFSX1)                0.00       0.00 r
  u_calib_ctrl/calc_cnt_reg[1]/QN (DFFSX1)                0.38       0.38 r
  u_calib_ctrl/U550/Y (NAND2X1)                           0.30       0.68 f
  u_calib_ctrl/U520/Y (NOR2X1)                            0.44       1.12 r
  u_calib_ctrl/U120/Y (NAND2X1)                           0.21       1.33 f
  u_calib_ctrl/U628/Y (NOR2X1)                            0.26       1.58 r
  u_calib_ctrl/U24/Y (INVX1)                              0.17       1.76 f
  u_calib_ctrl/U638/Y (CLKINVX3)                          0.29       2.05 r
  u_calib_ctrl/U261/Y (AOI211XL)                          0.18       2.22 f
  u_calib_ctrl/U652/Y (NAND4X1)                           0.22       2.44 r
  u_calib_ctrl/U99/Y (NAND2X1)                            0.18       2.62 f
  u_calib_ctrl/U234/Y (NAND2XL)                           0.25       2.87 r
  u_calib_ctrl/U97/Y (OAI21XL)                            0.16       3.03 f
  u_calib_ctrl/intadd_2/U29/CO (ADDFXL)                   0.37       3.40 f
  u_calib_ctrl/intadd_2/U28/CO (ADDFXL)                   0.25       3.65 f
  u_calib_ctrl/intadd_2/U27/CO (ADDFX2)                   0.23       3.88 f
  u_calib_ctrl/intadd_2/U26/CO (ADDFXL)                   0.24       4.13 f
  u_calib_ctrl/intadd_2/U25/CO (ADDFX2)                   0.23       4.36 f
  u_calib_ctrl/intadd_2/U24/CO (ADDFXL)                   0.23       4.59 f
  u_calib_ctrl/intadd_2/U23/CO (ADDFHX1)                  0.21       4.80 f
  u_calib_ctrl/intadd_2/U22/CO (ADDFXL)                   0.23       5.04 f
  u_calib_ctrl/intadd_2/U21/CO (ADDFHX1)                  0.21       5.25 f
  u_calib_ctrl/intadd_2/U20/CO (ADDFXL)                   0.23       5.48 f
  u_calib_ctrl/intadd_2/U19/CO (ADDFHX1)                  0.21       5.69 f
  u_calib_ctrl/intadd_2/U18/CO (ADDFX2)                   0.23       5.92 f
  u_calib_ctrl/intadd_2/U17/CO (ADDFX2)                   0.23       6.15 f
  u_calib_ctrl/intadd_2/U16/CO (ADDFX2)                   0.23       6.38 f
  u_calib_ctrl/intadd_2/U15/CO (ADDFX2)                   0.23       6.61 f
  u_calib_ctrl/intadd_2/U14/CO (ADDFX2)                   0.22       6.84 f
  u_calib_ctrl/intadd_2/U13/CO (ADDFHX1)                  0.21       7.04 f
  u_calib_ctrl/intadd_2/U12/CO (ADDFX2)                   0.23       7.27 f
  u_calib_ctrl/intadd_2/U11/CO (ADDFX2)                   0.23       7.50 f
  u_calib_ctrl/intadd_2/U10/CO (ADDFX2)                   0.23       7.73 f
  u_calib_ctrl/intadd_2/U9/CO (ADDFX2)                    0.23       7.96 f
  u_calib_ctrl/intadd_2/U8/CO (ADDFX2)                    0.23       8.19 f
  u_calib_ctrl/intadd_2/U7/CO (ADDFX2)                    0.23       8.42 f
  u_calib_ctrl/intadd_2/U6/CO (ADDFX2)                    0.23       8.65 f
  u_calib_ctrl/intadd_2/U5/CO (ADDFX2)                    0.22       8.87 f
  u_calib_ctrl/intadd_2/U4/CO (ADDFHX1)                   0.21       9.08 f
  u_calib_ctrl/intadd_2/U3/S (ADDFX2)                     0.19       9.27 f
  u_calib_ctrl/U65/Y (OR2X2)                              0.14       9.42 f
  u_calib_ctrl/temp_acc_reg[28]/D (DFFSX1)                0.00       9.42 f
  data arrival time                                                  9.42

  clock clk (rise edge)                                  10.00      10.00
  clock network delay (ideal)                             0.00      10.00
  clock uncertainty                                      -0.20       9.80
  u_calib_ctrl/temp_acc_reg[28]/CK (DFFSX1)               0.00       9.80 r
  library setup time                                     -0.15       9.65
  data required time                                                 9.65
  --------------------------------------------------------------------------
  data required time                                                 9.65
  data arrival time                                                 -9.42
  --------------------------------------------------------------------------
  slack (MET)                                                        0.23


  Startpoint: u_calib_ctrl/meas_val_p_reg[1]
              (rising edge-triggered flip-flop clocked by clk)
  Endpoint: u_calib_ctrl/accumulator_reg[34]
            (rising edge-triggered flip-flop clocked by clk)
  Path Group: clk
  Path Type: max

  Des/Clust/Port     Wire Load Model       Library
  ------------------------------------------------
  sar_digi_paper_core
                     smic18_wl10           typical

  Point                                                   Incr       Path
  --------------------------------------------------------------------------
  clock clk (rise edge)                                   0.00       0.00
  clock network delay (ideal)                             0.00       0.00
  u_calib_ctrl/meas_val_p_reg[1]/CK (DFFSX1)              0.00       0.00 r
  u_calib_ctrl/meas_val_p_reg[1]/QN (DFFSX1)              0.56       0.56 r
  u_calib_ctrl/U770/Y (AND2XL)                            0.21       0.77 r
  u_calib_ctrl/U523/Y (AOI2BB1XL)                         0.11       0.88 f
  u_calib_ctrl/U513/CO (ADDFHX2)                          0.22       1.09 f
  u_calib_ctrl/U771/Y (AOI21X1)                           0.24       1.33 r
  u_calib_ctrl/U772/Y (OAI21XL)                           0.14       1.47 f
  u_calib_ctrl/intadd_1/U28/CO (ADDFXL)                   0.34       1.81 f
  u_calib_ctrl/intadd_1/U27/CO (ADDFXL)                   0.25       2.06 f
  u_calib_ctrl/intadd_1/U26/CO (ADDFXL)                   0.25       2.30 f
  u_calib_ctrl/intadd_1/U25/CO (ADDFXL)                   0.25       2.55 f
  u_calib_ctrl/intadd_1/U24/CO (ADDFXL)                   0.25       2.80 f
  u_calib_ctrl/intadd_1/U23/CO (ADDFXL)                   0.25       3.04 f
  u_calib_ctrl/intadd_1/U22/CO (ADDFXL)                   0.25       3.29 f
  u_calib_ctrl/intadd_1/U21/CO (ADDFXL)                   0.25       3.54 f
  u_calib_ctrl/intadd_1/U20/CO (ADDFXL)                   0.25       3.78 f
  u_calib_ctrl/intadd_1/U19/CO (ADDFXL)                   0.25       4.03 f
  u_calib_ctrl/intadd_1/U18/CO (ADDFXL)                   0.25       4.28 f
  u_calib_ctrl/intadd_1/U17/CO (ADDFX2)                   0.23       4.51 f
  u_calib_ctrl/intadd_1/U16/CO (ADDFX2)                   0.23       4.74 f
  u_calib_ctrl/intadd_1/U15/CO (ADDFX2)                   0.23       4.97 f
  u_calib_ctrl/intadd_1/U14/CO (ADDFX2)                   0.23       5.20 f
  u_calib_ctrl/intadd_1/U13/CO (ADDFX2)                   0.23       5.43 f
  u_calib_ctrl/intadd_1/U12/CO (ADDFX2)                   0.23       5.66 f
  u_calib_ctrl/intadd_1/U11/CO (ADDFX2)                   0.23       5.89 f
  u_calib_ctrl/intadd_1/U10/CO (ADDFX2)                   0.23       6.12 f
  u_calib_ctrl/intadd_1/U9/CO (ADDFX2)                    0.23       6.35 f
  u_calib_ctrl/intadd_1/U8/CO (ADDFX2)                    0.23       6.58 f
  u_calib_ctrl/intadd_1/U7/CO (ADDFX2)                    0.23       6.80 f
  u_calib_ctrl/intadd_1/U6/CO (ADDFX2)                    0.23       7.03 f
  u_calib_ctrl/intadd_1/U5/CO (ADDFX2)                    0.23       7.26 f
  u_calib_ctrl/intadd_1/U4/CO (ADDFX2)                    0.23       7.49 f
  u_calib_ctrl/intadd_1/U3/CO (ADDFX2)                    0.23       7.73 f
  u_calib_ctrl/intadd_1/U2/CO (ADDFHX2)                   0.18       7.91 f
  u_calib_ctrl/U630/Y (NAND2X1)                           0.17       8.08 r
  u_calib_ctrl/U9/Y (AOI21X1)                             0.17       8.24 f
  u_calib_ctrl/U763/Y (OAI21X1)                           0.30       8.54 r
  u_calib_ctrl/U764/Y (OAI21X1)                           0.23       8.76 f
  u_calib_ctrl/U632/Y (AOI21X1)                           0.36       9.12 r
  u_calib_ctrl/U145/Y (AOI21XL)                           0.16       9.27 f
  u_calib_ctrl/U767/Y (OAI21XL)                           0.16       9.43 r
  u_calib_ctrl/accumulator_reg[34]/D (DFFSX1)             0.00       9.43 r
  data arrival time                                                  9.43

  clock clk (rise edge)                                  10.00      10.00
  clock network delay (ideal)                             0.00      10.00
  clock uncertainty                                      -0.20       9.80
  u_calib_ctrl/accumulator_reg[34]/CK (DFFSX1)            0.00       9.80 r
  library setup time                                     -0.07       9.73
  data required time                                                 9.73
  --------------------------------------------------------------------------
  data required time                                                 9.73
  data arrival time                                                 -9.43
  --------------------------------------------------------------------------
  slack (MET)                                                        0.30


  Startpoint: u_calib_ctrl/meas_val_p_reg[1]
              (rising edge-triggered flip-flop clocked by clk)
  Endpoint: u_calib_ctrl/accumulator_reg[34]
            (rising edge-triggered flip-flop clocked by clk)
  Path Group: clk
  Path Type: max

  Des/Clust/Port     Wire Load Model       Library
  ------------------------------------------------
  sar_digi_paper_core
                     smic18_wl10           typical

  Point                                                   Incr       Path
  --------------------------------------------------------------------------
  clock clk (rise edge)                                   0.00       0.00
  clock network delay (ideal)                             0.00       0.00
  u_calib_ctrl/meas_val_p_reg[1]/CK (DFFSX1)              0.00       0.00 r
  u_calib_ctrl/meas_val_p_reg[1]/QN (DFFSX1)              0.56       0.56 r
  u_calib_ctrl/U770/Y (AND2XL)                            0.21       0.77 r
  u_calib_ctrl/U523/Y (AOI2BB1XL)                         0.11       0.88 f
  u_calib_ctrl/U513/CO (ADDFHX2)                          0.22       1.09 f
  u_calib_ctrl/U771/Y (AOI21X1)                           0.24       1.33 r
  u_calib_ctrl/U772/Y (OAI21XL)                           0.14       1.47 f
  u_calib_ctrl/intadd_1/U28/CO (ADDFXL)                   0.33       1.80 f
  u_calib_ctrl/intadd_1/U27/CO (ADDFXL)                   0.25       2.05 f
  u_calib_ctrl/intadd_1/U26/CO (ADDFXL)                   0.25       2.29 f
  u_calib_ctrl/intadd_1/U25/CO (ADDFXL)                   0.25       2.54 f
  u_calib_ctrl/intadd_1/U24/CO (ADDFXL)                   0.25       2.79 f
  u_calib_ctrl/intadd_1/U23/CO (ADDFXL)                   0.25       3.03 f
  u_calib_ctrl/intadd_1/U22/CO (ADDFXL)                   0.25       3.28 f
  u_calib_ctrl/intadd_1/U21/CO (ADDFXL)                   0.25       3.53 f
  u_calib_ctrl/intadd_1/U20/CO (ADDFXL)                   0.25       3.77 f
  u_calib_ctrl/intadd_1/U19/CO (ADDFXL)                   0.25       4.02 f
  u_calib_ctrl/intadd_1/U18/CO (ADDFXL)                   0.25       4.27 f
  u_calib_ctrl/intadd_1/U17/CO (ADDFX2)                   0.23       4.50 f
  u_calib_ctrl/intadd_1/U16/CO (ADDFX2)                   0.23       4.73 f
  u_calib_ctrl/intadd_1/U15/CO (ADDFX2)                   0.23       4.96 f
  u_calib_ctrl/intadd_1/U14/CO (ADDFX2)                   0.23       5.19 f
  u_calib_ctrl/intadd_1/U13/CO (ADDFX2)                   0.23       5.42 f
  u_calib_ctrl/intadd_1/U12/CO (ADDFX2)                   0.23       5.65 f
  u_calib_ctrl/intadd_1/U11/CO (ADDFX2)                   0.23       5.88 f
  u_calib_ctrl/intadd_1/U10/CO (ADDFX2)                   0.23       6.10 f
  u_calib_ctrl/intadd_1/U9/CO (ADDFX2)                    0.23       6.33 f
  u_calib_ctrl/intadd_1/U8/CO (ADDFX2)                    0.23       6.56 f
  u_calib_ctrl/intadd_1/U7/CO (ADDFX2)                    0.23       6.79 f
  u_calib_ctrl/intadd_1/U6/CO (ADDFX2)                    0.23       7.02 f
  u_calib_ctrl/intadd_1/U5/CO (ADDFX2)                    0.23       7.25 f
  u_calib_ctrl/intadd_1/U4/CO (ADDFX2)                    0.23       7.48 f
  u_calib_ctrl/intadd_1/U3/CO (ADDFX2)                    0.23       7.71 f
  u_calib_ctrl/intadd_1/U2/CO (ADDFHX2)                   0.18       7.90 f
  u_calib_ctrl/U630/Y (NAND2X1)                           0.17       8.06 r
  u_calib_ctrl/U9/Y (AOI21X1)                             0.17       8.23 f
  u_calib_ctrl/U763/Y (OAI21X1)                           0.30       8.53 r
  u_calib_ctrl/U764/Y (OAI21X1)                           0.23       8.75 f
  u_calib_ctrl/U632/Y (AOI21X1)                           0.36       9.11 r
  u_calib_ctrl/U145/Y (AOI21XL)                           0.16       9.26 f
  u_calib_ctrl/U767/Y (OAI21XL)                           0.16       9.42 r
  u_calib_ctrl/accumulator_reg[34]/D (DFFSX1)             0.00       9.42 r
  data arrival time                                                  9.42

  clock clk (rise edge)                                  10.00      10.00
  clock network delay (ideal)                             0.00      10.00
  clock uncertainty                                      -0.20       9.80
  u_calib_ctrl/accumulator_reg[34]/CK (DFFSX1)            0.00       9.80 r
  library setup time                                     -0.07       9.73
  data required time                                                 9.73
  --------------------------------------------------------------------------
  data required time                                                 9.73
  data arrival time                                                 -9.42
  --------------------------------------------------------------------------
  slack (MET)                                                        0.31


  Startpoint: u_calib_ctrl/calc_cnt_reg[0]
              (rising edge-triggered flip-flop clocked by clk)
  Endpoint: u_calib_ctrl/temp_acc_reg[27]
            (rising edge-triggered flip-flop clocked by clk)
  Path Group: clk
  Path Type: max

  Des/Clust/Port     Wire Load Model       Library
  ------------------------------------------------
  sar_digi_paper_core
                     smic18_wl10           typical

  Point                                                   Incr       Path
  --------------------------------------------------------------------------
  clock clk (rise edge)                                   0.00       0.00
  clock network delay (ideal)                             0.00       0.00
  u_calib_ctrl/calc_cnt_reg[0]/CK (DFFSX1)                0.00       0.00 r
  u_calib_ctrl/calc_cnt_reg[0]/QN (DFFSX1)                0.39       0.39 r
  u_calib_ctrl/U550/Y (NAND2X1)                           0.31       0.69 f
  u_calib_ctrl/U520/Y (NOR2X1)                            0.44       1.13 r
  u_calib_ctrl/U120/Y (NAND2X1)                           0.21       1.34 f
  u_calib_ctrl/U628/Y (NOR2X1)                            0.26       1.59 r
  u_calib_ctrl/U24/Y (INVX1)                              0.17       1.77 f
  u_calib_ctrl/U638/Y (CLKINVX3)                          0.29       2.06 r
  u_calib_ctrl/U261/Y (AOI211XL)                          0.18       2.24 f
  u_calib_ctrl/U652/Y (NAND4X1)                           0.22       2.46 r
  u_calib_ctrl/U99/Y (NAND2X1)                            0.18       2.63 f
  u_calib_ctrl/U234/Y (NAND2XL)                           0.25       2.88 r
  u_calib_ctrl/U97/Y (OAI21XL)                            0.16       3.05 f
  u_calib_ctrl/intadd_2/U29/CO (ADDFXL)                   0.37       3.42 f
  u_calib_ctrl/intadd_2/U28/CO (ADDFXL)                   0.25       3.66 f
  u_calib_ctrl/intadd_2/U27/CO (ADDFX2)                   0.23       3.90 f
  u_calib_ctrl/intadd_2/U26/CO (ADDFXL)                   0.24       4.14 f
  u_calib_ctrl/intadd_2/U25/CO (ADDFX2)                   0.23       4.37 f
  u_calib_ctrl/intadd_2/U24/CO (ADDFXL)                   0.23       4.61 f
  u_calib_ctrl/intadd_2/U23/CO (ADDFHX1)                  0.21       4.82 f
  u_calib_ctrl/intadd_2/U22/CO (ADDFXL)                   0.23       5.05 f
  u_calib_ctrl/intadd_2/U21/CO (ADDFHX1)                  0.21       5.26 f
  u_calib_ctrl/intadd_2/U20/CO (ADDFXL)                   0.23       5.50 f
  u_calib_ctrl/intadd_2/U19/CO (ADDFHX1)                  0.21       5.71 f
  u_calib_ctrl/intadd_2/U18/CO (ADDFX2)                   0.23       5.94 f
  u_calib_ctrl/intadd_2/U17/CO (ADDFX2)                   0.23       6.17 f
  u_calib_ctrl/intadd_2/U16/CO (ADDFX2)                   0.23       6.39 f
  u_calib_ctrl/intadd_2/U15/CO (ADDFX2)                   0.23       6.62 f
  u_calib_ctrl/intadd_2/U14/CO (ADDFX2)                   0.22       6.85 f
  u_calib_ctrl/intadd_2/U13/CO (ADDFHX1)                  0.21       7.06 f
  u_calib_ctrl/intadd_2/U12/CO (ADDFX2)                   0.23       7.28 f
  u_calib_ctrl/intadd_2/U11/CO (ADDFX2)                   0.23       7.51 f
  u_calib_ctrl/intadd_2/U10/CO (ADDFX2)                   0.23       7.74 f
  u_calib_ctrl/intadd_2/U9/CO (ADDFX2)                    0.23       7.97 f
  u_calib_ctrl/intadd_2/U8/CO (ADDFX2)                    0.23       8.20 f
  u_calib_ctrl/intadd_2/U7/CO (ADDFX2)                    0.23       8.43 f
  u_calib_ctrl/intadd_2/U6/CO (ADDFX2)                    0.23       8.66 f
  u_calib_ctrl/intadd_2/U5/CO (ADDFX2)                    0.22       8.88 f
  u_calib_ctrl/intadd_2/U4/S (ADDFHX1)                    0.23       9.12 f
  u_calib_ctrl/U66/Y (OR2X2)                              0.14       9.26 f
  u_calib_ctrl/temp_acc_reg[27]/D (DFFSX1)                0.00       9.26 f
  data arrival time                                                  9.26

  clock clk (rise edge)                                  10.00      10.00
  clock network delay (ideal)                             0.00      10.00
  clock uncertainty                                      -0.20       9.80
  u_calib_ctrl/temp_acc_reg[27]/CK (DFFSX1)               0.00       9.80 r
  library setup time                                     -0.15       9.65
  data required time                                                 9.65
  --------------------------------------------------------------------------
  data required time                                                 9.65
  data arrival time                                                 -9.26
  --------------------------------------------------------------------------
  slack (MET)                                                        0.39


  Startpoint: start_calib
              (input port clocked by clk)
  Endpoint: u_calib_ctrl/clk_gate_target_bit_reg/latch
            (negative level-sensitive latch clocked by clk)
  Path Group: clk
  Path Type: max

  Des/Clust/Port     Wire Load Model       Library
  ------------------------------------------------
  sar_digi_paper_core
                     smic18_wl10           typical

  Point                                                   Incr       Path
  --------------------------------------------------------------------------
  clock clk (rise edge)                                   0.00       0.00
  clock network delay (ideal)                             0.00       0.00
  input external delay                                    3.50       3.50 f
  start_calib (in)                                        0.00       3.50 f
  u_calib_ctrl/start_calib (sar_calib_ctrl_serial_20_30_16_32_5_256_1_1)
                                                          0.00       3.50 f
  u_calib_ctrl/U518/Y (NAND3X1)                           0.21       3.71 r
  u_calib_ctrl/U804/Y (AND2X4)                            0.41       4.12 r
  u_calib_ctrl/U1152/Y (NAND3X1)                          0.12       4.24 f
  u_calib_ctrl/clk_gate_target_bit_reg/EN (SNPS_CLOCK_GATE_HIGH_sar_calib_ctrl_serial_20_30_16_32_5_256_1_1_13)
                                                          0.00       4.24 f
  u_calib_ctrl/clk_gate_target_bit_reg/test_or/Y (OR2X2)
                                                          0.16       4.41 f
  u_calib_ctrl/clk_gate_target_bit_reg/latch/D (TLATNXL)
                                                          0.00       4.41 f
  data arrival time                                                  4.41

  clock clk (fall edge)                                   5.00       5.00
  clock network delay (ideal)                             0.00       5.00
  clock uncertainty                                      -0.20       4.80
  u_calib_ctrl/clk_gate_target_bit_reg/latch/GN (TLATNXL)
                                                          0.00       4.80 f
  time borrowed from endpoint                             0.00       4.80
  data required time                                                 4.80
  --------------------------------------------------------------------------
  data required time                                                 4.80
  data arrival time                                                 -4.41
  --------------------------------------------------------------------------
  slack (MET)                                                        0.39

  Time Borrowing Information
  --------------------------------------------------------------
  clk nominal pulse width                                 5.00   
  library setup time                                     -0.06   
  --------------------------------------------------------------
  max time borrow                                         4.94   
  actual time borrow                                      0.00   
  --------------------------------------------------------------


  Startpoint: u_calib_ctrl/calc_cnt_reg[1]
              (rising edge-triggered flip-flop clocked by clk)
  Endpoint: u_calib_ctrl/temp_acc_reg[27]
            (rising edge-triggered flip-flop clocked by clk)
  Path Group: clk
  Path Type: max

  Des/Clust/Port     Wire Load Model       Library
  ------------------------------------------------
  sar_digi_paper_core
                     smic18_wl10           typical

  Point                                                   Incr       Path
  --------------------------------------------------------------------------
  clock clk (rise edge)                                   0.00       0.00
  clock network delay (ideal)                             0.00       0.00
  u_calib_ctrl/calc_cnt_reg[1]/CK (DFFSX1)                0.00       0.00 r
  u_calib_ctrl/calc_cnt_reg[1]/QN (DFFSX1)                0.38       0.38 r
  u_calib_ctrl/U550/Y (NAND2X1)                           0.30       0.68 f
  u_calib_ctrl/U520/Y (NOR2X1)                            0.44       1.12 r
  u_calib_ctrl/U120/Y (NAND2X1)                           0.21       1.33 f
  u_calib_ctrl/U628/Y (NOR2X1)                            0.26       1.58 r
  u_calib_ctrl/U24/Y (INVX1)                              0.17       1.76 f
  u_calib_ctrl/U638/Y (CLKINVX3)                          0.29       2.05 r
  u_calib_ctrl/U261/Y (AOI211XL)                          0.18       2.22 f
  u_calib_ctrl/U652/Y (NAND4X1)                           0.22       2.44 r
  u_calib_ctrl/U99/Y (NAND2X1)                            0.18       2.62 f
  u_calib_ctrl/U234/Y (NAND2XL)                           0.25       2.87 r
  u_calib_ctrl/U97/Y (OAI21XL)                            0.16       3.03 f
  u_calib_ctrl/intadd_2/U29/CO (ADDFXL)                   0.37       3.40 f
  u_calib_ctrl/intadd_2/U28/CO (ADDFXL)                   0.25       3.65 f
  u_calib_ctrl/intadd_2/U27/CO (ADDFX2)                   0.23       3.88 f
  u_calib_ctrl/intadd_2/U26/CO (ADDFXL)                   0.24       4.13 f
  u_calib_ctrl/intadd_2/U25/CO (ADDFX2)                   0.23       4.36 f
  u_calib_ctrl/intadd_2/U24/CO (ADDFXL)                   0.23       4.59 f
  u_calib_ctrl/intadd_2/U23/CO (ADDFHX1)                  0.21       4.80 f
  u_calib_ctrl/intadd_2/U22/CO (ADDFXL)                   0.23       5.04 f
  u_calib_ctrl/intadd_2/U21/CO (ADDFHX1)                  0.21       5.25 f
  u_calib_ctrl/intadd_2/U20/CO (ADDFXL)                   0.23       5.48 f
  u_calib_ctrl/intadd_2/U19/CO (ADDFHX1)                  0.21       5.69 f
  u_calib_ctrl/intadd_2/U18/CO (ADDFX2)                   0.23       5.92 f
  u_calib_ctrl/intadd_2/U17/CO (ADDFX2)                   0.23       6.15 f
  u_calib_ctrl/intadd_2/U16/CO (ADDFX2)                   0.23       6.38 f
  u_calib_ctrl/intadd_2/U15/CO (ADDFX2)                   0.23       6.61 f
  u_calib_ctrl/intadd_2/U14/CO (ADDFX2)                   0.22       6.84 f
  u_calib_ctrl/intadd_2/U13/CO (ADDFHX1)                  0.21       7.04 f
  u_calib_ctrl/intadd_2/U12/CO (ADDFX2)                   0.23       7.27 f
  u_calib_ctrl/intadd_2/U11/CO (ADDFX2)                   0.23       7.50 f
  u_calib_ctrl/intadd_2/U10/CO (ADDFX2)                   0.23       7.73 f
  u_calib_ctrl/intadd_2/U9/CO (ADDFX2)                    0.23       7.96 f
  u_calib_ctrl/intadd_2/U8/CO (ADDFX2)                    0.23       8.19 f
  u_calib_ctrl/intadd_2/U7/CO (ADDFX2)                    0.23       8.42 f
  u_calib_ctrl/intadd_2/U6/CO (ADDFX2)                    0.23       8.65 f
  u_calib_ctrl/intadd_2/U5/CO (ADDFX2)                    0.22       8.87 f
  u_calib_ctrl/intadd_2/U4/S (ADDFHX1)                    0.23       9.11 f
  u_calib_ctrl/U66/Y (OR2X2)                              0.14       9.25 f
  u_calib_ctrl/temp_acc_reg[27]/D (DFFSX1)                0.00       9.25 f
  data arrival time                                                  9.25

  clock clk (rise edge)                                  10.00      10.00
  clock network delay (ideal)                             0.00      10.00
  clock uncertainty                                      -0.20       9.80
  u_calib_ctrl/temp_acc_reg[27]/CK (DFFSX1)               0.00       9.80 r
  library setup time                                     -0.15       9.65
  data required time                                                 9.65
  --------------------------------------------------------------------------
  data required time                                                 9.65
  data arrival time                                                 -9.25
  --------------------------------------------------------------------------
  slack (MET)                                                        0.40


  Startpoint: start_calib
              (input port clocked by clk)
  Endpoint: u_calib_ctrl/clk_gate_target_bit_reg/latch
            (negative level-sensitive latch clocked by clk)
  Path Group: clk
  Path Type: max

  Des/Clust/Port     Wire Load Model       Library
  ------------------------------------------------
  sar_digi_paper_core
                     smic18_wl10           typical

  Point                                                   Incr       Path
  --------------------------------------------------------------------------
  clock clk (rise edge)                                   0.00       0.00
  clock network delay (ideal)                             0.00       0.00
  input external delay                                    3.50       3.50 r
  start_calib (in)                                        0.00       3.50 r
  u_calib_ctrl/start_calib (sar_calib_ctrl_serial_20_30_16_32_5_256_1_1)
                                                          0.00       3.50 r
  u_calib_ctrl/U518/Y (NAND3X1)                           0.15       3.65 f
  u_calib_ctrl/U804/Y (AND2X4)                            0.37       4.01 f
  u_calib_ctrl/U1152/Y (NAND3X1)                          0.16       4.17 r
  u_calib_ctrl/clk_gate_target_bit_reg/EN (SNPS_CLOCK_GATE_HIGH_sar_calib_ctrl_serial_20_30_16_32_5_256_1_1_13)
                                                          0.00       4.17 r
  u_calib_ctrl/clk_gate_target_bit_reg/test_or/Y (OR2X2)
                                                          0.12       4.29 r
  u_calib_ctrl/clk_gate_target_bit_reg/latch/D (TLATNXL)
                                                          0.00       4.29 r
  data arrival time                                                  4.29

  clock clk (fall edge)                                   5.00       5.00
  clock network delay (ideal)                             0.00       5.00
  clock uncertainty                                      -0.20       4.80
  u_calib_ctrl/clk_gate_target_bit_reg/latch/GN (TLATNXL)
                                                          0.00       4.80 f
  time borrowed from endpoint                             0.00       4.80
  data required time                                                 4.80
  --------------------------------------------------------------------------
  data required time                                                 4.80
  data arrival time                                                 -4.29
  --------------------------------------------------------------------------
  slack (MET)                                                        0.51

  Time Borrowing Information
  --------------------------------------------------------------
  clk nominal pulse width                                 5.00   
  library setup time                                     -0.07   
  --------------------------------------------------------------
  max time borrow                                         4.93   
  actual time borrow                                      0.00   
  --------------------------------------------------------------


  Startpoint: srm_decision_valid
              (input port clocked by dec_clk)
  Endpoint: u_srm_residue/clk_gate_dec_ones_reg/latch
            (negative level-sensitive latch clocked by dec_clk)
  Path Group: dec_clk
  Path Type: max

  Des/Clust/Port     Wire Load Model       Library
  ------------------------------------------------
  sar_digi_paper_core
                     smic18_wl10           typical

  Point                                                   Incr       Path
  --------------------------------------------------------------------------
  clock dec_clk (rise edge)                               0.00       0.00
  clock network delay (ideal)                             0.00       0.00
  input external delay                                    1.05       1.05 f
  srm_decision_valid (in)                                 0.00       1.05 f
  u_srm_residue/decision_valid (srm_residue_estimator_DECISION_COUNT22_RESIDUE_WIDTH10_RES_FRAC8_SIGMA_Q8128_STALL_CYCLES64)
                                                          0.00       1.05 f
  u_srm_residue/U95/Y (NAND3X4)                           0.21       1.26 r
  u_srm_residue/U98/Y (INVX12)                            0.17       1.43 f
  u_srm_residue/U108/Y (OAI2BB1X2)                        0.13       1.56 f
  u_srm_residue/clk_gate_dec_ones_reg/EN (SNPS_CLOCK_GATE_HIGH_srm_residue_estimator_DECISION_COUNT22_RESIDUE_WIDTH10_RES_FRAC8_SIGMA_Q8128_STALL_CYCLES64_0)
                                                          0.00       1.56 f
  u_srm_residue/clk_gate_dec_ones_reg/test_or/Y (OR2X2)
                                                          0.15       1.71 f
  u_srm_residue/clk_gate_dec_ones_reg/latch/D (TLATNXL)
                                                          0.00       1.71 f
  data arrival time                                                  1.71

  clock dec_clk (fall edge)                               1.50       1.50
  clock network delay (ideal)                             0.00       1.50
  clock uncertainty                                      -0.06       1.44
  u_srm_residue/clk_gate_dec_ones_reg/latch/GN (TLATNXL)
                                                          0.00       1.44 f
  time borrowed from endpoint                             0.27       1.71
  data required time                                                 1.71
  --------------------------------------------------------------------------
  data required time                                                 1.71
  data arrival time                                                 -1.71
  --------------------------------------------------------------------------
  slack (MET)                                                        0.00

  Time Borrowing Information
  --------------------------------------------------------------
  dec_clk nominal pulse width                             1.50   
  library setup time                                     -0.06   
  --------------------------------------------------------------
  max time borrow                                         1.44   
  --------------------------------------------------------------
  actual time borrow                                      0.27   
  clock uncertainty                                      -0.06   
  --------------------------------------------------------------
  time given to startpoint                                0.21   
  --------------------------------------------------------------


  Startpoint: srm_decision_valid
              (input port clocked by dec_clk)
  Endpoint: u_srm_residue/clk_gate_dec_ones_reg/latch
            (negative level-sensitive latch clocked by dec_clk)
  Path Group: dec_clk
  Path Type: max

  Des/Clust/Port     Wire Load Model       Library
  ------------------------------------------------
  sar_digi_paper_core
                     smic18_wl10           typical

  Point                                                   Incr       Path
  --------------------------------------------------------------------------
  clock dec_clk (rise edge)                               0.00       0.00
  clock network delay (ideal)                             0.00       0.00
  input external delay                                    1.05       1.05 r
  srm_decision_valid (in)                                 0.00       1.05 r
  u_srm_residue/decision_valid (srm_residue_estimator_DECISION_COUNT22_RESIDUE_WIDTH10_RES_FRAC8_SIGMA_Q8128_STALL_CYCLES64)
                                                          0.00       1.05 r
  u_srm_residue/U95/Y (NAND3X4)                           0.15       1.20 f
  u_srm_residue/U98/Y (INVX12)                            0.21       1.40 r
  u_srm_residue/U108/Y (OAI2BB1X2)                        0.12       1.52 r
  u_srm_residue/clk_gate_dec_ones_reg/EN (SNPS_CLOCK_GATE_HIGH_srm_residue_estimator_DECISION_COUNT22_RESIDUE_WIDTH10_RES_FRAC8_SIGMA_Q8128_STALL_CYCLES64_0)
                                                          0.00       1.52 r
  u_srm_residue/clk_gate_dec_ones_reg/test_or/Y (OR2X2)
                                                          0.11       1.63 r
  u_srm_residue/clk_gate_dec_ones_reg/latch/D (TLATNXL)
                                                          0.00       1.63 r
  data arrival time                                                  1.63

  clock dec_clk (fall edge)                               1.50       1.50
  clock network delay (ideal)                             0.00       1.50
  clock uncertainty                                      -0.06       1.44
  u_srm_residue/clk_gate_dec_ones_reg/latch/GN (TLATNXL)
                                                          0.00       1.44 f
  time borrowed from endpoint                             0.19       1.63
  data required time                                                 1.63
  --------------------------------------------------------------------------
  data required time                                                 1.63
  data arrival time                                                 -1.63
  --------------------------------------------------------------------------
  slack (MET)                                                        0.00

  Time Borrowing Information
  --------------------------------------------------------------
  dec_clk nominal pulse width                             1.50   
  library setup time                                     -0.07   
  --------------------------------------------------------------
  max time borrow                                         1.43   
  --------------------------------------------------------------
  actual time borrow                                      0.19   
  clock uncertainty                                      -0.06   
  --------------------------------------------------------------
  time given to startpoint                                0.13   
  --------------------------------------------------------------


  Startpoint: srm_decision_valid
              (input port clocked by dec_clk)
  Endpoint: u_srm_residue/clk_gate_dec_total_reg/latch
            (negative level-sensitive latch clocked by dec_clk)
  Path Group: dec_clk
  Path Type: max

  Des/Clust/Port     Wire Load Model       Library
  ------------------------------------------------
  sar_digi_paper_core
                     smic18_wl10           typical

  Point                                                   Incr       Path
  --------------------------------------------------------------------------
  clock dec_clk (rise edge)                               0.00       0.00
  clock network delay (ideal)                             0.00       0.00
  input external delay                                    1.05       1.05 f
  srm_decision_valid (in)                                 0.00       1.05 f
  u_srm_residue/decision_valid (srm_residue_estimator_DECISION_COUNT22_RESIDUE_WIDTH10_RES_FRAC8_SIGMA_Q8128_STALL_CYCLES64)
                                                          0.00       1.05 f
  u_srm_residue/U95/Y (NAND3X4)                           0.21       1.26 r
  u_srm_residue/U107/Y (NAND2X1)                          0.08       1.34 f
  u_srm_residue/clk_gate_dec_total_reg/EN (SNPS_CLOCK_GATE_HIGH_srm_residue_estimator_DECISION_COUNT22_RESIDUE_WIDTH10_RES_FRAC8_SIGMA_Q8128_STALL_CYCLES64_4)
                                                          0.00       1.34 f
  u_srm_residue/clk_gate_dec_total_reg/test_or/Y (OR2X2)
                                                          0.16       1.50 f
  u_srm_residue/clk_gate_dec_total_reg/latch/D (TLATNXL)
                                                          0.00       1.50 f
  data arrival time                                                  1.50

  clock dec_clk (fall edge)                               1.50       1.50
  clock network delay (ideal)                             0.00       1.50
  clock uncertainty                                      -0.06       1.44
  u_srm_residue/clk_gate_dec_total_reg/latch/GN (TLATNXL)
                                                          0.00       1.44 f
  time borrowed from endpoint                             0.06       1.50
  data required time                                                 1.50
  --------------------------------------------------------------------------
  data required time                                                 1.50
  data arrival time                                                 -1.50
  --------------------------------------------------------------------------
  slack (MET)                                                        0.00

  Time Borrowing Information
  --------------------------------------------------------------
  dec_clk nominal pulse width                             1.50   
  library setup time                                     -0.06   
  --------------------------------------------------------------
  max time borrow                                         1.44   
  --------------------------------------------------------------
  actual time borrow                                      0.06   
  clock uncertainty                                      -0.06   
  --------------------------------------------------------------
  time given to startpoint                                0.00   
  --------------------------------------------------------------


  Startpoint: srm_decision_valid
              (input port clocked by dec_clk)
  Endpoint: u_srm_residue/clk_gate_dec_total_reg/latch
            (negative level-sensitive latch clocked by dec_clk)
  Path Group: dec_clk
  Path Type: max

  Des/Clust/Port     Wire Load Model       Library
  ------------------------------------------------
  sar_digi_paper_core
                     smic18_wl10           typical

  Point                                                   Incr       Path
  --------------------------------------------------------------------------
  clock dec_clk (rise edge)                               0.00       0.00
  clock network delay (ideal)                             0.00       0.00
  input external delay                                    1.05       1.05 r
  srm_decision_valid (in)                                 0.00       1.05 r
  u_srm_residue/decision_valid (srm_residue_estimator_DECISION_COUNT22_RESIDUE_WIDTH10_RES_FRAC8_SIGMA_Q8128_STALL_CYCLES64)
                                                          0.00       1.05 r
  u_srm_residue/U95/Y (NAND3X4)                           0.15       1.20 f
  u_srm_residue/U107/Y (NAND2X1)                          0.14       1.34 r
  u_srm_residue/clk_gate_dec_total_reg/EN (SNPS_CLOCK_GATE_HIGH_srm_residue_estimator_DECISION_COUNT22_RESIDUE_WIDTH10_RES_FRAC8_SIGMA_Q8128_STALL_CYCLES64_4)
                                                          0.00       1.34 r
  u_srm_residue/clk_gate_dec_total_reg/test_or/Y (OR2X2)
                                                          0.11       1.45 r
  u_srm_residue/clk_gate_dec_total_reg/latch/D (TLATNXL)
                                                          0.00       1.45 r
  data arrival time                                                  1.45

  clock dec_clk (fall edge)                               1.50       1.50
  clock network delay (ideal)                             0.00       1.50
  clock uncertainty                                      -0.06       1.44
  u_srm_residue/clk_gate_dec_total_reg/latch/GN (TLATNXL)
                                                          0.00       1.44 f
  time borrowed from endpoint                             0.01       1.45
  data required time                                                 1.45
  --------------------------------------------------------------------------
  data required time                                                 1.45
  data arrival time                                                 -1.45
  --------------------------------------------------------------------------
  slack (MET)                                                        0.00

  Time Borrowing Information
  --------------------------------------------------------------
  dec_clk nominal pulse width                             1.50   
  library setup time                                     -0.07   
  --------------------------------------------------------------
  max time borrow                                         1.43   
  --------------------------------------------------------------
  actual time borrow                                      0.01   
  clock uncertainty                                      -0.06   
  --------------------------------------------------------------
  time given to startpoint                               -0.05   
  --------------------------------------------------------------


  Startpoint: u_srm_residue/clk_gate_dec_ones_reg/latch
              (negative level-sensitive latch clocked by dec_clk)
  Endpoint: u_srm_residue/clk_gate_dec_ones_reg/main_gate
            (gating element for clock dec_clk)
  Path Group: dec_clk
  Path Type: max

  Des/Clust/Port     Wire Load Model       Library
  ------------------------------------------------
  sar_digi_paper_core
                     smic18_wl10           typical

  Point                                                   Incr       Path
  --------------------------------------------------------------------------
  clock dec_clk (fall edge)                               1.50       1.50
  clock network delay (ideal)                             0.00       1.50
  time given to startpoint                                0.21       1.71
  u_srm_residue/clk_gate_dec_ones_reg/latch/D (TLATNXL)
                                                          0.00       1.71 f
  u_srm_residue/clk_gate_dec_ones_reg/latch/Q (TLATNXL)
                                                          0.20       1.91 f
  u_srm_residue/clk_gate_dec_ones_reg/main_gate/A (AND2XL)
                                                          0.00       1.91 f
  data arrival time                                                  1.91

  clock dec_clk (rise edge)                               3.00       3.00
  clock network delay (ideal)                             0.00       3.00
  clock uncertainty                                      -0.06       2.94
  u_srm_residue/clk_gate_dec_ones_reg/main_gate/B (AND2XL)
                                                          0.00       2.94 r
  clock gating setup time                                 0.00       2.94
  data required time                                                 2.94
  --------------------------------------------------------------------------
  data required time                                                 2.94
  data arrival time                                                 -1.91
  --------------------------------------------------------------------------
  slack (MET)                                                        1.03


  Startpoint: u_srm_residue/clk_gate_dec_ones_reg/latch
              (negative level-sensitive latch clocked by dec_clk)
  Endpoint: u_srm_residue/clk_gate_dec_ones_reg/main_gate
            (gating element for clock dec_clk)
  Path Group: dec_clk
  Path Type: max

  Des/Clust/Port     Wire Load Model       Library
  ------------------------------------------------
  sar_digi_paper_core
                     smic18_wl10           typical

  Point                                                   Incr       Path
  --------------------------------------------------------------------------
  clock dec_clk (fall edge)                               1.50       1.50
  clock network delay (ideal)                             0.00       1.50
  u_srm_residue/clk_gate_dec_ones_reg/latch/GN (TLATNXL)
                                                          0.00       1.50 f
  u_srm_residue/clk_gate_dec_ones_reg/latch/Q (TLATNXL)
                                                          0.32       1.82 f
  u_srm_residue/clk_gate_dec_ones_reg/main_gate/A (AND2XL)
                                                          0.00       1.82 f
  data arrival time                                                  1.82

  clock dec_clk (rise edge)                               3.00       3.00
  clock network delay (ideal)                             0.00       3.00
  clock uncertainty                                      -0.06       2.94
  u_srm_residue/clk_gate_dec_ones_reg/main_gate/B (AND2XL)
                                                          0.00       2.94 r
  clock gating setup time                                 0.00       2.94
  data required time                                                 2.94
  --------------------------------------------------------------------------
  data required time                                                 2.94
  data arrival time                                                 -1.82
  --------------------------------------------------------------------------
  slack (MET)                                                        1.12


  Startpoint: u_srm_residue/clk_gate_dec_total_reg/latch
              (negative level-sensitive latch clocked by dec_clk)
  Endpoint: u_srm_residue/clk_gate_dec_total_reg/main_gate
            (gating element for clock dec_clk)
  Path Group: dec_clk
  Path Type: max

  Des/Clust/Port     Wire Load Model       Library
  ------------------------------------------------
  sar_digi_paper_core
                     smic18_wl10           typical

  Point                                                   Incr       Path
  --------------------------------------------------------------------------
  clock dec_clk (fall edge)                               1.50       1.50
  clock network delay (ideal)                             0.00       1.50
  u_srm_residue/clk_gate_dec_total_reg/latch/GN (TLATNXL)
                                                          0.00       1.50 f
  u_srm_residue/clk_gate_dec_total_reg/latch/Q (TLATNXL)
                                                          0.32       1.82 f
  u_srm_residue/clk_gate_dec_total_reg/main_gate/A (AND2XL)
                                                          0.00       1.82 f
  data arrival time                                                  1.82

  clock dec_clk (rise edge)                               3.00       3.00
  clock network delay (ideal)                             0.00       3.00
  clock uncertainty                                      -0.06       2.94
  u_srm_residue/clk_gate_dec_total_reg/main_gate/B (AND2XL)
                                                          0.00       2.94 r
  clock gating setup time                                 0.00       2.94
  data required time                                                 2.94
  --------------------------------------------------------------------------
  data required time                                                 2.94
  data arrival time                                                 -1.82
  --------------------------------------------------------------------------
  slack (MET)                                                        1.12


  Startpoint: u_srm_residue/clk_gate_dec_total_reg/latch
              (negative level-sensitive latch clocked by dec_clk)
  Endpoint: u_srm_residue/clk_gate_dec_total_reg/main_gate
            (gating element for clock dec_clk)
  Path Group: dec_clk
  Path Type: max

  Des/Clust/Port     Wire Load Model       Library
  ------------------------------------------------
  sar_digi_paper_core
                     smic18_wl10           typical

  Point                                                   Incr       Path
  --------------------------------------------------------------------------
  clock dec_clk (fall edge)                               1.50       1.50
  clock network delay (ideal)                             0.00       1.50
  u_srm_residue/clk_gate_dec_total_reg/latch/GN (TLATNXL)
                                                          0.00       1.50 f
  u_srm_residue/clk_gate_dec_total_reg/latch/Q (TLATNXL)
                                                          0.26       1.76 r
  u_srm_residue/clk_gate_dec_total_reg/main_gate/A (AND2XL)
                                                          0.00       1.76 r
  data arrival time                                                  1.76

  clock dec_clk (rise edge)                               3.00       3.00
  clock network delay (ideal)                             0.00       3.00
  clock uncertainty                                      -0.06       2.94
  u_srm_residue/clk_gate_dec_total_reg/main_gate/B (AND2XL)
                                                          0.00       2.94 r
  clock gating setup time                                 0.00       2.94
  data required time                                                 2.94
  --------------------------------------------------------------------------
  data required time                                                 2.94
  data arrival time                                                 -1.76
  --------------------------------------------------------------------------
  slack (MET)                                                        1.18


  Startpoint: u_srm_residue/dec_ones_reg[1]
              (rising edge-triggered flip-flop clocked by dec_clk)
  Endpoint: u_srm_residue/dec_ones_reg[4]
            (rising edge-triggered flip-flop clocked by dec_clk)
  Path Group: dec_clk
  Path Type: max

  Des/Clust/Port     Wire Load Model       Library
  ------------------------------------------------
  sar_digi_paper_core
                     smic18_wl10           typical

  Point                                                   Incr       Path
  --------------------------------------------------------------------------
  clock dec_clk (rise edge)                               0.00       0.00
  clock network delay (ideal)                             0.00       0.00
  u_srm_residue/dec_ones_reg[1]/CK (DFFSX1)               0.00       0.00 r
  u_srm_residue/dec_ones_reg[1]/QN (DFFSX1)               0.49       0.49 r
  u_srm_residue/U35/Y (NAND2X1)                           0.22       0.71 f
  u_srm_residue/U101/Y (NOR2X1)                           0.34       1.05 r
  u_srm_residue/U103/Y (NAND2X1)                          0.20       1.26 f
  u_srm_residue/U112/Y (AOI21X1)                          0.19       1.45 r
  u_srm_residue/U113/Y (OAI21XL)                          0.12       1.57 f
  u_srm_residue/dec_ones_reg[4]/D (DFFSX1)                0.00       1.57 f
  data arrival time                                                  1.57

  clock dec_clk (rise edge)                               3.00       3.00
  clock network delay (ideal)                             0.00       3.00
  clock uncertainty                                      -0.06       2.94
  u_srm_residue/dec_ones_reg[4]/CK (DFFSX1)               0.00       2.94 r
  library setup time                                     -0.17       2.77
  data required time                                                 2.77
  --------------------------------------------------------------------------
  data required time                                                 2.77
  data arrival time                                                 -1.57
  --------------------------------------------------------------------------
  slack (MET)                                                        1.20


  Startpoint: u_srm_residue/dec_total_reg[0]
              (rising edge-triggered flip-flop clocked by dec_clk)
  Endpoint: u_srm_residue/dec_total_reg[4]
            (rising edge-triggered flip-flop clocked by dec_clk)
  Path Group: dec_clk
  Path Type: max

  Des/Clust/Port     Wire Load Model       Library
  ------------------------------------------------
  sar_digi_paper_core
                     smic18_wl10           typical

  Point                                                   Incr       Path
  --------------------------------------------------------------------------
  clock dec_clk (rise edge)                               0.00       0.00
  clock network delay (ideal)                             0.00       0.00
  u_srm_residue/dec_total_reg[0]/CK (DFFSX1)              0.00       0.00 r
  u_srm_residue/dec_total_reg[0]/QN (DFFSX1)              0.49       0.49 r
  u_srm_residue/U33/Y (NAND2X1)                           0.20       0.69 f
  u_srm_residue/U99/Y (NOR2X1)                            0.34       1.02 r
  u_srm_residue/U105/Y (NAND2X1)                          0.20       1.23 f
  u_srm_residue/U110/Y (AOI21X1)                          0.19       1.42 r
  u_srm_residue/U111/Y (OAI21XL)                          0.12       1.54 f
  u_srm_residue/dec_total_reg[4]/D (DFFSX1)               0.00       1.54 f
  data arrival time                                                  1.54

  clock dec_clk (rise edge)                               3.00       3.00
  clock network delay (ideal)                             0.00       3.00
  clock uncertainty                                      -0.06       2.94
  u_srm_residue/dec_total_reg[4]/CK (DFFSX1)              0.00       2.94 r
  library setup time                                     -0.17       2.77
  data required time                                                 2.77
  --------------------------------------------------------------------------
  data required time                                                 2.77
  data arrival time                                                 -1.54
  --------------------------------------------------------------------------
  slack (MET)                                                        1.23


  Startpoint: u_srm_residue/dec_total_reg[1]
              (rising edge-triggered flip-flop clocked by dec_clk)
  Endpoint: u_srm_residue/dec_total_reg[4]
            (rising edge-triggered flip-flop clocked by dec_clk)
  Path Group: dec_clk
  Path Type: max

  Des/Clust/Port     Wire Load Model       Library
  ------------------------------------------------
  sar_digi_paper_core
                     smic18_wl10           typical

  Point                                                   Incr       Path
  --------------------------------------------------------------------------
  clock dec_clk (rise edge)                               0.00       0.00
  clock network delay (ideal)                             0.00       0.00
  u_srm_residue/dec_total_reg[1]/CK (DFFSX1)              0.00       0.00 r
  u_srm_residue/dec_total_reg[1]/QN (DFFSX1)              0.44       0.44 r
  u_srm_residue/U33/Y (NAND2X1)                           0.21       0.64 f
  u_srm_residue/U99/Y (NOR2X1)                            0.34       0.98 r
  u_srm_residue/U105/Y (NAND2X1)                          0.20       1.19 f
  u_srm_residue/U110/Y (AOI21X1)                          0.19       1.38 r
  u_srm_residue/U111/Y (OAI21XL)                          0.12       1.50 f
  u_srm_residue/dec_total_reg[4]/D (DFFSX1)               0.00       1.50 f
  data arrival time                                                  1.50

  clock dec_clk (rise edge)                               3.00       3.00
  clock network delay (ideal)                             0.00       3.00
  clock uncertainty                                      -0.06       2.94
  u_srm_residue/dec_total_reg[4]/CK (DFFSX1)              0.00       2.94 r
  library setup time                                     -0.17       2.77
  data required time                                                 2.77
  --------------------------------------------------------------------------
  data required time                                                 2.77
  data arrival time                                                 -1.50
  --------------------------------------------------------------------------
  slack (MET)                                                        1.28


  Startpoint: srm_decision_valid
              (input port clocked by dec_clk)
  Endpoint: u_srm_residue/dec_ones_reg[4]
            (rising edge-triggered flip-flop clocked by dec_clk)
  Path Group: dec_clk
  Path Type: max

  Des/Clust/Port     Wire Load Model       Library
  ------------------------------------------------
  sar_digi_paper_core
                     smic18_wl10           typical

  Point                                                   Incr       Path
  --------------------------------------------------------------------------
  clock dec_clk (rise edge)                               0.00       0.00
  clock network delay (ideal)                             0.00       0.00
  input external delay                                    1.05       1.05 r
  srm_decision_valid (in)                                 0.00       1.05 r
  u_srm_residue/decision_valid (srm_residue_estimator_DECISION_COUNT22_RESIDUE_WIDTH10_RES_FRAC8_SIGMA_Q8128_STALL_CYCLES64)
                                                          0.00       1.05 r
  u_srm_residue/U95/Y (NAND3X4)                           0.15       1.20 f
  u_srm_residue/U112/Y (AOI21X1)                          0.18       1.37 r
  u_srm_residue/U113/Y (OAI21XL)                          0.12       1.49 f
  u_srm_residue/dec_ones_reg[4]/D (DFFSX1)                0.00       1.49 f
  data arrival time                                                  1.49

  clock dec_clk (rise edge)                               3.00       3.00
  clock network delay (ideal)                             0.00       3.00
  clock uncertainty                                      -0.06       2.94
  u_srm_residue/dec_ones_reg[4]/CK (DFFSX1)               0.00       2.94 r
  library setup time                                     -0.17       2.77
  data required time                                                 2.77
  --------------------------------------------------------------------------
  data required time                                                 2.77
  data arrival time                                                 -1.49
  --------------------------------------------------------------------------
  slack (MET)                                                        1.28


  Startpoint: srm_decision_valid
              (input port clocked by dec_clk)
  Endpoint: u_srm_residue/dec_ones_reg[3]
            (rising edge-triggered flip-flop clocked by dec_clk)
  Path Group: dec_clk
  Path Type: max

  Des/Clust/Port     Wire Load Model       Library
  ------------------------------------------------
  sar_digi_paper_core
                     smic18_wl10           typical

  Point                                                   Incr       Path
  --------------------------------------------------------------------------
  clock dec_clk (rise edge)                               0.00       0.00
  clock network delay (ideal)                             0.00       0.00
  input external delay                                    1.05       1.05 r
  srm_decision_valid (in)                                 0.00       1.05 r
  u_srm_residue/decision_valid (srm_residue_estimator_DECISION_COUNT22_RESIDUE_WIDTH10_RES_FRAC8_SIGMA_Q8128_STALL_CYCLES64)
                                                          0.00       1.05 r
  u_srm_residue/U95/Y (NAND3X4)                           0.15       1.20 f
  u_srm_residue/U98/Y (INVX12)                            0.21       1.40 r
  u_srm_residue/U104/Y (OAI211X1)                         0.09       1.49 f
  u_srm_residue/dec_ones_reg[3]/D (DFFSX1)                0.00       1.49 f
  data arrival time                                                  1.49

  clock dec_clk (rise edge)                               3.00       3.00
  clock network delay (ideal)                             0.00       3.00
  clock uncertainty                                      -0.06       2.94
  u_srm_residue/dec_ones_reg[3]/CK (DFFSX1)               0.00       2.94 r
  library setup time                                     -0.17       2.77
  data required time                                                 2.77
  --------------------------------------------------------------------------
  data required time                                                 2.77
  data arrival time                                                 -1.49
  --------------------------------------------------------------------------
  slack (MET)                                                        1.28


  Startpoint: srm_decision_valid
              (input port clocked by dec_clk)
  Endpoint: u_srm_residue/dec_total_reg[3]
            (rising edge-triggered flip-flop clocked by dec_clk)
  Path Group: dec_clk
  Path Type: max

  Des/Clust/Port     Wire Load Model       Library
  ------------------------------------------------
  sar_digi_paper_core
                     smic18_wl10           typical

  Point                                                   Incr       Path
  --------------------------------------------------------------------------
  clock dec_clk (rise edge)                               0.00       0.00
  clock network delay (ideal)                             0.00       0.00
  input external delay                                    1.05       1.05 r
  srm_decision_valid (in)                                 0.00       1.05 r
  u_srm_residue/decision_valid (srm_residue_estimator_DECISION_COUNT22_RESIDUE_WIDTH10_RES_FRAC8_SIGMA_Q8128_STALL_CYCLES64)
                                                          0.00       1.05 r
  u_srm_residue/U95/Y (NAND3X4)                           0.15       1.20 f
  u_srm_residue/U98/Y (INVX12)                            0.21       1.40 r
  u_srm_residue/U106/Y (OAI211X1)                         0.09       1.49 f
  u_srm_residue/dec_total_reg[3]/D (DFFSX1)               0.00       1.49 f
  data arrival time                                                  1.49

  clock dec_clk (rise edge)                               3.00       3.00
  clock network delay (ideal)                             0.00       3.00
  clock uncertainty                                      -0.06       2.94
  u_srm_residue/dec_total_reg[3]/CK (DFFSX1)              0.00       2.94 r
  library setup time                                     -0.17       2.77
  data required time                                                 2.77
  --------------------------------------------------------------------------
  data required time                                                 2.77
  data arrival time                                                 -1.49
  --------------------------------------------------------------------------
  slack (MET)                                                        1.28


  Startpoint: srm_decision_valid
              (input port clocked by dec_clk)
  Endpoint: u_srm_residue/dec_ones_reg[2]
            (rising edge-triggered flip-flop clocked by dec_clk)
  Path Group: dec_clk
  Path Type: max

  Des/Clust/Port     Wire Load Model       Library
  ------------------------------------------------
  sar_digi_paper_core
                     smic18_wl10           typical

  Point                                                   Incr       Path
  --------------------------------------------------------------------------
  clock dec_clk (rise edge)                               0.00       0.00
  clock network delay (ideal)                             0.00       0.00
  input external delay                                    1.05       1.05 r
  srm_decision_valid (in)                                 0.00       1.05 r
  u_srm_residue/decision_valid (srm_residue_estimator_DECISION_COUNT22_RESIDUE_WIDTH10_RES_FRAC8_SIGMA_Q8128_STALL_CYCLES64)
                                                          0.00       1.05 r
  u_srm_residue/U95/Y (NAND3X4)                           0.15       1.20 f
  u_srm_residue/U98/Y (INVX12)                            0.21       1.40 r
  u_srm_residue/U102/Y (NAND2X1)                          0.07       1.47 f
  u_srm_residue/dec_ones_reg[2]/D (DFFSX1)                0.00       1.47 f
  data arrival time                                                  1.47

  clock dec_clk (rise edge)                               3.00       3.00
  clock network delay (ideal)                             0.00       3.00
  clock uncertainty                                      -0.06       2.94
  u_srm_residue/dec_ones_reg[2]/CK (DFFSX1)               0.00       2.94 r
  library setup time                                     -0.16       2.78
  data required time                                                 2.78
  --------------------------------------------------------------------------
  data required time                                                 2.78
  data arrival time                                                 -1.47
  --------------------------------------------------------------------------
  slack (MET)                                                        1.31


  Startpoint: srm_decision_valid
              (input port clocked by dec_clk)
  Endpoint: u_srm_residue/dec_total_reg[2]
            (rising edge-triggered flip-flop clocked by dec_clk)
  Path Group: dec_clk
  Path Type: max

  Des/Clust/Port     Wire Load Model       Library
  ------------------------------------------------
  sar_digi_paper_core
                     smic18_wl10           typical

  Point                                                   Incr       Path
  --------------------------------------------------------------------------
  clock dec_clk (rise edge)                               0.00       0.00
  clock network delay (ideal)                             0.00       0.00
  input external delay                                    1.05       1.05 r
  srm_decision_valid (in)                                 0.00       1.05 r
  u_srm_residue/decision_valid (srm_residue_estimator_DECISION_COUNT22_RESIDUE_WIDTH10_RES_FRAC8_SIGMA_Q8128_STALL_CYCLES64)
                                                          0.00       1.05 r
  u_srm_residue/U95/Y (NAND3X4)                           0.15       1.20 f
  u_srm_residue/U98/Y (INVX12)                            0.21       1.40 r
  u_srm_residue/U100/Y (NAND2X1)                          0.07       1.47 f
  u_srm_residue/dec_total_reg[2]/D (DFFSX1)               0.00       1.47 f
  data arrival time                                                  1.47

  clock dec_clk (rise edge)                               3.00       3.00
  clock network delay (ideal)                             0.00       3.00
  clock uncertainty                                      -0.06       2.94
  u_srm_residue/dec_total_reg[2]/CK (DFFSX1)              0.00       2.94 r
  library setup time                                     -0.16       2.78
  data required time                                                 2.78
  --------------------------------------------------------------------------
  data required time                                                 2.78
  data arrival time                                                 -1.47
  --------------------------------------------------------------------------
  slack (MET)                                                        1.31


  Startpoint: srm_decision_valid
              (input port clocked by dec_clk)
  Endpoint: u_srm_residue/dec_total_reg[0]
            (rising edge-triggered flip-flop clocked by dec_clk)
  Path Group: dec_clk
  Path Type: max

  Des/Clust/Port     Wire Load Model       Library
  ------------------------------------------------
  sar_digi_paper_core
                     smic18_wl10           typical

  Point                                                   Incr       Path
  --------------------------------------------------------------------------
  clock dec_clk (rise edge)                               0.00       0.00
  clock network delay (ideal)                             0.00       0.00
  input external delay                                    1.05       1.05 r
  srm_decision_valid (in)                                 0.00       1.05 r
  u_srm_residue/decision_valid (srm_residue_estimator_DECISION_COUNT22_RESIDUE_WIDTH10_RES_FRAC8_SIGMA_Q8128_STALL_CYCLES64)
                                                          0.00       1.05 r
  u_srm_residue/U95/Y (NAND3X4)                           0.15       1.20 f
  u_srm_residue/U98/Y (INVX12)                            0.21       1.40 r
  u_srm_residue/U109/Y (NAND2BX1)                         0.07       1.47 f
  u_srm_residue/dec_total_reg[0]/D (DFFSX1)               0.00       1.47 f
  data arrival time                                                  1.47

  clock dec_clk (rise edge)                               3.00       3.00
  clock network delay (ideal)                             0.00       3.00
  clock uncertainty                                      -0.06       2.94
  u_srm_residue/dec_total_reg[0]/CK (DFFSX1)              0.00       2.94 r
  library setup time                                     -0.16       2.78
  data required time                                                 2.78
  --------------------------------------------------------------------------
  data required time                                                 2.78
  data arrival time                                                 -1.47
  --------------------------------------------------------------------------
  slack (MET)                                                        1.31


  Startpoint: srm_decision_valid
              (input port clocked by dec_clk)
  Endpoint: u_srm_residue/dec_ones_reg[0]
            (rising edge-triggered flip-flop clocked by dec_clk)
  Path Group: dec_clk
  Path Type: max

  Des/Clust/Port     Wire Load Model       Library
  ------------------------------------------------
  sar_digi_paper_core
                     smic18_wl10           typical

  Point                                                   Incr       Path
  --------------------------------------------------------------------------
  clock dec_clk (rise edge)                               0.00       0.00
  clock network delay (ideal)                             0.00       0.00
  input external delay                                    1.05       1.05 r
  srm_decision_valid (in)                                 0.00       1.05 r
  u_srm_residue/decision_valid (srm_residue_estimator_DECISION_COUNT22_RESIDUE_WIDTH10_RES_FRAC8_SIGMA_Q8128_STALL_CYCLES64)
                                                          0.00       1.05 r
  u_srm_residue/U95/Y (NAND3X4)                           0.15       1.20 f
  u_srm_residue/U98/Y (INVX12)                            0.21       1.40 r
  u_srm_residue/U3/Y (NAND2BX1)                           0.07       1.47 f
  u_srm_residue/dec_ones_reg[0]/D (DFFSX1)                0.00       1.47 f
  data arrival time                                                  1.47

  clock dec_clk (rise edge)                               3.00       3.00
  clock network delay (ideal)                             0.00       3.00
  clock uncertainty                                      -0.06       2.94
  u_srm_residue/dec_ones_reg[0]/CK (DFFSX1)               0.00       2.94 r
  library setup time                                     -0.16       2.78
  data required time                                                 2.78
  --------------------------------------------------------------------------
  data required time                                                 2.78
  data arrival time                                                 -1.47
  --------------------------------------------------------------------------
  slack (MET)                                                        1.31


  Startpoint: srm_decision_valid
              (input port clocked by dec_clk)
  Endpoint: u_srm_residue/dec_total_reg[3]
            (rising edge-triggered flip-flop clocked by dec_clk)
  Path Group: dec_clk
  Path Type: max

  Des/Clust/Port     Wire Load Model       Library
  ------------------------------------------------
  sar_digi_paper_core
                     smic18_wl10           typical

  Point                                                   Incr       Path
  --------------------------------------------------------------------------
  clock dec_clk (rise edge)                               0.00       0.00
  clock network delay (ideal)                             0.00       0.00
  input external delay                                    1.05       1.05 f
  srm_decision_valid (in)                                 0.00       1.05 f
  u_srm_residue/decision_valid (srm_residue_estimator_DECISION_COUNT22_RESIDUE_WIDTH10_RES_FRAC8_SIGMA_Q8128_STALL_CYCLES64)
                                                          0.00       1.05 f
  u_srm_residue/U95/Y (NAND3X4)                           0.21       1.26 r
  u_srm_residue/U98/Y (INVX12)                            0.17       1.43 f
  u_srm_residue/U106/Y (OAI211X1)                         0.10       1.53 r
  u_srm_residue/dec_total_reg[3]/D (DFFSX1)               0.00       1.53 r
  data arrival time                                                  1.53

  clock dec_clk (rise edge)                               3.00       3.00
  clock network delay (ideal)                             0.00       3.00
  clock uncertainty                                      -0.06       2.94
  u_srm_residue/dec_total_reg[3]/CK (DFFSX1)              0.00       2.94 r
  library setup time                                     -0.07       2.87
  data required time                                                 2.87
  --------------------------------------------------------------------------
  data required time                                                 2.87
  data arrival time                                                 -1.53
  --------------------------------------------------------------------------
  slack (MET)                                                        1.34


  Startpoint: srm_decision_valid
              (input port clocked by dec_clk)
  Endpoint: u_srm_residue/dec_ones_reg[3]
            (rising edge-triggered flip-flop clocked by dec_clk)
  Path Group: dec_clk
  Path Type: max

  Des/Clust/Port     Wire Load Model       Library
  ------------------------------------------------
  sar_digi_paper_core
                     smic18_wl10           typical

  Point                                                   Incr       Path
  --------------------------------------------------------------------------
  clock dec_clk (rise edge)                               0.00       0.00
  clock network delay (ideal)                             0.00       0.00
  input external delay                                    1.05       1.05 f
  srm_decision_valid (in)                                 0.00       1.05 f
  u_srm_residue/decision_valid (srm_residue_estimator_DECISION_COUNT22_RESIDUE_WIDTH10_RES_FRAC8_SIGMA_Q8128_STALL_CYCLES64)
                                                          0.00       1.05 f
  u_srm_residue/U95/Y (NAND3X4)                           0.21       1.26 r
  u_srm_residue/U98/Y (INVX12)                            0.17       1.43 f
  u_srm_residue/U104/Y (OAI211X1)                         0.10       1.53 r
  u_srm_residue/dec_ones_reg[3]/D (DFFSX1)                0.00       1.53 r
  data arrival time                                                  1.53

  clock dec_clk (rise edge)                               3.00       3.00
  clock network delay (ideal)                             0.00       3.00
  clock uncertainty                                      -0.06       2.94
  u_srm_residue/dec_ones_reg[3]/CK (DFFSX1)               0.00       2.94 r
  library setup time                                     -0.07       2.87
  data required time                                                 2.87
  --------------------------------------------------------------------------
  data required time                                                 2.87
  data arrival time                                                 -1.53
  --------------------------------------------------------------------------
  slack (MET)                                                        1.34


1
